Drug 1,Drug 2,Label
Phenytoin,Zuclopenthixol,0
Everolimus,Atomoxetine,0
Diclofenac,Torasemide,0
Topotecan,Omeprazole,0
Alprenolol,Teriflunomide,0
Tolazamide,Levofloxacin,1
Donepezil,Terbinafine,0
Benzphetamine,Olanzapine,0
Bupropion,Fluconazole,0
Tamoxifen,Zafirlukast,0
Theophylline,Rosiglitazone,0
Paliperidone,Chloroquine,1
Yohimbine,Chloroquine,0
Naloxegol,Enalapril,0
Methadone,Sulfisoxazole,1
Betaxolol,Propafenone,0
Asenapine,Tolbutamide,0
Mirtazapine,Hydroxyzine,1
Aliskiren,Olaparib,0
Bumetanide,Enalaprilat,0
Zuclopenthixol,Pazopanib,1
Fosphenytoin,Ambrisentan,0
Mycophenolate mofetil,Chlorothiazide,0
Hexobarbital,Chlorothiazide,0
Nicardipine,Ritonavir,0
Artemether,Ropinirole,0
Silodosin,Sorafenib,0
Nicotine,Methotrimeprazine,0
Verapamil,Duloxetine,0
Daunorubicin,Dasatinib,0
Donepezil,Quinidine,0
Dronedarone,Atenolol,1
Rotigotine,Aprepitant,0
Diltiazem,Ritonavir,0
Venlafaxine,Terbinafine,0
Bosutinib,Nilotinib,0
Trimipramine,Sorafenib,0
Panobinostat,Sulfamethoxazole,1
Rifampicin,Rucaparib,0
Metamfetamine,Droperidol,0
Balsalazide,Nafamostat,1
Etoricoxib,Valsartan,0
Lidocaine,Bupropion,0
Nortriptyline,Esomeprazole,0
Phenobarbital,Etoricoxib,0
Theophylline,Ceritinib,0
Pazopanib,Fluvastatin,1
Pentobarbital,Telaprevir,0
Dabrafenib,Acetylsalicylic acid,0
Tramadol,Fosamprenavir,0
Olopatadine,Dronedarone,0
Levodopa,Sodium oxybate,1
Isavuconazonium,Ziprasidone,0
Estrone,Lidocaine,0
Furazolidone,Bendroflumethiazide,0
Phenobarbital,Metyrosine,0
Saxagliptin,Valproic acid,0
Lumacaftor,Ximelagatran,0
Granisetron,Doxepin,1
Dihydroergotamine,Doxycycline,0
Estrone,Doxorubicin,0
Tolbutamide,Efavirenz,0
Rasagiline,Azithromycin,0
Balsalazide,Celecoxib,1
Diphenhydramine,Dosulepin,0
Donepezil,Gemfibrozil,0
Acemetacin,Metolazone,0
Pravastatin,Osimertinib,0
Buspirone,Fluconazole,0
Pimozide,Tapentadol,1
Silodosin,Netupitant,0
Tofacitinib,Dasatinib,0
Phenelzine,Polythiazide,0
Bosentan,Clopidogrel,0
Ziprasidone,Gemifloxacin,1
Desipramine,Ixazomib,0
Ranolazine,Propafenone,0
Pentobarbital,Riociguat,0
Quazepam,Minocycline,1
Nilotinib,Doxycycline,0
Rifampicin,Midostaurin,0
Alfuzosin,Dorzolamide,0
Sitagliptin,Mifepristone,0
Cabergoline,Alprenolol,0
Azelastine,Fusidic acid,0
Betaxolol,Zileuton,0
Chlorpropamide,Nelfinavir,0
Tofacitinib,Osimertinib,0
Iloperidone,Chlorpropamide,0
Lumiracoxib,Theophylline,0
Polythiazide,Tolbutamide,0
Pimozide,Indinavir,0
Clozapine,Erythromycin,0
Everolimus,Testosterone,0
Buprenorphine,Lobeglitazone,0
Silodosin,Nelfinavir,0
Orphenadrine,Iloperidone,1
Carvedilol,Balsalazide,0
Pravastatin,Ketoconazole,0
Pargyline,Guanfacine,0
Carvedilol,Thioridazine,0
Colchicine,Progesterone,0
Penbutolol,Doxazosin,0
Diphenhydramine,Sulfadiazine,0
Disopyramide,Galantamine,1
Topotecan,Idelalisib,0
Bosentan,Buprenorphine,0
Desipramine,Tapentadol,1
Rifapentine,Terbinafine,0
Secobarbital,Tolbutamide,0
Fluoxetine,Dabigatran etexilate,0
Anagrelide,Aripiprazole,1
Amiodarone,Gemifloxacin,1
Ibrutinib,Citalopram,0
Celiprolol,Zileuton,0
Pimozide,Clomipramine,1
Topotecan,Sertraline,0
Tamoxifen,Isradipine,0
Artemether,Amitriptyline,1
Quinidine,Arformoterol,1
Guanfacine,Stiripentol,0
Mianserin,Cocaine,0
Mitotane,Isavuconazonium,0
Ranolazine,Bepridil,0
Desvenlafaxine,Fusidic acid,0
Alogliptin,Ethinylestradiol,0
Hexobarbital,Doxycycline,0
Duloxetine,Fluoxetine,0
Aliskiren,Telaprevir,0
Bosentan,Enalapril,0
Ledipasvir,Rifampicin,0
Ethanol,Lopinavir,0
Sildenafil,Quinidine,0
Ubidecarenone,Manidipine,0
Phenobarbital,Idarubicin,0
Doxazosin,Polythiazide,0
Tolazamide,Celiprolol,1
Lumiracoxib,Indinavir,0
Amobarbital,Isradipine,0
Lumiracoxib,Escitalopram,0
Lumacaftor,Rivaroxaban,0
Doxorubicin,Ketoconazole,0
Enalapril,Enalaprilat,0
Treprostinil,Moexipril,0
Pantoprazole,Nelfinavir,0
Levomilnacipran,Lumacaftor,0
Galantamine,Atazanavir,0
Selegiline,Lapatinib,0
Amitriptyline,Sulfadiazine,0
Primaquine,Sertraline,1
Bepridil,Clopidogrel,0
Glimepiride,Tranylcypromine,1
Glimepiride,Crisaborole,0
Trimethoprim,Fluconazole,0
Dabrafenib,Canagliflozin,0
Pregabalin,Aripiprazole,0
Escitalopram,Idelalisib,0
Enalapril,Telithromycin,0
Phenobarbital,Cyclophosphamide,0
Nateglinide,Chlorpropamide,1
Dabigatran etexilate,Apixaban,1
Pentamidine,Modafinil,0
Tizanidine,Protriptyline,0
Ropinirole,Lobeglitazone,0
Clozapine,Mifepristone,1
Pioglitazone,Cholecalciferol,0
Betaxolol,Darifenacin,0
Antipyrine,Quinethazone,0
Prochlorperazine,Diphenhydramine,0
Digoxin,Afatinib,0
Primidone,Clobazam,0
Thioridazine,Lercanidipine,0
Zafirlukast,Voriconazole,0
Olanzapine,Abiraterone,0
Propofol,Diphenhydramine,0
Tipranavir,Simeprevir,0
Artemether,Tranylcypromine,0
Ondansetron,Formoterol,1
Ethanol,Midostaurin,0
Methohexital,Protriptyline,0
Perphenazine,Citalopram,0
Cinacalcet,Zucapsaicin,0
Betaxolol,Crizotinib,1
Mirabegron,Diltiazem,0
Doxazosin,Chloroquine,0
Sildenafil,Chlorthalidone,0
Saxagliptin,Clarithromycin,0
Pravastatin,Doxorubicin,0
Artemether,Estrone sulfate,0
Vardenafil,Fosamprenavir,0
Canagliflozin,Itraconazole,0
Protriptyline,Dabigatran etexilate,0
Doxazosin,Ambrisentan,0
Conivaptan,Ethanol,0
Phenobarbital,Fesoterodine,0
Acetylsalicylic acid,Teriflunomide,0
Selegiline,Theophylline,0
Deferasirox,Palbociclib,0
Nilotinib,Rolapitant,0
Amobarbital,Irbesartan,0
Hydrocodone,Nilotinib,0
Testosterone,Leflunomide,0
Escitalopram,Stiripentol,0
Bisoprolol,Mesalazine,0
Iloperidone,Sertraline,1
Aprepitant,Glimepiride,0
Rosuvastatin,Fosamprenavir,0
Teriflunomide,Imipramine,0
Metipranolol,Fingolimod,1
Phenobarbital,Ritonavir,0
Doxepin,Fosamprenavir,0
Moclobemide,Lercanidipine,0
Secobarbital,Selexipag,0
Cyproterone acetate,Sitagliptin,0
Fosphenytoin,Artemether,0
Crizotinib,Telithromycin,0
Lumacaftor,Estrone sulfate,0
Ticlopidine,Darunavir,0
Glipizide,Pargyline,1
Sildenafil,Macitentan,0
Edoxaban,Clarithromycin,0
Artemether,Arformoterol,1
Hexobarbital,Gemfibrozil,0
Bisoprolol,Enalaprilat,0
Enzalutamide,Etravirine,0
Epinastine,Dosulepin,0
Ondansetron,Dronedarone,0
Formoterol,Ketoconazole,0
Thalidomide,Cimetidine,0
Ropinirole,Bisoprolol,1
Olanzapine,Midostaurin,0
Azelastine,Lobeglitazone,0
Bromocriptine,Doxepin,0
Quinidine,Pioglitazone,0
Cilostazol,Cimetidine,0
Idarubicin,Mifepristone,0
Enzalutamide,Efavirenz,0
Ergotamine,Fusidic acid,0
Phenytoin,Antipyrine,0
Captopril,Clobazam,0
Paraldehyde,Aripiprazole,1
Thiamylal,Omeprazole,0
Tizanidine,Magnesium sulfate,1
Posaconazole,Fesoterodine,0
Fluvoxamine,Pargyline,1
Methotrimeprazine,Amoxapine,1
Hexobarbital,Nabilone,1
Rivaroxaban,Teriflunomide,1
Rifaximin,Amprenavir,0
Doxazosin,Ziprasidone,0
Rosuvastatin,Ceritinib,0
Nilotinib,Telaprevir,0
Azelastine,Netupitant,0
Bosutinib,Posaconazole,0
Protriptyline,Ixazomib,0
Rosiglitazone,Omeprazole,0
Vardenafil,Ambrisentan,0
Ziprasidone,Sotalol,1
Digoxin,Lumiracoxib,0
Bupropion,Fosaprepitant,0
Rilpivirine,Iloperidone,0
Rifapentine,Yohimbine,0
Nilotinib,Cyclosporine,0
Trichlormethiazide,Methylphenidate,0
Tolazamide,Duloxetine,1
Zuclopenthixol,Dasatinib,1
Paraldehyde,Azelastine,1
Methohexital,Esmolol,0
Levofloxacin,Olanzapine,1
Betaxolol,Silodosin,0
Perampanel,Indinavir,0
Tacrolimus,Idelalisib,0
Hydrocodone,Clomipramine,1
Efavirenz,Telithromycin,0
Sulfamethoxazole,Lobeglitazone,0
Celecoxib,Isavuconazonium,0
Ambrisentan,Fosaprepitant,0
Citalopram,Crizotinib,0
Paroxetine,Clobazam,0
Dronabinol,Modafinil,0
Celecoxib,Lopinavir,0
Captopril,Ropinirole,0
Loratadine,Darunavir,0
Rifabutin,Terbinafine,0
Celiprolol,Chloroquine,0
Antipyrine,Valproic acid,0
Carvedilol,Deslanoside,1
Thiamylal,Furosemide,0
Quinine,Clotrimazole,0
Methylphenidate,Dronedarone,0
Esomeprazole,Nilotinib,0
Nortriptyline,Losartan,0
Nebivolol,Nilotinib,0
Cyclobenzaprine,Dabigatran etexilate,0
Apixaban,Telaprevir,0
Lovastatin,Atomoxetine,0
Pimozide,Ketoconazole,0
Rifapentine,Eliglustat,0
Promethazine,Methylphenidate,0
Methohexital,Minocycline,1
Metipranolol,Celecoxib,0
Epoprostenol,Leflunomide,0
Atenolol,Macitentan,0
Mitotane,Deslanoside,0
Acebutolol,Olsalazine,0
Glipizide,Luliconazole,0
Promazine,Gemfibrozil,0
Rosiglitazone,Irbesartan,0
Primidone,Seratrodast,0
Aminophylline,Indinavir,0
Argatroban,Palbociclib,0
Asenapine,Luliconazole,0
Vardenafil,Lopinavir,0
Lorcaserin,Azithromycin,0
Deferasirox,Rosuvastatin,0
Disopyramide,Zuclopenthixol,1
Doxepin,Luliconazole,0
Ivacaftor,Ranolazine,0
Rifabutin,Atomoxetine,0
Oxprenolol,Nabilone,1
Loratadine,Nefazodone,0
Telithromycin,Promethazine,1
Benzphetamine,Phenobarbital,0
Nebivolol,Imipramine,0
Doxylamine,Minaprine,0
Pregabalin,Olopatadine,0
Digoxin,Balsalazide,0
Tizanidine,Theophylline,0
Cyclophosphamide,Fusidic acid,0
Buprenorphine,Thioridazine,1
Omeprazole,Clopidogrel,0
Mirtazapine,Phenobarbital,1
Panobinostat,Amiodarone,0
Paroxetine,Cinacalcet,0
Ethanol,Thiamylal,1
Erythromycin,Boceprevir,0
Cyproterone acetate,Pentamidine,0
Edoxaban,Acetylsalicylic acid,1
Vardenafil,Metoprolol,0
Naloxegol,Simvastatin,0
Rifampicin,Deferasirox,0
Bosentan,Netupitant,0
Ledipasvir,Imatinib,0
Pentobarbital,Zileuton,0
Saquinavir,Delavirdine,0
Mesalazine,Antipyrine,1
Chlorpromazine,Celecoxib,0
Mycophenolate mofetil,Atomoxetine,0
Methylphenobarbital,Quazepam,0
Deferasirox,Etoricoxib,0
Gemfibrozil,Itraconazole,0
Ibrutinib,Manidipine,0
Metoprolol,Digitoxin,1
Secobarbital,Selegiline,0
Imatinib,Dronedarone,0
Cyproterone acetate,Caffeine,0
Rolapitant,Doxycycline,0
Dolasetron,Doxepin,1
Clozapine,Fluvoxamine,0
Mirtazapine,Telithromycin,0
Tizanidine,Enalaprilat,0
Thioridazine,Azelastine,0
Thioridazine,Metamfetamine,0
Phenobarbital,Rosuvastatin,0
Enzalutamide,Ivacaftor,0
Naloxegol,Dronabinol,0
Ondansetron,Hydroxyzine,1
Midostaurin,Atazanavir,0
Nilvadipine,Voriconazole,0
Fluoxetine,Fusidic acid,0
Phenoxybenzamine,Fusidic acid,0
Trimethoprim,Dabigatran etexilate,0
Tapentadol,Nilotinib,0
Mitotane,Everolimus,0
Enzalutamide,Fosaprepitant,0
Tamoxifen,Digoxin,0
Phenobarbital,Dolasetron,0
Buprenorphine,Tramadol,1
Bosutinib,Fluvoxamine,0
Galantamine,Acebutolol,1
Meloxicam,Polythiazide,0
Escitalopram,Lithium cation,1
Primidone,Tapentadol,1
Paliperidone,Carvedilol,1
Ondansetron,Fluconazole,0
Bupropion,Rosiglitazone,0
Omeprazole,Clarithromycin,0
Tofacitinib,Moclobemide,0
Nefazodone,Betaxolol,0
Progesterone,Olaparib,0
Quinine,Telithromycin,0
Estrone,Zucapsaicin,0
Ximelagatran,Zileuton,1
Isradipine,Indinavir,0
Bepridil,Polythiazide,0
Pirlindole,Bendroflumethiazide,0
Nicorandil,Rotigotine,0
Brimonidine,Ambrisentan,0
Amitriptyline,Lopinavir,0
Nefazodone,Aprepitant,0
Epoprostenol,Amiodarone,0
Zileuton,Fosaprepitant,0
Alprenolol,Celecoxib,0
Rosiglitazone,Citalopram,1
Promazine,Fusidic acid,0
Rotigotine,Mifepristone,0
Apixaban,Lovastatin,0
Sitagliptin,Amiodarone,0
Carteolol,Cobicistat,0
Sitagliptin,Abiraterone,0
Esomeprazole,Pazopanib,0
Propofol,Tamoxifen,0
Methohexital,Sotalol,0
Ondansetron,Ketoconazole,0
Tranylcypromine,Torasemide,0
Thioridazine,Bortezomib,0
Olopatadine,Etacrynic acid,0
Rifampicin,Rolapitant,0
Carteolol,Clobazam,0
Mianserin,Netupitant,0
Ethanol,Delavirdine,0
Carbamazepine,Risperidone,0
Betaxolol,Seratrodast,0
Guanfacine,Dronedarone,0
Lorcaserin,Clarithromycin,0
Cocaine,Nabilone,1
Fingolimod,Tipranavir,0
Nevirapine,Fusidic acid,0
Olsalazine,Bendroflumethiazide,0
Mianserin,Metamfetamine,0
Ciprofloxacin,Erythromycin,1
Minaprine,Bepridil,0
Rilpivirine,Imatinib,0
Perphenazine,Penbutolol,0
Chloroquine,Promazine,1
Arformoterol,Cimetidine,0
Atomoxetine,Bupropion,0
Quinidine,Cyclobenzaprine,1
Phenoxybenzamine,Clotrimazole,0
Simvastatin,Argatroban,0
Mitotane,Repaglinide,0
Balsalazide,Trichlormethiazide,0
Doxepin,Magnesium sulfate,1
Hydrocodone,Metamfetamine,0
Secobarbital,Ondansetron,0
Azelastine,Isavuconazonium,0
Carvedilol,Netupitant,0
Lorcaserin,Atomoxetine,0
Phenprocoumon,Phenindione,1
Tolterodine,Nefazodone,0
Zuclopenthixol,Nilotinib,0
Brimonidine,Bosentan,0
Cholecalciferol,Tamoxifen,0
Prochlorperazine,Fluvoxamine,0
Bumetanide,Alogliptin,0
Theophylline,Isavuconazonium,0
Imatinib,Fesoterodine,0
Delavirdine,Ceritinib,0
Rifaximin,Betaxolol,0
Dextroamphetamine,Midostaurin,0
Voriconazole,Fesoterodine,0
Voriconazole,Fusidic acid,0
Nilotinib,Formoterol,1
Quinidine,Posaconazole,0
Netupitant,Stiripentol,0
Anagrelide,Eliglustat,1
Minaprine,Tolterodine,0
Dofetilide,Simeprevir,0
Paliperidone,Esmolol,1
Dolasetron,Nelfinavir,0
Clopidogrel,Vemurafenib,0
Vemurafenib,Minaprine,1
Methylphenobarbital,Nelfinavir,0
Ethanol,Phenindione,0
Granisetron,Cocaine,0
Rolapitant,Ziprasidone,0
Mianserin,Posaconazole,0
Nevirapine,Fosaprepitant,0
Methotrimeprazine,Dosulepin,0
Idarubicin,Clomipramine,0
Antipyrine,Rucaparib,0
Alfuzosin,Hydroflumethiazide,0
Methohexital,Amoxapine,0
Omeprazole,Lumacaftor,0
Rifapentine,Cisapride,0
Phenytoin,Cinacalcet,0
Ziprasidone,Minocycline,1
Yohimbine,Aprepitant,0
Seratrodast,Cimetidine,0
Carbamazepine,Timolol,0
Selegiline,Mexiletine,0
Secobarbital,Nevirapine,0
Gemifloxacin,Propofol,1
Rifaximin,Idelalisib,0
Bosentan,Sevoflurane,0
Citalopram,Buspirone,1
Thioridazine,Darifenacin,0
Olanzapine,Pargyline,1
Donepezil,Oxprenolol,1
Thiopental,Furosemide,0
Amprenavir,Posaconazole,0
Carteolol,Duloxetine,0
Artemether,Isavuconazonium,0
Amphetamine,Carvedilol,0
Pindolol,Nilvadipine,0
Trichlormethiazide,Nitrendipine,0
Promazine,Arformoterol,1
Benzphetamine,Indinavir,0
Quinidine,Voriconazole,0
Conivaptan,Glyburide,0
Metolazone,Oxprenolol,0
Ondansetron,Treprostinil,1
Daunorubicin,Rucaparib,0
Lumacaftor,Ambrisentan,0
Dofetilide,Clemastine,0
Imipramine,Manidipine,0
Ivacaftor,Darunavir,0
Caffeine,Abiraterone,0
Torasemide,Midostaurin,0
Cilostazol,Methylphenobarbital,0
Tapentadol,Gemfibrozil,0
Zafirlukast,Ivacaftor,0
Levofloxacin,Haloperidol,1
Olsalazine,Polythiazide,0
Dronabinol,Saquinavir,0
Escitalopram,Sevoflurane,1
Nevirapine,Nilotinib,0
Cocaine,Nelfinavir,0
Acebutolol,Teriflunomide,0
Escitalopram,Toloxatone,1
Salicylic acid,Topiroxostat,0
Thiamylal,Ticlopidine,0
Mitotane,Tacrolimus,0
Tolbutamide,Crisaborole,0
Rotigotine,Saquinavir,0
Ubidecarenone,Nateglinide,0
Tolvaptan,Ticagrelor,0
Guanfacine,Carvedilol,1
Cilostazol,Ethanol,0
Suvorexant,Aripiprazole,1
Guanfacine,Esomeprazole,0
Dicoumarol,Valproic acid,0
Aripiprazole,Panobinostat,0
Furosemide,Gliclazide,0
Dronabinol,Ritonavir,0
Digitoxin,Atazanavir,0
Lapatinib,Telithromycin,0
Primidone,Theophylline,0
Metoprolol,Tamoxifen,0
Etravirine,Ziprasidone,0
Hexobarbital,Fosamprenavir,0
Olsalazine,Seratrodast,1
Phenoxybenzamine,Luliconazole,0
Glimepiride,Losartan,0
Silodosin,Telithromycin,0
Quinine,Bisoprolol,0
Rifaximin,Bisoprolol,0
Tizanidine,Nabilone,1
Quinidine,Ketoconazole,0
Rifampicin,Atomoxetine,0
Carvedilol,Amiodarone,0
Domperidone,Efavirenz,0
Testosterone,Dronedarone,0
Quinethazone,Fluvoxamine,0
Treprostinil,Fluconazole,0
Rabeprazole,Isoniazid,0
Vemurafenib,Lovastatin,0
Domperidone,Posaconazole,0
Macitentan,Efavirenz,0
Antipyrine,Metolazone,0
Perampanel,Telaprevir,0
Glipizide,Rasagiline,1
Digoxin,Saquinavir,0
Progesterone,Crisaborole,0
Dicoumarol,Mifepristone,0
Conivaptan,Sertraline,0
Formoterol,Methyclothiazide,0
Ximelagatran,Nicardipine,0
Mitotane,Mirabegron,0
Cinacalcet,Doxycycline,0
Gliclazide,Canagliflozin,1
Ximelagatran,Mesalazine,1
Cholecalciferol,Fosaprepitant,0
Desipramine,Perampanel,1
Thiamylal,Amiodarone,0
Methylphenobarbital,Paroxetine,0
Pioglitazone,Darunavir,0
Tizanidine,Nadolol,1
Primidone,Gemfibrozil,0
Suvorexant,Methylphenobarbital,1
Clozapine,Delavirdine,0
Methadone,Rotigotine,0
Glipizide,Fluorouracil,0
Cisapride,Mirtazapine,1
Caffeine,Efavirenz,0
Everolimus,Ritonavir,0
Lidocaine,Metyrosine,0
Chlorpropamide,Valproic acid,0
Ranolazine,Indomethacin,0
Lorcaserin,Amiodarone,0
Doxepin,Enalaprilat,0
Azelastine,Sodium oxybate,1
Acenocoumarol,Modafinil,0
Bupropion,Topiroxostat,0
Rotigotine,Betaxolol,0
Ivacaftor,Idelalisib,0
Azelastine,Darunavir,0
Saquinavir,Chloroquine,1
Nevirapine,Doxepin,0
Brimonidine,Indapamide,0
Vincristine,Nelfinavir,0
Sevoflurane,Minocycline,1
Zolpidem,Tranylcypromine,1
Delavirdine,Fesoterodine,0
Theophylline,Mestranol,0
Estrone,Polythiazide,0
Darunavir,Isavuconazonium,0
Mexiletine,Ranolazine,0
Parecoxib,Hydrochlorothiazide,0
Tranylcypromine,Pargyline,0
Prucalopride,Vincristine,0
Quazepam,Rotigotine,0
Zuclopenthixol,Isavuconazonium,0
Estradiol,Clemastine,0
Desipramine,Clobazam,0
Bromocriptine,Boceprevir,0
Verapamil,Posaconazole,0
Moexipril,Theophylline,0
Dabrafenib,Colchicine,0
Pravastatin,Etoricoxib,0
Azithromycin,Galantamine,1
Fosphenytoin,Gliclazide,0
Pentamidine,Nilotinib,0
Diphenhydramine,Minocycline,1
Pioglitazone,Aripiprazole,0
Ritonavir,Lopinavir,0
Quetiapine,Lobeglitazone,0
Darunavir,Ticagrelor,0
Estrone,Efavirenz,0
Lopinavir,Clarithromycin,1
Clonidine,Imatinib,0
Disopyramide,Fosaprepitant,0
Levofloxacin,Clomipramine,1
Ethanol,Tranylcypromine,1
Apixaban,Tipranavir,1
Nafamostat,Azelastine,1
Phenytoin,Trimethoprim,0
Bisoprolol,Leflunomide,0
Etoricoxib,Nicardipine,0
Nicorandil,Betaxolol,0
Bosentan,Lumefantrine,0
Promazine,Metyrosine,0
Dolasetron,Tamoxifen,1
Lapatinib,Ivacaftor,0
Ranolazine,Lidocaine,0
Acenocoumarol,Azithromycin,0
Cabergoline,Stiripentol,0
Rucaparib,Imipramine,0
Estradiol,Lovastatin,0
Minaprine,Hydroflumethiazide,0
Amphetamine,Paliperidone,0
Sotalol,Posaconazole,1
Sorafenib,Digoxin,0
Colchicine,Ergotamine,0
Orphenadrine,Oxprenolol,1
Tolvaptan,Mifepristone,0
Cyclophosphamide,Quinine,0
Caffeine,Clemastine,0
Propofol,Pramipexole,0
Conivaptan,Mianserin,0
Nadolol,Celiprolol,0
Mitotane,Pravastatin,0
Conivaptan,Dorzolamide,0
Clozapine,Hydroxyzine,1
Acetyldigitoxin,Quinidine,0
Vardenafil,Dasatinib,0
Rifaximin,Bosutinib,0
Mitotane,Celecoxib,0
Tramadol,Erythromycin,0
Tamsulosin,Ranolazine,0
Prucalopride,Lumacaftor,0
Celiprolol,Etacrynic acid,0
Bosentan,Itraconazole,0
Disopyramide,Pioglitazone,1
Nefazodone,Ledipasvir,0
Epinastine,Treprostinil,0
Paraldehyde,Clomipramine,1
Everolimus,Cobicistat,0
Lovastatin,Posaconazole,0
Hydrocodone,Amoxapine,1
Lithium cation,Risperidone,1
Iloperidone,Trimipramine,1
Chloroquine,Indinavir,0
Mestranol,Trimethoprim,0
Idarubicin,Valsartan,0
Quinidine,Propofol,1
Venlafaxine,Aprepitant,0
Rosiglitazone,Cholecalciferol,0
Panobinostat,Luliconazole,0
Primidone,Toremifene,0
Doxorubicin,Atomoxetine,0
Ibuprofen,Ticlopidine,0
Bosentan,Leflunomide,0
Disopyramide,Testosterone,1
Sulfamethoxazole,Atomoxetine,0
Ticagrelor,Crizotinib,0
Aliskiren,Cyclosporine,0
Rosiglitazone,Pirlindole,1
Bosentan,Metoprolol,0
Pentamidine,Clotrimazole,0
Amphetamine,Zuclopenthixol,0
Ethanol,Crizotinib,0
Promazine,Doxylamine,1
Imatinib,Valproic acid,0
Mirtazapine,Netupitant,0
Ibrutinib,Chlorpromazine,0
Brimonidine,Lercanidipine,0
Timolol,Alprenolol,0
Gemifloxacin,Mirtazapine,1
Benzphetamine,Perphenazine,0
Phenelzine,Losartan,0
Carbamazepine,Theophylline,0
Celecoxib,Levomilnacipran,0
Amobarbital,Pindolol,0
Paliperidone,Artemether,1
Alprenolol,Promazine,0
Imatinib,Ketoconazole,0
Cobicistat,Tamoxifen,0
Conivaptan,Primaquine,0
Seratrodast,Lobeglitazone,0
Celecoxib,Torasemide,0
Fingolimod,Terbinafine,0
Olsalazine,Hydrochlorothiazide,0
Ethanol,Aripiprazole,0
Fosamprenavir,Clarithromycin,0
Colchicine,Ticlopidine,0
Methylphenobarbital,Sorafenib,0
Dolasetron,Mirabegron,1
Glipizide,Tolbutamide,0
Methohexital,Chlorthalidone,0
Toremifene,Clemastine,0
Ouabain,Teriflunomide,0
Midostaurin,Amiodarone,0
Ranolazine,Buprenorphine,0
Nevirapine,Warfarin,0
Levomilnacipran,Isavuconazonium,0
Treprostinil,Delavirdine,0
Pantoprazole,Dabrafenib,0
Tolazamide,Gemifloxacin,1
Artemether,Ciprofloxacin,1
Mitotane,Clonidine,0
Droperidol,Treprostinil,1
Lidocaine,Ziprasidone,0
Secobarbital,Verapamil,0
Dronabinol,Trimethoprim,0
Alogliptin,Selegiline,1
Dihydroergotamine,Bopindolol,1
Chlorpromazine,Nelfinavir,0
Clozapine,Atazanavir,0
Thioridazine,Deferasirox,0
Bisoprolol,Osimertinib,0
Hydrocodone,Methohexital,1
Moexipril,Tolvaptan,1
Carteolol,Paroxetine,0
Bosutinib,Propranolol,0
Modafinil,Erythromycin,0
Penbutolol,Antipyrine,0
Gemifloxacin,Ketoconazole,1
Rifapentine,Pregabalin,0
Aripiprazole,Droperidol,1
Lopinavir,Bupropion,0
Mexiletine,Saquinavir,0
Mycophenolate mofetil,Fusidic acid,0
Mirtazapine,Loratadine,1
Penbutolol,Ceritinib,1
Pseudoephedrine,Droperidol,0
Testosterone,Voriconazole,0
Pazopanib,Verapamil,0
Simvastatin,Tamoxifen,0
Idelalisib,Telithromycin,0
Phenoxybenzamine,Nefazodone,0
Cyproterone acetate,Apixaban,0
Tizanidine,Lobeglitazone,0
Iloperidone,Verapamil,0
Sulfadiazine,Telithromycin,0
Oxprenolol,Formoterol,0
Furazolidone,Selegiline,0
Ubidecarenone,Pioglitazone,0
Thioridazine,Pentamidine,0
Ibrutinib,Topotecan,0
Tacrolimus,Canagliflozin,0
Sulfadiazine,Simeprevir,0
Primidone,Valproic acid,0
Trichlormethiazide,Tolazamide,0
Ritonavir,Ledipasvir,0
Cilostazol,Imipramine,0
Riociguat,Nelfinavir,0
Meloxicam,Lovastatin,0
Suvorexant,Nefazodone,0
Sulfisoxazole,Gemfibrozil,0
Carbamazepine,Formoterol,0
Cisapride,Formoterol,1
Dihydroergotamine,Protriptyline,0
Etoricoxib,Darifenacin,0
Glyburide,Pindolol,1
Nortriptyline,Manidipine,0
Carvedilol,Bupropion,0
Palbociclib,Clotrimazole,0
Quetiapine,Sodium oxybate,1
Lumacaftor,Digoxin,0
Celecoxib,Methyclothiazide,0
Cyclobenzaprine,Imatinib,0
Vemurafenib,Toloxatone,1
Desvenlafaxine,Posaconazole,0
Quinidine,Treprostinil,1
Methadone,Midostaurin,0
Quazepam,Netupitant,0
Hydrocodone,Nevirapine,0
Sulfamethoxazole,Imatinib,0
Quinine,Dorzolamide,0
Ranolazine,Haloperidol,0
Acemetacin,Bumetanide,0
Lidocaine,Simeprevir,0
Amprenavir,Artemether,0
Ubidecarenone,Zafirlukast,0
Indapamide,Doxycycline,0
Parecoxib,Doxycycline,0
Phenindione,Edoxaban,1
Pioglitazone,Rucaparib,0
Quazepam,Ziprasidone,0
Dabrafenib,Everolimus,0
Bupropion,Tolbutamide,0
Nadolol,Olopatadine,0
Quinidine,Vardenafil,1
Doxazosin,Ropinirole,0
Progesterone,Gliclazide,0
Dextroamphetamine,Clozapine,0
Ondansetron,Diphenhydramine,1
Sildenafil,Zucapsaicin,0
Carbamazepine,Pramipexole,0
Loratadine,Cinacalcet,0
Tolvaptan,Etoricoxib,0
Clopidogrel,Itraconazole,0
Rifabutin,Ethanol,0
Glipizide,Indinavir,0
Betaxolol,Meloxicam,0
Doxazosin,Delavirdine,0
Vincristine,Mifepristone,0
Rifabutin,Acenocoumarol,0
Toremifene,Ouabain,0
Azithromycin,Imipramine,1
Sildenafil,Nitrendipine,0
Enzalutamide,Losartan,0
Artemether,Delavirdine,0
Doxorubicin,Protriptyline,0
Doxepin,Isradipine,0
Diphenhydramine,Clemastine,0
Minaprine,Artemether,0
Lidocaine,Cinacalcet,0
Topotecan,Dasatinib,0
Hydrocodone,Loratadine,1
Rivaroxaban,Erythromycin,0
Silodosin,Selegiline,0
Rilpivirine,Amprenavir,0
Colchicine,Clotrimazole,0
Quinidine,Amoxapine,1
Thalidomide,Doxepin,1
Cyclophosphamide,Promazine,0
Doxorubicin,Olaparib,0
Acenocoumarol,Seratrodast,1
Venlafaxine,Clarithromycin,0
Lumacaftor,Primidone,0
Ixazomib,Atomoxetine,0
Zuclopenthixol,Posaconazole,0
Artemether,Crizotinib,0
Fluorouracil,Rucaparib,0
Chlorpromazine,Tramadol,0
Paliperidone,Chlorpropamide,0
Tamoxifen,Doxycycline,0
Lidocaine,Hydroxyzine,1
Chlorpromazine,Penbutolol,0
Telaprevir,Atomoxetine,0
Nevirapine,Levomilnacipran,0
Methadone,Fluvoxamine,0
Phenobarbital,Canagliflozin,0
Glipizide,Telaprevir,0
Acemetacin,Methyclothiazide,0
Ethanol,Olopatadine,1
Rotigotine,Bortezomib,0
Clomipramine,Abiraterone,0
Phenindione,Cyclobenzaprine,1
Lorcaserin,Theophylline,0
Crizotinib,Lovastatin,0
Pregabalin,Cimetidine,0
Atenolol,Parecoxib,0
Rifapentine,Estradiol,0
Clobazam,Nabilone,1
Nateglinide,Aprepitant,0
Dihydroergotamine,Ziprasidone,0
Amoxapine,Buspirone,1
Tolbutamide,Phenelzine,1
Tamoxifen,Dihydroergotamine,0
Estrone,Quazepam,0
Ciprofloxacin,Losartan,1
Afatinib,Teriflunomide,0
Amobarbital,Valproic acid,0
Bosentan,Bepridil,0
Cisapride,Olaparib,0
Timolol,Selexipag,0
Propranolol,Digitoxin,1
Methylene blue,Nicardipine,0
Asenapine,Citalopram,0
Enzalutamide,Naloxegol,0
Cholecalciferol,Ticlopidine,0
Tofacitinib,Atenolol,1
Minaprine,Thioridazine,0
Orphenadrine,Erythromycin,0
Mitotane,Amprenavir,0
Quinethazone,Rosiglitazone,0
Donepezil,Ketoconazole,0
Clomipramine,Imatinib,0
Artemether,Azithromycin,1
Methylphenobarbital,Cyclobenzaprine,0
Ethanol,Clozapine,1
Conivaptan,Caffeine,0
Caffeine,Cholecalciferol,0
Amphetamine,Moexipril,0
Hydrochlorothiazide,Ambrisentan,0
Pazopanib,Quinidine,0
Alfuzosin,Treprostinil,0
Etoricoxib,Levomilnacipran,0
Lopinavir,Amoxapine,1
Lumefantrine,Formoterol,1
Leflunomide,Efavirenz,0
Alprenolol,Tipranavir,0
Doxorubicin,Acetyldigitoxin,0
Suvorexant,Buprenorphine,1
Levomilnacipran,Clobazam,0
Indapamide,Rosiglitazone,0
Valproic acid,Olsalazine,0
Tipranavir,Rabeprazole,0
Testosterone,Clemastine,0
Phenobarbital,Warfarin,0
Chlorthalidone,Nitrendipine,0
Sotalol,Arformoterol,1
Metolazone,Enalaprilat,0
Enzalutamide,Promazine,0
Tolvaptan,Verapamil,0
Pentobarbital,Buspirone,0
Guanfacine,Risperidone,0
Simvastatin,Nicardipine,0
Hexobarbital,Trimipramine,0
Toremifene,Dasatinib,0
Tolazamide,Bupranolol,1
Etravirine,Sulfamethoxazole,0
Amobarbital,Magnesium sulfate,1
Bortezomib,Gemfibrozil,0
Chlorpromazine,Cholecalciferol,0
Methylphenidate,Ketoconazole,0
Quazepam,Fluvoxamine,0
Promethazine,Labetalol,0
Cyclosporine,Fluconazole,0
Fosphenytoin,Glyburide,0
Asenapine,Voriconazole,0
Venlafaxine,Cinacalcet,0
Zolpidem,Celecoxib,0
Cinacalcet,Hydrocodone,0
Thiamylal,Nilvadipine,0
Panobinostat,Nelfinavir,0
Saquinavir,Clozapine,1
Lidocaine,Sulfisoxazole,0
Hexobarbital,Clemastine,0
Venlafaxine,Sildenafil,0
Losartan,Atazanavir,0
Diltiazem,Ziprasidone,0
Phenindione,Doxepin,1
Rucaparib,Palbociclib,0
Clobazam,Isoniazid,0
Clarithromycin,Lobeglitazone,0
Zileuton,Itraconazole,0
Fluvoxamine,Fesoterodine,0
Fluvastatin,Efavirenz,0
Methotrimeprazine,Clonidine,1
Prucalopride,Captopril,0
Furazolidone,Polythiazide,0
Torasemide,Alprenolol,0
Quetiapine,Modafinil,0
Secobarbital,Carteolol,0
Mirtazapine,Promazine,1
Caffeine,Erythromycin,0
Promazine,Telaprevir,0
Alprenolol,Thioridazine,0
Quinine,Nilotinib,0
Fingolimod,Diphenhydramine,0
Paliperidone,Nicardipine,1
Topotecan,Bepridil,0
Secobarbital,Lercanidipine,0
Bosutinib,Sulfamethoxazole,0
Ibrutinib,Norfloxacin,0
Olaparib,Fosaprepitant,0
Secobarbital,Irbesartan,0
Saquinavir,Valproic acid,0
Mianserin,Carbamazepine,0
Enzalutamide,Zafirlukast,0
Glipizide,Pentamidine,1
Rosiglitazone,Etravirine,0
Hexobarbital,Indinavir,0
Salicylic acid,Hydrochlorothiazide,0
Bosutinib,Manidipine,0
Ziprasidone,Mifepristone,0
Nortriptyline,Darunavir,0
Fosphenytoin,Aripiprazole,0
Formoterol,Nicardipine,0
Warfarin,Nortriptyline,1
Escitalopram,Lumefantrine,0
Sulfamethoxazole,Osimertinib,0
Risperidone,Tolazamide,0
Nortriptyline,Amiodarone,0
Terbinafine,Telaprevir,0
Etoricoxib,Doxycycline,0
Desipramine,Fosamprenavir,0
Methylene blue,Torasemide,0
Levomilnacipran,Brimonidine,0
Disopyramide,Paliperidone,1
Escitalopram,Rucaparib,0
Sulfisoxazole,Delavirdine,0
Nevirapine,Argatroban,0
Fluoxetine,Telithromycin,0
Mifepristone,Simeprevir,0
Levomilnacipran,Cholecalciferol,0
Tolvaptan,Ketoconazole,0
Captopril,Estrone sulfate,0
Betaxolol,Ibuprofen,0
Simvastatin,Lovastatin,0
Hydrocodone,Telithromycin,0
Nadolol,Zileuton,0
Meloxicam,Simeprevir,0
Promethazine,Mesalazine,0
Afatinib,Dasatinib,0
Everolimus,Ouabain,0
Amiodarone,Methotrimeprazine,1
Ropinirole,Ciprofloxacin,0
Selegiline,Dasatinib,0
Hydrocodone,Sulfisoxazole,0
Granisetron,Dronedarone,0
Zolpidem,Nortriptyline,1
Crizotinib,Imipramine,1
Afatinib,Selegiline,0
Telaprevir,Cobicistat,0
Chlorpropamide,Abiraterone,0
Enzalutamide,Darunavir,0
Apixaban,Omeprazole,0
Escitalopram,Pantoprazole,0
Metipranolol,Sertraline,0
Ledipasvir,Ticagrelor,0
Zolpidem,Clonidine,1
Carteolol,Ibuprofen,0
Rifapentine,Enzalutamide,0
Caffeine,Verapamil,0
Rivaroxaban,Indinavir,0
Olaparib,Indinavir,0
Macitentan,Delavirdine,0
Disopyramide,Sildenafil,0
Nicotine,Sertraline,0
Moclobemide,Selexipag,0
Dextroamphetamine,Amitriptyline,0
Alprenolol,Pindolol,0
Rifaximin,Tacrolimus,0
Enzalutamide,Dofetilide,0
Omeprazole,Mifepristone,0
Carbamazepine,Ciprofloxacin,0
Quazepam,Voriconazole,0
Sodium oxybate,Metyrosine,0
Clomipramine,Cocaine,0
Dronedarone,Fluoxetine,0
Modafinil,Nefazodone,0
Ondansetron,Nicotine,0
Doxazosin,Rolapitant,0
Bosentan,Argatroban,0
Metoprolol,Olsalazine,0
Mitotane,Sorafenib,0
Doxepin,Topiroxostat,0
Riociguat,Atomoxetine,0
Clomipramine,Darifenacin,0
Darifenacin,Fosamprenavir,0
Selegiline,Estradiol,0
Clonidine,Clemastine,0
Isavuconazonium,Fusidic acid,0
Brimonidine,Atenolol,0
Imatinib,Valsartan,0
Amiodarone,Cimetidine,0
Pazopanib,Carbamazepine,0
Enzalutamide,Cabergoline,0
Desipramine,Valproic acid,0
Metoprolol,Rotigotine,0
Rilpivirine,Nicardipine,0
Saquinavir,Dolasetron,1
Quetiapine,Ranolazine,0
Thiopental,Amitriptyline,0
Propranolol,Zucapsaicin,0
Etravirine,Atazanavir,0
Pioglitazone,Manidipine,0
Azithromycin,Promethazine,1
Amobarbital,Dicoumarol,0
Bopindolol,Acetylsalicylic acid,0
Mirabegron,Ergotamine,0
Cyclophosphamide,Cholecalciferol,0
Lumiracoxib,Nicardipine,0
Quinine,Netupitant,0
Quetiapine,Artemether,0
Lercanidipine,Irbesartan,0
Lumiracoxib,Gemfibrozil,0
Ceritinib,Desipramine,1
Desipramine,Toloxatone,1
Metoprolol,Fluvastatin,0
Propafenone,Dasatinib,0
Paliperidone,Venlafaxine,1
Zolpidem,Isradipine,0
Methylene blue,Tapentadol,0
Enalapril,Aminophylline,0
Olaparib,Posaconazole,0
Apixaban,Ropinirole,0
Vemurafenib,Glipizide,0
Prucalopride,Protriptyline,0
Fosphenytoin,Lumiracoxib,0
Tofacitinib,Ceritinib,0
Moclobemide,Hydroflumethiazide,0
Hexobarbital,Quinethazone,0
Rabeprazole,Ranolazine,0
Meloxicam,Clotrimazole,0
Nateglinide,Fosamprenavir,0
Simvastatin,Lumacaftor,0
Pentobarbital,Indinavir,0
Fusidic acid,Ritonavir,0
Conivaptan,Promazine,0
Mirabegron,Cimetidine,0
Indinavir,Clotrimazole,0
Deferasirox,Ethanol,0
Simvastatin,Ergotamine,0
Phenelzine,Nilvadipine,0
Dasatinib,Idelalisib,0
Gemifloxacin,Arformoterol,1
Guanfacine,Penbutolol,1
Olopatadine,Venlafaxine,0
Tolbutamide,Felodipine,0
Cyclobenzaprine,Apixaban,0
Rifampicin,Sulfadiazine,0
Conivaptan,Clozapine,0
Simvastatin,Delavirdine,0
Abiraterone,Lovastatin,0
Dorzolamide,Fluconazole,0
Doxorubicin,Chlorpropamide,0
Rosuvastatin,Zucapsaicin,0
Alprenolol,Desvenlafaxine,0
Nadolol,Antipyrine,0
Dofetilide,Indinavir,0
Nevirapine,Telithromycin,0
Tolvaptan,Stiripentol,0
Diltiazem,Rosiglitazone,0
Deferasirox,Ambrisentan,0
Cisapride,Primaquine,1
Rifampicin,Diclofenac,0
Domperidone,Lobeglitazone,0
Rifaximin,Enalapril,0
Sevoflurane,Tipranavir,0
Lumefantrine,Sorafenib,1
Glimepiride,Delavirdine,0
Mefloquine,Diltiazem,0
Methylene blue,Buprenorphine,0
Ondansetron,Vardenafil,1
Alfuzosin,Ticlopidine,0
Modafinil,Saxagliptin,0
Galantamine,Isavuconazonium,0
Vincristine,Verapamil,0
Ritonavir,Aprepitant,0
Glipizide,Timolol,1
Paraldehyde,Quazepam,1
Tofacitinib,Acebutolol,1
Disopyramide,Imatinib,0
Isradipine,Fluvoxamine,0
Alfuzosin,Idelalisib,0
Benzphetamine,Fosaprepitant,0
Lumacaftor,Prochlorperazine,0
Carbamazepine,Olaparib,0
Hexobarbital,Metolazone,0
Celecoxib,Telithromycin,0
Brimonidine,Captopril,0
Desvenlafaxine,Ziprasidone,0
Promethazine,Cobicistat,0
Pentamidine,Betaxolol,0
Alogliptin,Salicylic acid,1
Mirabegron,Netupitant,0
Dihydroergotamine,Boceprevir,0
Suvorexant,Ropinirole,0
Seratrodast,Dihydroergotamine,0
Mestranol,Cyclosporine,0
Amoxapine,Cinacalcet,0
Indapamide,Manidipine,0
Nateglinide,Thioridazine,0
Esomeprazole,Erythromycin,0
Mestranol,Lobeglitazone,0
Pravastatin,Ticlopidine,0
Parecoxib,Diltiazem,0
Ritonavir,Estradiol,0
Furazolidone,Atomoxetine,1
Bisoprolol,Desvenlafaxine,0
Cyclobenzaprine,Nicorandil,0
Pravastatin,Dabigatran etexilate,0
Vincristine,Fosaprepitant,0
Galantamine,Clobazam,0
Eliglustat,Delavirdine,0
Ritonavir,Celecoxib,0
Naloxegol,Atomoxetine,0
Rifabutin,Mefloquine,0
Doxorubicin,Nicardipine,0
Phenoxybenzamine,Darunavir,0
Antipyrine,Bupropion,0
Sulfamethoxazole,Darunavir,0
Dofetilide,Treprostinil,1
Chlorpromazine,Amitriptyline,1
Moclobemide,Quinidine,0
Timolol,Paroxetine,0
Protriptyline,Celecoxib,0
Sitagliptin,Rucaparib,0
Treprostinil,Bendroflumethiazide,0
Amiodarone,Lopinavir,1
Pazopanib,Glyburide,0
Iloperidone,Dronedarone,0
Zuclopenthixol,Darifenacin,0
Tizanidine,Dihydroergotamine,0
Rifabutin,Glipizide,0
Etravirine,Sildenafil,0
Thiamylal,Doxycycline,0
Rucaparib,Cobicistat,0
Bumetanide,Rosiglitazone,0
Dofetilide,Clozapine,1
Amphetamine,Minaprine,0
Azelastine,Ziprasidone,1
Enzalutamide,Pantoprazole,0
Ibrutinib,Testosterone,0
Fosamprenavir,Tolazamide,0
Guanfacine,Abiraterone,0
Rifabutin,Pentamidine,0
Sertraline,Sildenafil,0
Primidone,Itraconazole,0
Pentobarbital,Lorcaserin,0
Rifampicin,Thiamylal,0
Prochlorperazine,Tranylcypromine,0
Pimozide,Aprepitant,0
Mirabegron,Tranylcypromine,0
Rifabutin,Delavirdine,0
Quinine,Darifenacin,0
Thioridazine,Atenolol,0
Tizanidine,Propranolol,0
Dabigatran etexilate,Selexipag,1
Pentamidine,Galantamine,1
Antipyrine,Leflunomide,0
Clopidogrel,Dihydroergotamine,0
Buspirone,Perampanel,1
Bosutinib,Telaprevir,0
Levodopa,Quinine,0
Quinine,Alprenolol,0
Mefloquine,Cyclosporine,0
Donepezil,Alprenolol,1
Enalapril,Canagliflozin,1
Secobarbital,Dorzolamide,0
Argatroban,Venlafaxine,0
Dihydroergotamine,Acebutolol,1
Bosentan,Cilostazol,0
Venlafaxine,Palbociclib,0
Phenobarbital,Atenolol,0
Colchicine,Tipranavir,0
Sulfamethoxazole,Saxagliptin,1
Gemfibrozil,Nefazodone,0
Zolpidem,Methohexital,1
Olopatadine,Netupitant,0
Edoxaban,Vincristine,0
Dolasetron,Sevoflurane,1
Argatroban,Theophylline,0
Trichlormethiazide,Levomilnacipran,0
Antipyrine,Celecoxib,0
Hydrocodone,Risperidone,1
Lumiracoxib,Nelfinavir,0
Betaxolol,Delavirdine,0
Bosentan,Captopril,0
Pargyline,Bendroflumethiazide,0
Methotrimeprazine,Glyburide,0
Methylphenobarbital,Nabilone,1
Methotrimeprazine,Clotrimazole,0
Tramadol,Nabilone,1
Prucalopride,Dronedarone,0
Vincristine,Imipramine,0
Edoxaban,Diclofenac,0
Chlorthalidone,Bepridil,0
Propafenone,Ceritinib,0
Vemurafenib,Dihydroergotamine,0
Amitriptyline,Cholecalciferol,0
Asenapine,Granisetron,1
Levodopa,Eliglustat,0
Dabrafenib,Asenapine,0
Atazanavir,Nelfinavir,0
Trimipramine,Fluconazole,0
Azelastine,Panobinostat,0
Lapatinib,Celecoxib,0
Primidone,Mycophenolate mofetil,0
Alogliptin,Mesalazine,1
Olsalazine,Digitoxin,0
Pantoprazole,Gemfibrozil,0
Phenprocoumon,Clopidogrel,1
Bosentan,Olaparib,0
Paraldehyde,Lithium cation,1
Gemfibrozil,Indinavir,0
Pseudoephedrine,Pirlindole,0
Lumefantrine,Diphenhydramine,1
Nicorandil,Selegiline,0
Aminophylline,Fluvoxamine,0
Phenoxybenzamine,Lopinavir,0
Hydroflumethiazide,Aliskiren,0
Parecoxib,Ivacaftor,0
Carbamazepine,Amiodarone,0
Darifenacin,Ritonavir,0
Mitotane,Aripiprazole,0
Fluoxetine,Quinidine,0
Lumacaftor,Bosutinib,0
Tramadol,Methylene blue,0
Quinine,Palbociclib,0
Darifenacin,Midostaurin,0
Tolvaptan,Bromocriptine,0
Propofol,Luliconazole,0
Mitotane,Sunitinib,0
Seratrodast,Itraconazole,0
Disopyramide,Timolol,1
Lumefantrine,Desipramine,1
Tranylcypromine,Nitrendipine,0
Celiprolol,Nicorandil,0
Selegiline,Lidocaine,0
Amoxapine,Cocaine,0
Torasemide,Efavirenz,0
Lumiracoxib,Citalopram,0
Artemether,Tramadol,0
Sorafenib,Fingolimod,0
Sildenafil,Sulfisoxazole,0
Paroxetine,Manidipine,0
Dasatinib,Ouabain,0
Olopatadine,Torasemide,0
Sildenafil,Edoxaban,0
Colchicine,Chlorpromazine,0
Paroxetine,Ketoconazole,0
Crizotinib,Droperidol,1
Methohexital,Moexipril,0
Isradipine,Saquinavir,0
Mitotane,Nilotinib,0
Rosiglitazone,Amiodarone,0
Deferasirox,Testosterone,0
Ibuprofen,Ranolazine,0
Etravirine,Isavuconazonium,0
Tranylcypromine,Tapentadol,1
Mirtazapine,Protriptyline,1
Anagrelide,Lapatinib,1
Rifabutin,Vardenafil,0
Amprenavir,Sulfisoxazole,0
Thalidomide,Nortriptyline,1
Nevirapine,Lobeglitazone,0
Toremifene,Sildenafil,0
Ergotamine,Telaprevir,0
Rifapentine,Tamsulosin,0
Pazopanib,Stiripentol,0
Phenindione,Amoxapine,1
Amphetamine,Bosentan,0
Pitavastatin,Ritonavir,0
Rifapentine,Lercanidipine,0
Etravirine,Stiripentol,0
Paliperidone,Arformoterol,1
Aripiprazole,Guanfacine,0
Hexobarbital,Nortriptyline,0
Bisoprolol,Olopatadine,0
Iloperidone,Atomoxetine,1
Quinine,Treprostinil,1
Cinacalcet,Fluconazole,0
Mitotane,Ouabain,0
Amitriptyline,Enalapril,0
Bendroflumethiazide,Fluoxetine,0
Chloroquine,Clemastine,0
Mexiletine,Quinidine,0
Imipramine,Lovastatin,0
Pentamidine,Haloperidol,1
Tamsulosin,Manidipine,0
Sildenafil,Bepridil,0
Macitentan,Tranylcypromine,0
Antipyrine,Sulfamethoxazole,0
Glimepiride,Fluoxetine,1
Saquinavir,Indinavir,0
Imipramine,Luliconazole,0
Mirtazapine,Carbamazepine,1
Ibuprofen,Midostaurin,0
Gliclazide,Levofloxacin,1
Testosterone,Clotrimazole,0
Dabrafenib,Palbociclib,0
Pentobarbital,Quinethazone,0
Mefloquine,Alprenolol,1
Ubidecarenone,Nicardipine,0
Nitrendipine,Manidipine,0
Rifabutin,Ethinylestradiol,0
Diclofenac,Voriconazole,0
Ximelagatran,Olsalazine,1
Chloroquine,Diltiazem,0
Domperidone,Lorcaserin,0
Acetylsalicylic acid,Gemifloxacin,0
Dorzolamide,Polythiazide,0
Nevirapine,Sulfamethoxazole,0
Darunavir,Nelfinavir,0
Ropinirole,Ivacaftor,0
Idarubicin,Trimethoprim,0
Fluvastatin,Midostaurin,0
Tolbutamide,Alogliptin,1
Dextroamphetamine,Quinine,0
Saxagliptin,Isradipine,0
Quetiapine,Ketoconazole,0
Primidone,Estrone sulfate,0
Ubidecarenone,Ergotamine,0
Digoxin,Stiripentol,0
Paraldehyde,Propofol,1
Acenocoumarol,Erythromycin,0
Iloprost,Duloxetine,0
Desipramine,Bupropion,0
Bortezomib,Dosulepin,0
Ixazomib,Deslanoside,0
Valproic acid,Delavirdine,0
Bosentan,Bendroflumethiazide,0
Quinine,Diltiazem,0
Clobazam,Fluvoxamine,0
Desvenlafaxine,Nefazodone,0
Phenobarbital,Estradiol,0
Perphenazine,Verapamil,0
Sulfadiazine,Balsalazide,1
Alogliptin,Estradiol,0
Phenobarbital,Colchicine,0
Artemether,Ziprasidone,0
Mitotane,Lidocaine,0
Rifabutin,Tolvaptan,0
Levodopa,Prochlorperazine,0
Promazine,Itraconazole,0
Fingolimod,Lorcaserin,0
Zafirlukast,Palbociclib,0
Primidone,Torasemide,0
Chlorpropamide,Metoprolol,1
Felodipine,Polythiazide,0
Leflunomide,Gemfibrozil,0
Bosentan,Mefloquine,0
Lercanidipine,Dronedarone,0
Methadone,Atomoxetine,1
Ibuprofen,Felodipine,0
Crizotinib,Risperidone,1
Bosutinib,Rucaparib,0
Acenocoumarol,Amiodarone,1
Rifaximin,Isradipine,0
Boceprevir,Etravirine,0
Dosulepin,Duloxetine,1
Rifampicin,Ketoconazole,0
Phenindione,Epoprostenol,1
Progesterone,Dihydroergotamine,0
Lidocaine,Abiraterone,0
Dicoumarol,Cyclobenzaprine,1
Nebivolol,Leflunomide,0
Chlorpropamide,Paroxetine,1
Alprenolol,Indinavir,0
Metoprolol,Chlorpromazine,0
Erythromycin,Doxycycline,0
Chloroquine,Sertraline,1
Nilvadipine,Palbociclib,0
Quinidine,Alfuzosin,1
Estrone,Ledipasvir,0
Duloxetine,Indinavir,0
Diclofenac,Sildenafil,0
Chlorpromazine,Paroxetine,0
Acetylsalicylic acid,Rabeprazole,0
Fluvastatin,Ceritinib,0
Rolapitant,Cyclosporine,0
Propofol,Perampanel,1
Azelastine,Fluvoxamine,1
Rucaparib,Saquinavir,0
Ondansetron,Azithromycin,1
Alfuzosin,Chlorothiazide,0
Levofloxacin,Treprostinil,1
Dabrafenib,Argatroban,0
Warfarin,Crisaborole,0
Yohimbine,Tranylcypromine,0
Leflunomide,Indinavir,0
Mestranol,Crisaborole,0
Posaconazole,Saquinavir,0
Rifaximin,Pentamidine,0
Atenolol,Polythiazide,0
Mianserin,Cholecalciferol,0
Ritonavir,Afatinib,0
Deferasirox,Lapatinib,0
Colchicine,Chloroquine,0
Ropinirole,Erythromycin,0
Amphetamine,Ritonavir,0
Estrone,Etacrynic acid,0
Rifapentine,Prochlorperazine,0
Oxprenolol,Zileuton,0
Mirtazapine,Felodipine,0
Amiodarone,Amoxapine,1
Aprepitant,Vemurafenib,0
Rifapentine,Rifampicin,0
Ropinirole,Sotalol,1
Hydroxyzine,Metyrosine,0
Clozapine,Ticagrelor,0
Minaprine,Ambrisentan,0
Phenobarbital,Tofacitinib,0
Citalopram,Posaconazole,0
Pentamidine,Rilpivirine,1
Tapentadol,Cholecalciferol,0
Bendroflumethiazide,Levodopa,0
Erythromycin,Netupitant,0
Rotigotine,Manidipine,0
Nevirapine,Tolvaptan,0
Delavirdine,Stiripentol,0
Promethazine,Fesoterodine,0
Dolasetron,Leflunomide,0
Cyclobenzaprine,Ritonavir,0
Warfarin,Fluorouracil,0
Promazine,Fluvoxamine,0
Bosentan,Ketoconazole,0
Tolterodine,Mianserin,0
Diclofenac,Erythromycin,0
Levofloxacin,Chloroquine,1
Zolpidem,Phenobarbital,1
Acenocoumarol,Amitriptyline,1
Lumefantrine,Nicardipine,1
Tacrolimus,Nefazodone,0
Pentobarbital,Tamsulosin,0
Nateglinide,Saxagliptin,1
Orphenadrine,Clarithromycin,0
Escitalopram,Buspirone,1
Magnesium sulfate,Hydroxyzine,1
Lovastatin,Rivaroxaban,0
Methylphenobarbital,Brimonidine,1
Simvastatin,Saxagliptin,0
Pravastatin,Tipranavir,0
Darifenacin,Cimetidine,0
Pseudoephedrine,Azelastine,0
Seratrodast,Paroxetine,0
Fosphenytoin,Cinacalcet,0
Darifenacin,Quinidine,0
Desipramine,Telaprevir,0
Chlorthalidone,Bupranolol,0
Rifampicin,Promethazine,0
Imatinib,Fluvoxamine,0
Nilotinib,Isradipine,1
Nicorandil,Thalidomide,0
Disopyramide,Tamoxifen,1
Doxorubicin,Crizotinib,0
Protriptyline,Indinavir,0
Bosentan,Isavuconazonium,0
Galantamine,Penbutolol,1
Estrone sulfate,Indapamide,0
Metamfetamine,Clozapine,0
Primidone,Enzalutamide,0
Oxprenolol,Acetyldigitoxin,1
Darifenacin,Netupitant,0
Pseudoephedrine,Bopindolol,1
Conivaptan,Olopatadine,0
Silodosin,Sertraline,0
Cilostazol,Zucapsaicin,0
Clomipramine,Propafenone,0
Buprenorphine,Promethazine,1
Nilotinib,Nortriptyline,1
Pitavastatin,Progesterone,0
Tolterodine,Doxycycline,0
Silodosin,Tamoxifen,0
Everolimus,Mifepristone,0
Imipramine,Nefazodone,0
Mycophenolate mofetil,Ketoconazole,0
Levomilnacipran,Atomoxetine,0
Nicardipine,Cholecalciferol,0
Domperidone,Pazopanib,1
Etacrynic acid,Chlorpropamide,0
Aripiprazole,Mifepristone,1
Trimipramine,Esomeprazole,0
Perphenazine,Esomeprazole,0
Primidone,Chlorothiazide,0
Ubidecarenone,Cyclophosphamide,0
Cholecalciferol,Diltiazem,0
Aminophylline,Fluconazole,0
Pazopanib,Topotecan,0
Lovastatin,Amiodarone,0
Nelfinavir,Stiripentol,0
Anagrelide,Dosulepin,0
Bepridil,Panobinostat,0
Ixazomib,Indinavir,0
Pregabalin,Minocycline,1
Rosuvastatin,Luliconazole,0
Clonidine,Atazanavir,0
Acenocoumarol,Estrone sulfate,0
Mirtazapine,Luliconazole,0
Estrone,Telithromycin,0
Rifampicin,Abiraterone,0
Nefazodone,Captopril,0
Fluoxetine,Clobazam,0
Silodosin,Lercanidipine,0
Quinidine,Netupitant,0
Dofetilide,Toremifene,1
Chlorpromazine,Protriptyline,1
Irbesartan,Mifepristone,0
Pitavastatin,Nefazodone,0
Dolasetron,Hydroxyzine,1
Enzalutamide,Saquinavir,0
Pantoprazole,Boceprevir,0
Lercanidipine,Isavuconazonium,0
Abiraterone,Clemastine,0
Mirabegron,Cinacalcet,0
Escitalopram,Aprepitant,0
Ziprasidone,Galantamine,1
Meloxicam,Imatinib,0
Antipyrine,Azithromycin,0
Benzphetamine,Furazolidone,0
Indomethacin,Vemurafenib,0
Sertraline,Topiroxostat,0
Conivaptan,Zolpidem,0
Asenapine,Lovastatin,0
Dronedarone,Olanzapine,1
Pitavastatin,Cabergoline,0
Azithromycin,Aprepitant,0
Erythromycin,Trimipramine,1
Nicardipine,Ceritinib,0
Phenytoin,Quazepam,0
Celecoxib,Aprepitant,0
Thioridazine,Rosiglitazone,0
Imatinib,Fluconazole,0
Pitavastatin,Boceprevir,0
Galantamine,Clomipramine,0
Indapamide,Pioglitazone,0
Lumacaftor,Epoprostenol,0
Pazopanib,Rabeprazole,0
Ziprasidone,Levodopa,0
Ibuprofen,Etravirine,0
Loratadine,Verapamil,0
Primidone,Epinastine,0
Primidone,Nortriptyline,0
Atazanavir,Gliclazide,0
Phenytoin,Progesterone,0
Cocaine,Aprepitant,0
Methylphenidate,Bupropion,0
Bosentan,Ubidecarenone,0
Crizotinib,Fosaprepitant,0
Bosentan,Atazanavir,0
Caffeine,Itraconazole,0
Cyclophosphamide,Teriflunomide,0
Buprenorphine,Tolbutamide,0
Antipyrine,Sulfadiazine,0
Glyburide,Betaxolol,1
Pirlindole,Digitoxin,0
Phenytoin,Fluvoxamine,0
Lumacaftor,Perampanel,0
Mitotane,Naloxegol,0
Cisapride,Darunavir,0
Carbamazepine,Iloperidone,0
Silodosin,Promethazine,0
Haloperidol,Sunitinib,1
Carteolol,Promazine,0
Alfuzosin,Carteolol,0
Propranolol,Metyrosine,0
Bisoprolol,Zileuton,0
Labetalol,Silodosin,0
Phenoxybenzamine,Isradipine,0
Methylene blue,Quinine,0
Rifabutin,Rilpivirine,0
Amprenavir,Delavirdine,0
Amitriptyline,Idelalisib,0
Silodosin,Isradipine,0
Primidone,Terbinafine,0
Vincristine,Telithromycin,0
Trimipramine,Lovastatin,0
Arformoterol,Cholecalciferol,0
Escitalopram,Mifepristone,0
Saxagliptin,Pregabalin,1
Secobarbital,Fluvastatin,0
Methohexital,Indapamide,0
Rifampicin,Desipramine,0
Vemurafenib,Netupitant,0
Perphenazine,Bopindolol,0
Tacrolimus,Olopatadine,1
Methylphenidate,Celecoxib,0
Pentamidine,Clozapine,1
Nevirapine,Phenprocoumon,0
Sunitinib,Palbociclib,0
Diltiazem,Atazanavir,0
Furazolidone,Bepridil,0
Pseudoephedrine,Rolapitant,0
Apixaban,Ketoconazole,0
Warfarin,Olsalazine,1
Enzalutamide,Rivaroxaban,0
Escitalopram,Midostaurin,0
Thiopental,Bumetanide,0
Conivaptan,Dasatinib,0
Promethazine,Carvedilol,0
Quinine,Ceritinib,0
Quetiapine,Chlorpropamide,0
Nicotine,Cyclosporine,0
Testosterone,Aripiprazole,0
Thiamylal,Chlorthalidone,0
Rifampicin,Clemastine,0
Conivaptan,Fluconazole,0
Methadone,Tolterodine,1
Lovastatin,Argatroban,0
Alfuzosin,Valsartan,0
Rotigotine,Cholecalciferol,0
Phenprocoumon,Mirtazapine,1
Imipramine,Clotrimazole,0
Disopyramide,Chlorpromazine,1
Glipizide,Gemfibrozil,0
Paliperidone,Droperidol,1
Yohimbine,Clarithromycin,0
Deferasirox,Itraconazole,0
Clopidogrel,Dronedarone,0
Desipramine,Terbinafine,0
Fluoxetine,Cinacalcet,0
Testosterone,Nilotinib,0
Zuclopenthixol,Mirabegron,1
Ciprofloxacin,Trimipramine,1
Olopatadine,Sildenafil,0
Mycophenolate mofetil,Cobicistat,0
Dicoumarol,Epoprostenol,1
Estradiol,Nefazodone,0
Metipranolol,Salicylic acid,0
Lorcaserin,Isradipine,0
Metipranolol,Zileuton,0
Cinacalcet,Mexiletine,0
Nateglinide,Tipranavir,0
Rifabutin,Isavuconazonium,0
Rifampicin,Amiodarone,0
Prochlorperazine,Luliconazole,0
Lumacaftor,Olanzapine,0
Nicorandil,Losartan,0
Theophylline,Netupitant,0
Vardenafil,Ticlopidine,0
Sulfadiazine,Manidipine,0
Apixaban,Irbesartan,0
Tofacitinib,Isradipine,0
Vardenafil,Fusidic acid,0
Lidocaine,Zucapsaicin,0
Lidocaine,Verapamil,0
Metoprolol,Nevirapine,0
Lorcaserin,Chlorpromazine,0
Bisoprolol,Clotrimazole,0
Benzphetamine,Quetiapine,0
Olsalazine,Gemifloxacin,0
Palbociclib,Sulfisoxazole,0
Losartan,Indinavir,0
Apixaban,Fluvastatin,0
Cholecalciferol,Osimertinib,0
Ambrisentan,Methylphenidate,0
Conivaptan,Isradipine,0
Silodosin,Chlorpromazine,0
Tranylcypromine,Tibolone,0
Tacrolimus,Nafamostat,0
Buprenorphine,Tamoxifen,0
Pantoprazole,Aripiprazole,0
Pentobarbital,Ketoconazole,0
Mianserin,Nilotinib,0
Fosphenytoin,Venlafaxine,0
Cilostazol,Riociguat,0
Fluoxetine,Netupitant,0
Clonidine,Lumefantrine,0
Domperidone,Lumefantrine,0
Mirtazapine,Sitagliptin,0
Digoxin,Olsalazine,0
Ziprasidone,Hydroxyzine,1
Edoxaban,Dasatinib,0
Protriptyline,Clotrimazole,0
Lidocaine,Clobazam,0
Ivacaftor,Itraconazole,0
Ibrutinib,Rosuvastatin,0
Ubidecarenone,Glipizide,0
Edoxaban,Nitrendipine,0
Mexiletine,Quazepam,0
Leflunomide,Azithromycin,0
Chlorpropamide,Fluvastatin,0
Dabrafenib,Nicotine,0
Dihydroergotamine,Timolol,1
Carbamazepine,Diltiazem,0
Glipizide,Diltiazem,0
Cisapride,Leflunomide,0
Antipyrine,Lumacaftor,0
Iloperidone,Clomipramine,1
Perphenazine,Leflunomide,0
Ziprasidone,Amiodarone,0
Phenoxybenzamine,Amiodarone,0
Methotrimeprazine,Cholecalciferol,0
Buspirone,Pentamidine,0
Quinine,Modafinil,0
Mirtazapine,Atomoxetine,0
Ixazomib,Moclobemide,0
Lorcaserin,Vemurafenib,0
Buprenorphine,Ritonavir,0
Repaglinide,Mifepristone,0
Doxorubicin,Doxepin,0
Duloxetine,Ziprasidone,0
Phenprocoumon,Lovastatin,0
Ticlopidine,Telaprevir,0
Rifampicin,Trimethoprim,0
Yohimbine,Mifepristone,0
Acebutolol,Formoterol,0
Phenytoin,Silodosin,0
Tizanidine,Zileuton,0
Bupranolol,Ouabain,1
Ximelagatran,Indinavir,0
Dofetilide,Tamoxifen,1
Deferasirox,Bisoprolol,0
Lidocaine,Nilotinib,0
Mianserin,Abiraterone,0
Mefloquine,Esmolol,1
Venlafaxine,Isradipine,0
Cyclosporine,Glyburide,0
Apixaban,Olaparib,0
Tipranavir,Chlorpropamide,0
Rucaparib,Fosamprenavir,0
Naloxegol,Desipramine,0
Protriptyline,Diphenhydramine,0
Polythiazide,Nebivolol,0
Quinidine,Levofloxacin,1
Alogliptin,Acetylsalicylic acid,1
Pindolol,Teriflunomide,0
Palbociclib,Ivacaftor,0
Suvorexant,Saquinavir,0
Quetiapine,Olaparib,0
Cimetidine,Methylphenidate,0
Thioridazine,Diltiazem,0
Cisapride,Fesoterodine,0
Lercanidipine,Mifepristone,0
Tipranavir,Lobeglitazone,0
Arformoterol,Pantoprazole,0
Labetalol,Tranylcypromine,0
Dronabinol,Topiroxostat,0
Cyproterone acetate,Mianserin,0
Thalidomide,Dosulepin,0
Pentamidine,Testosterone,1
Quazepam,Citalopram,0
Fosphenytoin,Clozapine,0
Sunitinib,Cobicistat,0
Estrone,Isoniazid,0
Clozapine,Escitalopram,0
Iloperidone,Cholecalciferol,0
Celiprolol,Hydroflumethiazide,0
Ciprofloxacin,Sulfisoxazole,1
Valsartan,Midostaurin,0
Argatroban,Epoprostenol,0
Olopatadine,Furosemide,0
Gemifloxacin,Posaconazole,1
Mirtazapine,Sulfadiazine,0
Estradiol,Aripiprazole,0
Methotrimeprazine,Ziprasidone,1
Tacrolimus,Ivacaftor,0
Paraldehyde,Doxepin,1
Amitriptyline,Perampanel,1
Dabrafenib,Tamsulosin,0
Pindolol,Diphenhydramine,0
Enalapril,Fosamprenavir,0
Alfuzosin,Fosamprenavir,0
Suvorexant,Simeprevir,0
Guanfacine,Telithromycin,0
Tolbutamide,Sitagliptin,1
Cyclobenzaprine,Stiripentol,0
Clopidogrel,Paroxetine,0
Warfarin,Midostaurin,0
Sunitinib,Olsalazine,1
Fluvastatin,Isradipine,0
Caffeine,Ziprasidone,0
Cabergoline,Telaprevir,0
Olopatadine,Ceritinib,0
Cyclophosphamide,Esomeprazole,0
Darifenacin,Dronabinol,0
Nelfinavir,Clotrimazole,0
Nadolol,Chloroquine,0
Bromocriptine,Dosulepin,0
Quinidine,Hydroxyzine,1
Salicylic acid,Clotrimazole,0
Secobarbital,Domperidone,0
Ondansetron,Haloperidol,1
Methotrimeprazine,Cimetidine,0
Omeprazole,Dronedarone,0
Pazopanib,Mexiletine,0
Conivaptan,Cholecalciferol,0
Enzalutamide,Abiraterone,0
Promazine,Pantoprazole,0
Alfuzosin,Netupitant,0
Rifaximin,Digoxin,0
Tizanidine,Mexiletine,0
Haloperidol,Fluvoxamine,0
Tolbutamide,Levomilnacipran,1
Sodium oxybate,Droperidol,1
Pimozide,Mefloquine,1
Disopyramide,Fluvoxamine,0
Galantamine,Tranylcypromine,0
Seratrodast,Midostaurin,0
Phenindione,Treprostinil,1
Vincristine,Isradipine,0
Primidone,Dasatinib,0
Bisoprolol,Fluoxetine,0
Pitavastatin,Luliconazole,0
Bupropion,Sorafenib,0
Digitoxin,Diltiazem,0
Donepezil,Bortezomib,0
Thiopental,Ropinirole,0
Pitavastatin,Conivaptan,0
Prochlorperazine,Clozapine,0
Amoxapine,Darunavir,0
Primidone,Warfarin,0
Phenprocoumon,Ketoconazole,0
Isoniazid,Ketoconazole,0
Sevoflurane,Ropinirole,0
Hydroxyzine,Droperidol,1
Bisoprolol,Nafamostat,0
Sertraline,Dasatinib,0
Enzalutamide,Atazanavir,0
Boceprevir,Moexipril,0
Pseudoephedrine,Quetiapine,0
Naloxegol,Losartan,0
Quazepam,Trimethoprim,0
Clozapine,Rabeprazole,0
Zolpidem,Perampanel,1
Sertraline,Lopinavir,0
Etravirine,Artemether,0
Buspirone,Ketoconazole,0
Chlorothiazide,Fluoxetine,0
Meloxicam,Delavirdine,0
Ambrisentan,Rucaparib,0
Bortezomib,Stiripentol,0
Etravirine,Clotrimazole,0
Toremifene,Citalopram,0
Phenoxybenzamine,Diltiazem,0
Methylene blue,Metipranolol,0
Clonidine,Clozapine,0
Selegiline,Granisetron,1
Domperidone,Iloperidone,1
Pargyline,Metyrosine,0
Escitalopram,Olaparib,0
Tipranavir,Moexipril,0
Dextroamphetamine,Tipranavir,0
Lorcaserin,Darifenacin,0
Glipizide,Dihydroergotamine,0
Phenobarbital,Etravirine,0
Nadolol,Tibolone,0
Arformoterol,Clemastine,0
Enalapril,Itraconazole,0
Lumacaftor,Mexiletine,0
Cholecalciferol,Ziprasidone,0
Afatinib,Atenolol,0
Celiprolol,Fluconazole,0
Amiodarone,Azithromycin,1
Fosphenytoin,Chlorpromazine,0
Digoxin,Carvedilol,1
Nebivolol,Metoprolol,0
Asenapine,Risperidone,1
Warfarin,Posaconazole,0
Cyclosporine,Parecoxib,1
Escitalopram,Nicardipine,1
Olsalazine,Quinethazone,0
Rifampicin,Riociguat,0
Sertraline,Toloxatone,1
Promazine,Darunavir,0
Promazine,Citalopram,0
Bosutinib,Citalopram,0
Mestranol,Clotrimazole,0
Buspirone,Lopinavir,0
Trimipramine,Modafinil,0
Desvenlafaxine,Hydrocodone,1
Promazine,Cimetidine,0
Anagrelide,Lumefantrine,1
Cyclophosphamide,Diphenhydramine,0
Zolpidem,Artemether,0
Tipranavir,Isoniazid,0
Rilpivirine,Repaglinide,0
Buprenorphine,Pregabalin,1
Gliclazide,Phenelzine,1
Ibrutinib,Fusidic acid,0
Methylphenidate,Clemastine,0
Loratadine,Quinidine,0
Hydrocodone,Methylphenobarbital,1
Teriflunomide,Rasagiline,0
Nicardipine,Clemastine,0
Lumacaftor,Ritonavir,0
Buspirone,Darifenacin,0
Glyburide,Paroxetine,1
Ubidecarenone,Primaquine,0
Rifaximin,Metoprolol,0
Artemether,Lobeglitazone,0
Ranolazine,Tramadol,0
Aliskiren,Rucaparib,0
Anagrelide,Methadone,1
Nadolol,Meloxicam,0
Ticlopidine,Dosulepin,0
Isavuconazonium,Sildenafil,0
Cyclosporine,Venlafaxine,0
Nebivolol,Olopatadine,0
Lidocaine,Crisaborole,0
Trimethoprim,Ketoconazole,0
Boceprevir,Iloperidone,0
Phenprocoumon,Isavuconazonium,0
Lumacaftor,Artemether,0
Quinidine,Simeprevir,0
Promazine,Cobicistat,0
Vardenafil,Clotrimazole,0
Donepezil,Methotrimeprazine,0
Venlafaxine,Fosaprepitant,0
Mitotane,Cisapride,0
Quinine,Methotrimeprazine,1
Phenobarbital,Timolol,0
Metoprolol,Bortezomib,0
Phenobarbital,Granisetron,0
Conivaptan,Cyclophosphamide,0
Orphenadrine,Promethazine,1
Efavirenz,Hydroxyzine,1
Phenobarbital,Penbutolol,0
Edoxaban,Isavuconazonium,0
Arformoterol,Stiripentol,0
Sotalol,Toremifene,1
Nicotine,Itraconazole,0
Saxagliptin,Aprepitant,0
Azelastine,Secobarbital,1
Hydrocodone,Minocycline,1
Dextroamphetamine,Clomipramine,0
Clozapine,Valsartan,0
Nateglinide,Topiroxostat,0
Silodosin,Fosamprenavir,0
Mycophenolate mofetil,Ticlopidine,0
Indinavir,Sulfisoxazole,0
Pentobarbital,Alogliptin,0
Pentobarbital,Cholecalciferol,0
Sitagliptin,Olaparib,0
Ubidecarenone,Fosamprenavir,0
Bosentan,Ethinylestradiol,0
Antipyrine,Omeprazole,0
Atazanavir,Fluconazole,0
Terbinafine,Ticagrelor,0
Tolvaptan,Felodipine,0
Dicoumarol,Zafirlukast,0
Pregabalin,Haloperidol,0
Metamfetamine,Methylene blue,0
Disopyramide,Crizotinib,0
Doxorubicin,Testosterone,0
Amitriptyline,Atomoxetine,0
Primidone,Galantamine,0
Nicardipine,Fusidic acid,0
Phenytoin,Etravirine,0
Conivaptan,Ergotamine,0
Quinine,Paliperidone,1
Esomeprazole,Aprepitant,0
Chlorpromazine,Dihydroergotamine,0
Saquinavir,Cobicistat,0
Pirlindole,Penbutolol,0
Zafirlukast,Ketoconazole,0
Rosuvastatin,Vincristine,0
Tolvaptan,Olanzapine,0
Carbamazepine,Tramadol,1
Saquinavir,Tolbutamide,0
Fosphenytoin,Imatinib,0
Seratrodast,Nefazodone,0
Lumiracoxib,Fluorouracil,0
Olanzapine,Rosiglitazone,0
Buprenorphine,Isavuconazonium,0
Epinastine,Voriconazole,0
Methylene blue,Sertraline,1
Haloperidol,Rolapitant,0
Pioglitazone,Duloxetine,1
Gemifloxacin,Fluconazole,1
Sertraline,Posaconazole,0
Rifampicin,Amprenavir,0
Bosutinib,Clotrimazole,0
Quinidine,Fesoterodine,0
Clonidine,Zucapsaicin,0
Phenoxybenzamine,Lovastatin,0
Donepezil,Nilotinib,0
Magnesium sulfate,Droperidol,1
Imipramine,Captopril,0
Simeprevir,Stiripentol,0
Argatroban,Fusidic acid,0
Paliperidone,Mirtazapine,0
Saxagliptin,Olsalazine,1
Tamoxifen,Ivacaftor,0
Fluvastatin,Amiodarone,0
Formoterol,Efavirenz,0
Lidocaine,Fosamprenavir,0
Silodosin,Aprepitant,0
Primidone,Ceritinib,0
Amitriptyline,Midostaurin,0
Colchicine,Haloperidol,0
Pantoprazole,Fusidic acid,0
Ergotamine,Nelfinavir,0
Glyburide,Labetalol,1
Amobarbital,Hydroflumethiazide,0
Trimethoprim,Felodipine,0
Droperidol,Nicardipine,1
Amoxapine,Delavirdine,0
Nelfinavir,Cobicistat,0
Silodosin,Fluoxetine,0
Minaprine,Bopindolol,1
Desipramine,Tipranavir,0
Phenprocoumon,Epinastine,1
Risperidone,Desipramine,0
Doxorubicin,Nitrendipine,0
Amitriptyline,Tolbutamide,0
Buspirone,Dolasetron,1
Ranolazine,Atazanavir,0
Tamsulosin,Ticlopidine,0
Vemurafenib,Bosentan,0
Mirabegron,Darunavir,0
Zuclopenthixol,Terbinafine,0
Aripiprazole,Doxycycline,0
Acemetacin,Selexipag,0
Etoricoxib,Cimetidine,0
Tacrolimus,Sitagliptin,0
Sunitinib,Voriconazole,0
Ambrisentan,Stiripentol,0
Mirabegron,Atazanavir,0
Trimipramine,Trimethoprim,0
Lumacaftor,Indapamide,0
Imipramine,Nicorandil,0
Rifampicin,Alprenolol,0
Zuclopenthixol,Ritonavir,1
Thalidomide,Ziprasidone,1
Pitavastatin,Isavuconazonium,0
Perphenazine,Paroxetine,0
Artemether,Venlafaxine,1
Pirlindole,Doxazosin,0
Idelalisib,Nelfinavir,0
Doxylamine,Nabilone,1
Toremifene,Ranolazine,0
Cyclobenzaprine,Abiraterone,0
Propafenone,Simeprevir,0
Rucaparib,Voriconazole,0
Alfuzosin,Captopril,0
Prucalopride,Chloroquine,0
Alogliptin,Ticlopidine,0
Escitalopram,Hydroxyzine,1
Imipramine,Cinacalcet,0
Aripiprazole,Ivacaftor,0
Trichlormethiazide,Venlafaxine,0
Amiodarone,Diphenhydramine,1
Apixaban,Valsartan,0
Propafenone,Lidocaine,0
Prucalopride,Doxorubicin,0
Quetiapine,Olanzapine,1
Cholecalciferol,Fluconazole,0
Ixazomib,Dronedarone,0
Felodipine,Simeprevir,0
Everolimus,Daunorubicin,0
Pazopanib,Cimetidine,0
Bosentan,Estradiol,0
Pravastatin,Phenelzine,0
Tranylcypromine,Duloxetine,0
Ticagrelor,Aprepitant,0
Enzalutamide,Amitriptyline,0
Carbamazepine,Bisoprolol,0
Glipizide,Isradipine,0
Rifaximin,Simvastatin,0
Tapentadol,Rotigotine,0
Theophylline,Caffeine,0
Doxazosin,Lorcaserin,0
Carteolol,Teriflunomide,0
Paroxetine,Buspirone,1
Imatinib,Idelalisib,0
Telithromycin,Fusidic acid,0
Cisapride,Sulfamethoxazole,1
Iloperidone,Dasatinib,0
Verapamil,Indinavir,0
Prochlorperazine,Crizotinib,0
Gliclazide,Salicylic acid,1
Escitalopram,Cocaine,0
Nicardipine,Methotrimeprazine,0
Enzalutamide,Stiripentol,0
Clozapine,Desipramine,1
Mianserin,Luliconazole,0
Hexobarbital,Dasatinib,0
Phenprocoumon,Atazanavir,0
Ropinirole,Boceprevir,0
Caffeine,Valsartan,0
Efavirenz,Lovastatin,0
Risperidone,Fosaprepitant,0
Hydrochlorothiazide,Fluvoxamine,0
Acenocoumarol,Tibolone,1
Cyclosporine,Ixazomib,0
Rasagiline,Bosentan,0
Betaxolol,Ketoconazole,0
Doxepin,Atomoxetine,0
Thioridazine,Bupropion,0
Trimipramine,Minaprine,1
Thioridazine,Manidipine,0
Methotrimeprazine,Stiripentol,1
Doxorubicin,Acetylsalicylic acid,0
Gemfibrozil,Luliconazole,0
Ubidecarenone,Delavirdine,0
Nateglinide,Clemastine,0
Sitagliptin,Telithromycin,0
Sevoflurane,Cyclosporine,0
Quazepam,Omeprazole,0
Benzphetamine,Nilotinib,0
Promazine,Ranolazine,1
Primidone,Vardenafil,0
Lumacaftor,Cocaine,0
Moclobemide,Manidipine,0
Toloxatone,Phenoxybenzamine,0
Torasemide,Tamoxifen,0
Sulfadiazine,Topiroxostat,0
Buprenorphine,Imipramine,1
Chlorthalidone,Duloxetine,0
Aminophylline,Stiripentol,0
Lorcaserin,Celecoxib,0
Loratadine,Ritonavir,0
Polythiazide,Tibolone,0
Fosphenytoin,Enzalutamide,0
Celecoxib,Darunavir,0
Topotecan,Mefloquine,0
Galantamine,Carteolol,1
Dorzolamide,Leflunomide,0
Thiamylal,Hydroxyzine,1
Idarubicin,Imipramine,0
Mianserin,Voriconazole,0
Vardenafil,Hydroflumethiazide,0
Everolimus,Glyburide,0
Fosphenytoin,Rifabutin,0
Loratadine,Rolapitant,0
Paroxetine,Mifepristone,1
Diltiazem,Clarithromycin,0
Orphenadrine,Boceprevir,0
Bosentan,Cabergoline,0
Warfarin,Paroxetine,1
Haloperidol,Voriconazole,0
Vardenafil,Stiripentol,0
Acenocoumarol,Ropinirole,0
Arformoterol,Bumetanide,0
Diphenhydramine,Topiroxostat,0
Alogliptin,Chloroquine,0
Glipizide,Selegiline,1
Doxorubicin,Bepridil,0
Alogliptin,Isradipine,0
Sevoflurane,Rotigotine,0
Celecoxib,Netupitant,0
Pantoprazole,Amiodarone,0
Afatinib,Etravirine,0
Propofol,Zafirlukast,0
Rifapentine,Silodosin,0
Paraldehyde,Primidone,1
Bromocriptine,Pimozide,0
Dronabinol,Nevirapine,0
Thalidomide,Clomipramine,1
Rifampicin,Estradiol,0
Dicoumarol,Celecoxib,1
Bumetanide,Lithium cation,0
Acetylsalicylic acid,Delavirdine,0
Simvastatin,Ranolazine,0
Pantoprazole,Osimertinib,0
Pitavastatin,Topotecan,0
Tranylcypromine,Fesoterodine,0
Risperidone,Ritonavir,0
Antipyrine,Nicardipine,0
Edoxaban,Cobicistat,0
Clonidine,Trimipramine,0
Rucaparib,Aprepitant,0
Rivaroxaban,Rucaparib,0
Amphetamine,Nadolol,0
Idarubicin,Dosulepin,0
Sulfamethoxazole,Rasagiline,1
Phenprocoumon,Etacrynic acid,0
Cilostazol,Caffeine,0
Aminophylline,Imatinib,0
Buprenorphine,Felodipine,0
Trichlormethiazide,Citalopram,0
Crizotinib,Mirtazapine,1
Glimepiride,Dosulepin,0
Alfuzosin,Isradipine,0
Amphetamine,Rasagiline,0
Olanzapine,Atazanavir,0
Tolazamide,Cimetidine,0
Artemether,Trimipramine,1
Mirtazapine,Diltiazem,0
Mitotane,Midostaurin,0
Furazolidone,Diltiazem,0
Everolimus,Doxycycline,0
Sertraline,Imatinib,0
Metipranolol,Ibuprofen,0
Prochlorperazine,Netupitant,0
Warfarin,Escitalopram,1
Tolbutamide,Penbutolol,1
Caffeine,Felodipine,0
Iloperidone,Risperidone,1
Sunitinib,Rucaparib,0
Pazopanib,Galantamine,1
Quinidine,Amiodarone,1
Tolazamide,Citalopram,1
Progesterone,Fluvastatin,0
Idarubicin,Panobinostat,0
Crizotinib,Trimethoprim,1
Arformoterol,Imipramine,0
Levomilnacipran,Hydrocodone,1
Aliskiren,Mycophenolate mofetil,0
Ubidecarenone,Aprepitant,0
Isavuconazonium,Cyclosporine,0
Nateglinide,Isoniazid,0
Lumiracoxib,Zucapsaicin,0
Doxazosin,Hydroflumethiazide,0
Risperidone,Telithromycin,0
Rosuvastatin,Apixaban,0
Benzphetamine,Ivacaftor,0
Ixazomib,Crizotinib,0
Sorafenib,Topiroxostat,0
Prucalopride,Pravastatin,0
Protriptyline,Mifepristone,1
Rosiglitazone,Sulfamethoxazole,0
Duloxetine,Isoniazid,0
Warfarin,Modafinil,0
Primidone,Caffeine,0
Fosphenytoin,Sorafenib,0
Paraldehyde,Tizanidine,1
Quazepam,Hydroxyzine,1
Naloxegol,Ritonavir,0
Valsartan,Lobeglitazone,0
Nortriptyline,Doxylamine,1
Deferasirox,Riociguat,0
Mianserin,Lopinavir,0
Amoxapine,Brimonidine,1
Nateglinide,Levofloxacin,1
Levodopa,Dosulepin,0
Pindolol,Chloroquine,0
Celiprolol,Erythromycin,0
Guanfacine,Trimipramine,0
Mestranol,Nicardipine,0
Leflunomide,Hydrochlorothiazide,0
Chlorpropamide,Pindolol,1
Leflunomide,Amiodarone,0
Granisetron,Nilotinib,0
Propafenone,Gemifloxacin,1
Primidone,Selexipag,0
Dorzolamide,Ketoconazole,0
Clopidogrel,Iloprost,0
Treprostinil,Bepridil,0
Quinidine,Valproic acid,0
Ticlopidine,Manidipine,0
Ciprofloxacin,Haloperidol,1
Sertraline,Fluvoxamine,0
Mianserin,Doxycycline,0
Nicotine,Azithromycin,0
Diphenhydramine,Desipramine,0
Theophylline,Chloroquine,0
Zileuton,Clotrimazole,0
Buprenorphine,Amiodarone,0
Azelastine,Epinastine,0
Metolazone,Tolazamide,0
Pseudoephedrine,Ergotamine,0
Bepridil,Tipranavir,0
Enzalutamide,Idelalisib,0
Cocaine,Ranolazine,0
Parecoxib,Lovastatin,0
Pantoprazole,Nicardipine,0
Bopindolol,Balsalazide,0
Lumacaftor,Estrone,0
Carteolol,Cocaine,0
Propranolol,Ouabain,1
Quinidine,Phenobarbital,1
Paraldehyde,Olanzapine,1
Promethazine,Terbinafine,0
Ticlopidine,Panobinostat,0
Etacrynic acid,Tolazamide,0
Lidocaine,Bisoprolol,0
Lercanidipine,Cimetidine,0
Clobazam,Voriconazole,0
Cyclophosphamide,Zucapsaicin,0
Mefloquine,Olaparib,0
Arformoterol,Clobazam,0
Buspirone,Salicylic acid,0
Amiodarone,Abiraterone,0
Tamoxifen,Midostaurin,0
Simvastatin,Azithromycin,1
Irbesartan,Celiprolol,0
Tranylcypromine,Granisetron,1
Silodosin,Olaparib,0
Sulfadiazine,Netupitant,0
Bepridil,Ambrisentan,0
Panobinostat,Indapamide,1
Vincristine,Chlorpropamide,0
Pazopanib,Trimethoprim,0
Tibolone,Methylphenidate,0
Olopatadine,Cobicistat,0
Repaglinide,Saxagliptin,1
Digoxin,Isavuconazonium,0
Promethazine,Bupranolol,0
Hydrochlorothiazide,Tibolone,0
Ibrutinib,Valproic acid,0
Buspirone,Mifepristone,0
Rifampicin,Phenindione,0
Canagliflozin,Mesalazine,1
Indapamide,Luliconazole,0
Fosphenytoin,Luliconazole,0
Hydrochlorothiazide,Gliclazide,0
Timolol,Seratrodast,0
Amphetamine,Aliskiren,0
Cisapride,Protriptyline,1
Cyproterone acetate,Lorcaserin,0
Aprepitant,Isoniazid,0
Perphenazine,Irbesartan,0
Escitalopram,Pirlindole,1
Carvedilol,Epoprostenol,0
Gliclazide,Delavirdine,0
Idarubicin,Quinidine,0
Carvedilol,Lobeglitazone,0
Methylene blue,Metyrosine,0
Chloroquine,Iloprost,0
Pioglitazone,Sorafenib,0
Gliclazide,Escitalopram,1
Ethinylestradiol,Doxycycline,0
Citalopram,Omeprazole,0
Deferasirox,Dihydroergotamine,0
Dabrafenib,Olopatadine,0
Salicylic acid,Norfloxacin,0
Nateglinide,Pioglitazone,1
Dicoumarol,Sulfisoxazole,0
Thiopental,Metyrosine,0
Secobarbital,Manidipine,0
Metipranolol,Etoricoxib,0
Bisoprolol,Mirabegron,0
Cyproterone acetate,Estrone sulfate,0
Tolterodine,Saquinavir,0
Paliperidone,Galantamine,1
Deferasirox,Abiraterone,0
Propofol,Felodipine,0
Fluoxetine,Furazolidone,1
Itraconazole,Atazanavir,0
Iloperidone,Saxagliptin,0
Metoprolol,Buprenorphine,0
Levomilnacipran,Nilotinib,0
Quinidine,Telithromycin,0
Methadone,Sulfamethoxazole,1
Ledipasvir,Simeprevir,0
Mycophenolate mofetil,Bendroflumethiazide,0
Phenobarbital,Methylphenidate,0
Tacrolimus,Verapamil,0
Sildenafil,Indapamide,0
Efavirenz,Quazepam,0
Telaprevir,Clarithromycin,0
Glimepiride,Pregabalin,1
Thalidomide,Perampanel,1
Guanfacine,Topiroxostat,0
Glyburide,Oxprenolol,1
Pentobarbital,Doxylamine,1
Rifabutin,Luliconazole,0
Yohimbine,Nelfinavir,0
Clomipramine,Buspirone,1
Rifapentine,Dihydroergotamine,0
Phenprocoumon,Ziprasidone,0
Diphenhydramine,Darunavir,0
Rifabutin,Hexobarbital,0
Tapentadol,Topiroxostat,0
Sotalol,Lapatinib,1
Ubidecarenone,Clozapine,0
Fosphenytoin,Aprepitant,0
Promazine,Lidocaine,0
Bosutinib,Gemfibrozil,0
Selexipag,Imatinib,0
Salicylic acid,Fluorouracil,0
Argatroban,Atomoxetine,0
Riociguat,Clotrimazole,0
Caffeine,Palbociclib,0
Escitalopram,Methotrimeprazine,1
Pseudoephedrine,Hydroxyzine,0
Vemurafenib,Glyburide,0
Propofol,Gemfibrozil,0
Vemurafenib,Nilvadipine,0
Warfarin,Lovastatin,0
Tacrolimus,Nateglinide,0
Ranolazine,Verapamil,0
Gemfibrozil,Telaprevir,0
Deferasirox,Propranolol,0
Vincristine,Glyburide,0
Clonidine,Cabergoline,0
Selegiline,Lopinavir,0
Riociguat,Itraconazole,0
Dihydroergotamine,Methylene blue,0
Olanzapine,Nicardipine,0
Promethazine,Atazanavir,0
Perphenazine,Fluvastatin,0
Quazepam,Nabilone,1
Phenoxybenzamine,Nilotinib,0
Zolpidem,Rolapitant,0
Rabeprazole,Idelalisib,0
Methylphenobarbital,Hydroxyzine,1
Nateglinide,Lopinavir,0
Olopatadine,Trichlormethiazide,0
Acetyldigitoxin,Propafenone,0
Iloperidone,Pramipexole,0
Sodium oxybate,Ropinirole,0
Methadone,Fingolimod,1
Pazopanib,Crizotinib,0
Naloxegol,Selegiline,0
Bosentan,Idelalisib,0
Etoricoxib,Lumefantrine,0
Nefazodone,Saxagliptin,0
Chlorothiazide,Tolazamide,0
Diclofenac,Simeprevir,0
Tipranavir,Saxagliptin,0
Balsalazide,Etacrynic acid,0
Silodosin,Rolapitant,0
Pentobarbital,Tamoxifen,0
Pioglitazone,Balsalazide,1
Gliclazide,Paroxetine,1
Ergotamine,Dolasetron,1
Alprenolol,Dosulepin,0
Valsartan,Manidipine,0
Estrone,Stiripentol,0
Lidocaine,Nebivolol,0
Phenindione,Clomipramine,1
Chlorpromazine,Trimethoprim,0
Propafenone,Palbociclib,0
Escitalopram,Treprostinil,1
Bisoprolol,Fosaprepitant,0
Thioridazine,Chlorpromazine,0
Chlorothiazide,Tibolone,0
Anagrelide,Clozapine,1
Quinine,Promethazine,1
Antipyrine,Dronedarone,0
Cyclophosphamide,Digoxin,0
Digoxin,Enalaprilat,0
Mianserin,Phenytoin,0
Iloprost,Metyrosine,0
Brimonidine,Sodium oxybate,1
Nilotinib,Galantamine,1
Methylphenobarbital,Alprenolol,0
Macitentan,Posaconazole,0
Nilotinib,Amoxapine,1
Diphenhydramine,Ticlopidine,0
Rifampicin,Etravirine,0
Carteolol,Ranolazine,0
Tolvaptan,Caffeine,0
Cyclobenzaprine,Thioridazine,0
Quazepam,Fluvastatin,0
Sulfadiazine,Tolbutamide,0
Deferasirox,Sorafenib,0
Glipizide,Ketoconazole,0
Digoxin,Labetalol,1
Artemether,Irbesartan,0
Glyburide,Metipranolol,1
Prochlorperazine,Idelalisib,0
Phenytoin,Theophylline,0
Tolvaptan,Amprenavir,0
Aripiprazole,Stiripentol,0
Bendroflumethiazide,Ambrisentan,0
Afatinib,Colchicine,0
Eliglustat,Fosamprenavir,0
Protriptyline,Furazolidone,1
Testosterone,Fluconazole,0
Methylphenobarbital,Clotrimazole,0
Tofacitinib,Fosaprepitant,0
Leflunomide,Lidocaine,0
Theophylline,Ropinirole,0
Lopinavir,Osimertinib,0
Hexobarbital,Citalopram,0
Warfarin,Acemetacin,1
Theophylline,Doxycycline,0
Pargyline,Aliskiren,0
Tipranavir,Efavirenz,0
Eliglustat,Promethazine,1
Sulfamethoxazole,Nicardipine,0
Isradipine,Stiripentol,0
Venlafaxine,Leflunomide,0
Vincristine,Dabigatran etexilate,0
Seratrodast,Irbesartan,0
Granisetron,Promazine,1
Phenytoin,Droperidol,1
Ibrutinib,Atazanavir,0
Rifapentine,Aprepitant,0
Guanfacine,Cabergoline,0
Parecoxib,Losartan,0
Enzalutamide,Fesoterodine,0
Panobinostat,Deslanoside,0
Carvedilol,Haloperidol,0
Midostaurin,Saquinavir,0
Pregabalin,Lidocaine,0
Abiraterone,Stiripentol,0
Escitalopram,Mefloquine,1
Iloperidone,Chlorpromazine,0
Azithromycin,Indinavir,0
Cyclosporine,Fesoterodine,0
Trimethoprim,Cobicistat,0
Loratadine,Dronedarone,0
Carvedilol,Eliglustat,0
Anagrelide,Quetiapine,1
Etoricoxib,Sorafenib,0
Enzalutamide,Rabeprazole,0
Idelalisib,Itraconazole,0
Edoxaban,Posaconazole,0
Galantamine,Cobicistat,0
Primidone,Simeprevir,0
Loratadine,Methadone,0
Daunorubicin,Mycophenolate mofetil,0
Rifapentine,Valproic acid,0
Promazine,Nicardipine,0
Thiamylal,Cholecalciferol,0
Boceprevir,Edoxaban,0
Tamsulosin,Methotrimeprazine,0
Fosphenytoin,Boceprevir,0
Primidone,Chloroquine,0
Mitotane,Mefloquine,0
Nitrendipine,Bortezomib,0
Vemurafenib,Rolapitant,0
Mestranol,Rucaparib,0
Haloperidol,Formoterol,1
Moclobemide,Sorafenib,0
Eliglustat,Trimipramine,1
Phenytoin,Manidipine,0
Mianserin,Eliglustat,0
Pravastatin,Cyproterone acetate,0
Colchicine,Lumacaftor,0
Lercanidipine,Nelfinavir,0
Dicoumarol,Iloprost,1
Brimonidine,Magnesium sulfate,1
Bosentan,Pravastatin,0
Lithium cation,Parecoxib,0
Panobinostat,Tofacitinib,0
Aminophylline,Sulfisoxazole,0
Fluvastatin,Cocaine,0
Osimertinib,Fluorouracil,0
Ranolazine,Fluvoxamine,0
Seratrodast,Norfloxacin,0
Quazepam,Cimetidine,0
Guanfacine,Dronabinol,1
Rabeprazole,Riociguat,0
Esmolol,Paroxetine,0
Chlorpromazine,Sorafenib,1
Tofacitinib,Crizotinib,1
Dasatinib,Abiraterone,0
Minaprine,Pindolol,1
Nilvadipine,Verapamil,0
Risperidone,Imatinib,0
Selegiline,Aprepitant,0
Timolol,Nilotinib,0
Amiodarone,Isavuconazonium,0
Darifenacin,Diltiazem,0
Pioglitazone,Lumacaftor,0
Alfuzosin,Nelfinavir,0
Nateglinide,Norfloxacin,1
Chlorothiazide,Nefazodone,0
Alfuzosin,Clonidine,0
Ibuprofen,Levofloxacin,0
Prochlorperazine,Rucaparib,0
Clomipramine,Nabilone,1
Doxazosin,Thioridazine,0
Nicotine,Ceritinib,0
Quetiapine,Alfuzosin,1
Azithromycin,Nortriptyline,1
Primaquine,Chlorpromazine,1
Ethanol,Secobarbital,1
Rifampicin,Terbinafine,0
Tolterodine,Irbesartan,0
Haloperidol,Sevoflurane,1
Carbamazepine,Rolapitant,0
Vemurafenib,Sulfisoxazole,0
Ubidecarenone,Tipranavir,0
Bosutinib,Delavirdine,0
Escitalopram,Erythromycin,0
Modafinil,Diltiazem,0
Atomoxetine,Gemfibrozil,0
Indapamide,Olaparib,0
Zafirlukast,Ticlopidine,0
Dihydroergotamine,Metipranolol,0
Vardenafil,Trichlormethiazide,0
Nebivolol,Darunavir,0
Mirabegron,Ceritinib,0
Chlorpromazine,Tipranavir,0
Tizanidine,Amoxapine,0
Phenprocoumon,Sertraline,1
Trimethoprim,Isradipine,0
Toremifene,Theophylline,0
Dronedarone,Darunavir,0
Domperidone,Itraconazole,0
Amprenavir,Ketoconazole,0
Ibrutinib,Cholecalciferol,0
Perampanel,Sildenafil,0
Quazepam,Sildenafil,0
Pimozide,Promethazine,1
Indapamide,Alogliptin,0
Simvastatin,Eliglustat,0
Pazopanib,Bortezomib,1
Rifaximin,Voriconazole,0
Rifampicin,Ivacaftor,0
Nicotine,Idelalisib,0
Deferasirox,Nicotine,0
Sildenafil,Oxprenolol,0
Carbamazepine,Pioglitazone,0
Crizotinib,Atomoxetine,1
Antipyrine,Isoniazid,0
Rabeprazole,Nicardipine,0
Lidocaine,Oxprenolol,0
Olanzapine,Alogliptin,0
Secobarbital,Zileuton,0
Dihydroergotamine,Toloxatone,0
Anagrelide,Diphenhydramine,1
Doxepin,Palbociclib,0
Buspirone,Eliglustat,0
Nilotinib,Indapamide,1
Phenprocoumon,Crisaborole,0
Gliclazide,Abiraterone,0
Betaxolol,Trichlormethiazide,0
Rifaximin,Amiodarone,0
Secobarbital,Sodium oxybate,1
Rilpivirine,Voriconazole,0
Atenolol,Treprostinil,0
Pioglitazone,Ketoconazole,0
Nicotine,Cimetidine,0
Sulfisoxazole,Alfuzosin,1
Dicoumarol,Estrone,0
Risperidone,Dosulepin,0
Colchicine,Nevirapine,0
Etoricoxib,Escitalopram,0
Promazine,Promethazine,1
Moclobemide,Fesoterodine,0
Disopyramide,Fluconazole,1
Aminophylline,Mifepristone,0
Vincristine,Rilpivirine,0
Trimipramine,Cimetidine,0
Primidone,Propafenone,0
Pargyline,Trichlormethiazide,0
Olopatadine,Fluconazole,0
Metoprolol,Rolapitant,0
Chlorpromazine,Isoniazid,0
Ximelagatran,Clopidogrel,1
Testosterone,Rosiglitazone,0
Colchicine,Bromocriptine,0
Suvorexant,Doxepin,1
Irbesartan,Efavirenz,0
Sildenafil,Guanfacine,0
Ethinylestradiol,Erythromycin,0
Chloroquine,Indapamide,0
Sulfadiazine,Voriconazole,0
Dabigatran etexilate,Salicylic acid,1
Selegiline,Netupitant,0
Propofol,Moclobemide,0
Carbamazepine,Cocaine,0
Doxepin,Sulfisoxazole,0
Methohexital,Bumetanide,0
Ixazomib,Ethinylestradiol,0
Esomeprazole,Dasatinib,0
Darifenacin,Sulfisoxazole,0
Phenobarbital,Fingolimod,0
Imipramine,Clopidogrel,0
Topotecan,Bromocriptine,0
Sulfadiazine,Tranylcypromine,1
Pitavastatin,Itraconazole,0
Buprenorphine,Fosphenytoin,1
Leflunomide,Acetyldigitoxin,0
Phenobarbital,Mirabegron,0
Deferasirox,Omeprazole,0
Cyproterone acetate,Imatinib,0
Ergotamine,Betaxolol,1
Iloprost,Hydrochlorothiazide,0
Caffeine,Paroxetine,0
Aminophylline,Dihydroergotamine,0
Desvenlafaxine,Ranolazine,0
Gliclazide,Pindolol,1
Repaglinide,Trimethoprim,0
Everolimus,Enalapril,0
Nicotine,Venlafaxine,0
Propranolol,Salicylic acid,0
Propranolol,Cimetidine,0
Timolol,Nilvadipine,0
Topotecan,Rolapitant,0
Pantoprazole,Crizotinib,0
Pseudoephedrine,Celiprolol,1
Pantoprazole,Amphetamine,0
Glimepiride,Levomilnacipran,1
Protriptyline,Droperidol,1
Tipranavir,Zucapsaicin,0
Pindolol,Chlorpromazine,0
Efavirenz,Manidipine,0
Benzphetamine,Loratadine,0
Clonidine,Caffeine,0
Amoxapine,Rucaparib,0
Olopatadine,Tapentadol,1
Vincristine,Metoprolol,0
Efavirenz,Indinavir,0
Rifampicin,Lercanidipine,0
Bosentan,Metolazone,0
Venlafaxine,Formoterol,0
Chlorpromazine,Clozapine,1
Norfloxacin,Deslanoside,0
Metipranolol,Methylphenidate,0
Conivaptan,Ketoconazole,0
Amiodarone,Tipranavir,0
Levomilnacipran,Modafinil,0
Topotecan,Nitrendipine,0
Methadone,Stiripentol,0
Enalapril,Clotrimazole,0
Digoxin,Clemastine,0
Panobinostat,Telithromycin,0
Thioridazine,Stiripentol,0
Yohimbine,Clotrimazole,0
Quinidine,Irbesartan,0
Ibrutinib,Nilvadipine,0
Ethinylestradiol,Ivacaftor,0
Metoprolol,Olopatadine,0
Dronedarone,Cobicistat,0
Doxepin,Rolapitant,0
Promazine,Crisaborole,0
Domperidone,Terbinafine,0
Vincristine,Simeprevir,0
Pregabalin,Thiopental,0
Darifenacin,Abiraterone,0
Gemfibrozil,Clopidogrel,0
Thalidomide,Nicotine,0
Hydrocodone,Rolapitant,0
Dabrafenib,Lovastatin,0
Verapamil,Fusidic acid,0
Lidocaine,Indinavir,0
Nitrendipine,Ivacaftor,0
Afatinib,Glyburide,0
Clomipramine,Rotigotine,0
Secobarbital,Bortezomib,0
Rifaximin,Doxorubicin,0
Pitavastatin,Buprenorphine,0
Zuclopenthixol,Isradipine,0
Phenobarbital,Cocaine,0
Pseudoephedrine,Delavirdine,0
Nateglinide,Canagliflozin,1
Labetalol,Nevirapine,0
Disopyramide,Duloxetine,1
Aminophylline,Nefazodone,0
Dasatinib,Atazanavir,0
Rifampicin,Fesoterodine,0
Glipizide,Gemifloxacin,1
Epinastine,Bosutinib,0
Dihydroergotamine,Alprenolol,1
Suvorexant,Tramadol,1
Disopyramide,Ziprasidone,0
Bosutinib,Stiripentol,0
Tamsulosin,Clomipramine,0
Furazolidone,Lercanidipine,0
Labetalol,Mycophenolate mofetil,0
Phenobarbital,Doxycycline,0
Ethanol,Protriptyline,1
Fosphenytoin,Metyrosine,0
Alogliptin,Furazolidone,1
Perampanel,Isradipine,0
Cyproterone acetate,Propranolol,0
Rivaroxaban,Antipyrine,1
Carvedilol,Sorafenib,0
Ibuprofen,Zafirlukast,0
Anagrelide,Sevoflurane,1
Artemether,Fluconazole,1
Sunitinib,Digoxin,0
Antipyrine,Isradipine,0
Sotalol,Fingolimod,1
Propranolol,Darifenacin,0
Ergotamine,Voriconazole,0
Phenoxybenzamine,Macitentan,0
Rilpivirine,Antipyrine,0
Rifapentine,Aripiprazole,0
Darifenacin,Dosulepin,0
Labetalol,Clotrimazole,0
Bosentan,Pimozide,0
Trimipramine,Captopril,0
Ivacaftor,Dronedarone,0
Edoxaban,Trimipramine,0
Dabrafenib,Gemfibrozil,0
Sorafenib,Telithromycin,0
Azelastine,Paroxetine,0
Minaprine,Nitrendipine,0
Saquinavir,Esomeprazole,0
Zuclopenthixol,Magnesium sulfate,1
Nevirapine,Cyclosporine,0
Nafamostat,Epoprostenol,0
Thioridazine,Doxepin,0
Methylphenobarbital,Bupranolol,0
Vincristine,Levofloxacin,0
Olaparib,Isavuconazonium,0
Guanfacine,Atomoxetine,0
Escitalopram,Cobicistat,0
Brimonidine,Dihydroergotamine,0
Tofacitinib,Guanfacine,1
Pirlindole,Nilvadipine,0
Pseudoephedrine,Stiripentol,0
Olopatadine,Sulfisoxazole,0
Nortriptyline,Diltiazem,0
Lovastatin,Azithromycin,1
Polythiazide,Paroxetine,0
Phenytoin,Lumacaftor,0
Artemether,Luliconazole,0
Conivaptan,Estradiol,0
Perphenazine,Panobinostat,0
Buprenorphine,Asenapine,1
Thioridazine,Ranolazine,0
Acebutolol,Methylphenidate,0
Quazepam,Mifepristone,0
Phenindione,Fosphenytoin,1
Carbamazepine,Cyclophosphamide,0
Cyclophosphamide,Manidipine,0
Phenobarbital,Protriptyline,0
Propafenone,Fluvoxamine,0
Clomipramine,Furazolidone,1
Methylene blue,Acebutolol,0
Quinine,Sulfadiazine,0
Osimertinib,Aripiprazole,0
Bosentan,Vardenafil,0
Duloxetine,Atomoxetine,0
Rilpivirine,Sulfamethoxazole,0
Furazolidone,Bupranolol,0
Hydrocodone,Tapentadol,1
Mefloquine,Ticlopidine,0
Sildenafil,Lopinavir,0
Zolpidem,Etravirine,0
Acebutolol,Fingolimod,1
Deferasirox,Pioglitazone,0
Vincristine,Nilotinib,0
Orphenadrine,Dronedarone,0
Alfuzosin,Aprepitant,0
Lercanidipine,Acebutolol,0
Pseudoephedrine,Epinastine,0
Fosphenytoin,Propofol,0
Simvastatin,Lidocaine,0
Bendroflumethiazide,Tolazamide,0
Trimipramine,Tipranavir,0
Quinidine,Verapamil,0
Orphenadrine,Olaparib,0
Fosamprenavir,Atomoxetine,0
Brimonidine,Diltiazem,0
Selexipag,Bortezomib,0
Riociguat,Doxycycline,0
Saxagliptin,Isavuconazonium,0
Rifampicin,Netupitant,0
Teriflunomide,Diphenhydramine,0
Rotigotine,Boceprevir,0
Estradiol,Doxycycline,0
Ethanol,Promethazine,1
Fosphenytoin,Methylphenobarbital,0
Estradiol,Venlafaxine,0
Loratadine,Lovastatin,0
Dextroamphetamine,Rolapitant,0
Mianserin,Clozapine,0
Clopidogrel,Ziprasidone,0
Chloroquine,Imipramine,1
Primaquine,Midostaurin,0
Risperidone,Metyrosine,0
Zolpidem,Olanzapine,1
Nitrendipine,Osimertinib,0
Risperidone,Bupropion,0
Pioglitazone,Rabeprazole,0
Azelastine,Bumetanide,0
Carvedilol,Cocaine,0
Rifampicin,Nilvadipine,0
Clopidogrel,Sulfamethoxazole,0
Lapatinib,Netupitant,0
Brimonidine,Nadolol,0
Donepezil,Artemether,0
Primidone,Betaxolol,0
Midostaurin,Dihydroergotamine,0
Estradiol,Sildenafil,0
Venlafaxine,Clotrimazole,0
Celiprolol,Salicylic acid,0
Teriflunomide,Torasemide,0
Tranylcypromine,Penbutolol,0
Rifapentine,Manidipine,0
Haloperidol,Ritonavir,0
Ergotamine,Minaprine,0
Duloxetine,Lidocaine,0
Ropinirole,Sildenafil,0
Palbociclib,Idelalisib,0
Azithromycin,Fingolimod,1
Metoprolol,Propafenone,0
Deferasirox,Sulfamethoxazole,0
Epoprostenol,Clotrimazole,0
Gliclazide,Sorafenib,0
Amobarbital,Phenprocoumon,0
Parecoxib,Efavirenz,0
Cimetidine,Clopidogrel,0
Amphetamine,Nevirapine,0
Alogliptin,Pirlindole,1
Nicotine,Telaprevir,0
Ranolazine,Daunorubicin,0
Tofacitinib,Fluvoxamine,0
Sorafenib,Clarithromycin,0
Benzphetamine,Hydroxyzine,0
Mesalazine,Etoricoxib,1
Amphetamine,Lorcaserin,0
Mexiletine,Aprepitant,0
Desvenlafaxine,Lithium cation,1
Saxagliptin,Sertraline,1
Epoprostenol,Cyclosporine,0
Phenytoin,Doxycycline,0
Bepridil,Riociguat,0
Ubidecarenone,Atazanavir,0
Asenapine,Verapamil,0
Glyburide,Penbutolol,1
Phenobarbital,Phenindione,0
Quetiapine,Posaconazole,0
Nelfinavir,Dabigatran etexilate,0
Rifapentine,Buprenorphine,0
Pentobarbital,Imipramine,0
Azelastine,Perphenazine,1
Levofloxacin,Sertraline,1
Everolimus,Alogliptin,0
Minaprine,Chloroquine,0
Aprepitant,Salicylic acid,0
Quazepam,Pramipexole,0
Suvorexant,Cyclosporine,0
Rifabutin,Lumefantrine,0
Metoprolol,Rabeprazole,0
Rotigotine,Sildenafil,0
Everolimus,Doxazosin,0
Fosphenytoin,Progesterone,0
Phenelzine,Enalaprilat,0
Ticlopidine,Treprostinil,0
Mirabegron,Midostaurin,0
Toremifene,Haloperidol,1
Valsartan,Tolvaptan,1
Nateglinide,Ticagrelor,0
Benzphetamine,Cimetidine,0
Epoprostenol,Crisaborole,0
Nebivolol,Teriflunomide,0
Donepezil,Bopindolol,1
Ondansetron,Mefloquine,1
Verapamil,Midostaurin,0
Trimipramine,Crisaborole,0
Desipramine,Manidipine,0
Fluvoxamine,Pirlindole,1
Methylphenobarbital,Clopidogrel,0
Rotigotine,Terbinafine,0
Carvedilol,Clarithromycin,0
Sertraline,Fluorouracil,0
Quinine,Mirtazapine,1
Gliclazide,Moclobemide,1
Ethanol,Levodopa,1
Pentobarbital,Alprenolol,0
Ibuprofen,Trimethoprim,0
Ranolazine,Dasatinib,0
Bosutinib,Tipranavir,0
Bepridil,Telithromycin,0
Prucalopride,Desipramine,0
Ergotamine,Esmolol,1
Fluoxetine,Lovastatin,0
Quinidine,Cimetidine,0
Celecoxib,Delavirdine,0
Glimepiride,Rasagiline,1
Rifabutin,Yohimbine,0
Dronabinol,Cimetidine,0
Mestranol,Sulfadiazine,0
Phenobarbital,Metolazone,0
Tapentadol,Darifenacin,0
Metoprolol,Bupropion,0
Enzalutamide,Pazopanib,0
Selegiline,Telaprevir,0
Atomoxetine,Delavirdine,0
Dabrafenib,Modafinil,0
Glimepiride,Zafirlukast,0
Vemurafenib,Perampanel,0
Bosentan,Panobinostat,0
Azithromycin,Fluconazole,1
Perphenazine,Olaparib,0
Everolimus,Palbociclib,0
Gemifloxacin,Bortezomib,1
Pentobarbital,Simeprevir,0
Rasagiline,Caffeine,0
Seratrodast,Fluconazole,0
Dabrafenib,Mycophenolate mofetil,0
Ixazomib,Posaconazole,0
Rifabutin,Quazepam,0
Balsalazide,Metolazone,0
Hydrocodone,Hexobarbital,1
Azelastine,Efavirenz,1
Granisetron,Arformoterol,1
Cyclobenzaprine,Valproic acid,0
Pindolol,Crizotinib,1
Nebivolol,Enalaprilat,0
Gliclazide,Levomilnacipran,1
Fluoxetine,Fosphenytoin,1
Eliglustat,Ketoconazole,0
Citalopram,Clopidogrel,0
Phenprocoumon,Nortriptyline,1
Clobazam,Clarithromycin,0
Antipyrine,Fluorouracil,0
Zileuton,Imatinib,0
Alogliptin,Ranolazine,0
Crizotinib,Palbociclib,0
Guanfacine,Fluorouracil,0
Pentobarbital,Saquinavir,0
Nicotine,Lopinavir,0
Simvastatin,Risperidone,0
Cilostazol,Warfarin,0
Ranolazine,Chlorpromazine,0
Caffeine,Eliglustat,0
Chlorpropamide,Trimethoprim,0
Mirtazapine,Ximelagatran,0
Daunorubicin,Chloroquine,0
Aripiprazole,Chlorpropamide,0
Atomoxetine,Cobicistat,0
Rifapentine,Azelastine,0
Galantamine,Palbociclib,0
Betaxolol,Methotrimeprazine,0
Carbamazepine,Levomilnacipran,0
Simvastatin,Cyproterone acetate,0
Mitotane,Pazopanib,0
Betaxolol,Venlafaxine,0
Phenytoin,Imipramine,0
Felodipine,Methylphenidate,0
Clozapine,Pantoprazole,0
Rifaximin,Enzalutamide,0
Darifenacin,Bupropion,0
Amprenavir,Teriflunomide,0
Zafirlukast,Ranolazine,0
Pindolol,Clomipramine,0
Mirtazapine,Chlorpromazine,1
Rosuvastatin,Indinavir,0
Mitotane,Hydrocodone,0
Felodipine,Fosamprenavir,0
Trimipramine,Zucapsaicin,0
Glipizide,Minaprine,1
Conivaptan,Argatroban,0
Voriconazole,Aprepitant,0
Zolpidem,Olaparib,0
Terbinafine,Ceritinib,0
Perphenazine,Fesoterodine,0
Crizotinib,Sorafenib,1
Rucaparib,Manidipine,0
Olanzapine,Stiripentol,0
Methylphenobarbital,Ketoconazole,0
Delavirdine,Dosulepin,0
Magnesium sulfate,Clarithromycin,0
Mifepristone,Vincristine,0
Pazopanib,Telithromycin,0
Haloperidol,Sertraline,1
Promethazine,Dronabinol,1
Chloroquine,Citalopram,0
Clemastine,Metyrosine,0
Thioridazine,Alfuzosin,1
Chlorpropamide,Esomeprazole,0
Bosentan,Omeprazole,0
Darifenacin,Boceprevir,0
Doxylamine,Sodium oxybate,1
Mianserin,Methadone,0
Oxprenolol,Tapentadol,1
Simvastatin,Erythromycin,0
Ergotamine,Isavuconazonium,0
Diclofenac,Desipramine,0
Ziprasidone,Sulfisoxazole,0
Pioglitazone,Olsalazine,1
Argatroban,Aminophylline,0
Lumacaftor,Cinacalcet,0
Hexobarbital,Bopindolol,0
Pitavastatin,Losartan,0
Paliperidone,Bromocriptine,0
Cilostazol,Manidipine,0
Rifabutin,Indapamide,0
Carbamazepine,Osimertinib,0
Phenobarbital,Telithromycin,0
Afatinib,Digitoxin,0
Acenocoumarol,Dihydroergotamine,0
Primaquine,Sildenafil,0
Parecoxib,Saquinavir,0
Dolasetron,Methotrimeprazine,0
Thalidomide,Ticlopidine,0
Prochlorperazine,Dasatinib,0
Nateglinide,Sulfadiazine,0
Nortriptyline,Caffeine,0
Aminophylline,Delavirdine,0
Crizotinib,Sevoflurane,1
Nevirapine,Cyclophosphamide,0
Amoxapine,Midostaurin,0
Bisoprolol,Clemastine,0
Saquinavir,Diphenhydramine,1
Orphenadrine,Trimipramine,1
Nilotinib,Arformoterol,1
Nelfinavir,Etravirine,0
Zolpidem,Abiraterone,0
Darifenacin,Crizotinib,0
Afatinib,Azelastine,0
Benzphetamine,Sertraline,0
Nilvadipine,Clemastine,0
Naloxegol,Clarithromycin,0
Bortezomib,Digoxin,0
Clonidine,Boceprevir,0
Carteolol,Methylphenidate,0
Nevirapine,Benzphetamine,0
Ibrutinib,Acetyldigitoxin,0
Sorafenib,Clotrimazole,0
Propranolol,Netupitant,0
Glyburide,Fusidic acid,0
Hydroflumethiazide,Trichlormethiazide,0
Perphenazine,Rolapitant,0
Alogliptin,Methadone,0
Ciprofloxacin,Olanzapine,1
Lumacaftor,Propranolol,0
Panobinostat,Ceritinib,0
Desvenlafaxine,Brimonidine,0
Dronedarone,Tramadol,0
Rifaximin,Clotrimazole,0
Mefloquine,Timolol,1
Indomethacin,Sulfisoxazole,0
Phenytoin,Prochlorperazine,0
Ropinirole,Netupitant,0
Bosentan,Benzphetamine,0
Rotigotine,Itraconazole,0
Perphenazine,Lovastatin,0
Betaxolol,Tranylcypromine,0
Chlorpropamide,Fluconazole,0
Carbamazepine,Captopril,0
Eliglustat,Artemether,0
Tolazamide,Acebutolol,1
Tolazamide,Pregabalin,1
Tibolone,Manidipine,0
Parecoxib,Telithromycin,0
Theophylline,Telaprevir,0
Cyclophosphamide,Sunitinib,1
Metamfetamine,Ranolazine,0
Dicoumarol,Fluvoxamine,0
Argatroban,Iloprost,0
Carteolol,Citalopram,0
Tramadol,Boceprevir,0
Sevoflurane,Verapamil,0
Bosutinib,Atenolol,0
Sunitinib,Atazanavir,0
Methadone,Luliconazole,0
Levofloxacin,Acetyldigitoxin,0
Propofol,Darifenacin,0
Mefloquine,Atenolol,1
Dronedarone,Nefazodone,0
Topotecan,Protriptyline,0
Hexobarbital,Hydrochlorothiazide,0
Silodosin,Atazanavir,0
Clemastine,Pirlindole,0
Nevirapine,Darunavir,0
Edoxaban,Bepridil,0
Captopril,Selexipag,0
Promazine,Penbutolol,0
Deferasirox,Disopyramide,0
Thioridazine,Propranolol,0
Trimipramine,Amiodarone,0
Seratrodast,Losartan,0
Treprostinil,Carvedilol,0
Promazine,Dosulepin,0
Clomipramine,Tramadol,0
Clopidogrel,Lidocaine,0
Rifapentine,Theophylline,0
Betaxolol,Treprostinil,0
Pimozide,Chloroquine,1
Ketoconazole,Clotrimazole,0
Hexobarbital,Bendroflumethiazide,0
Conivaptan,Glipizide,0
Trimethoprim,Diltiazem,0
Bromocriptine,Lopinavir,0
Enzalutamide,Crisaborole,0
Pseudoephedrine,Celecoxib,0
Sulfadiazine,Methylene blue,1
Haloperidol,Treprostinil,1
Everolimus,Isavuconazonium,0
Simvastatin,Nefazodone,0
Parecoxib,Stiripentol,0
Telithromycin,Doxycycline,0
Betaxolol,Desvenlafaxine,0
Nicotine,Posaconazole,0
Yohimbine,Haloperidol,0
Pravastatin,Voriconazole,0
Alprenolol,Primaquine,0
Lorcaserin,Telithromycin,0
Prucalopride,Losartan,0
Ondansetron,Bortezomib,1
Everolimus,Propafenone,0
Pentobarbital,Prochlorperazine,0
Pazopanib,Tranylcypromine,0
Cisapride,Rosiglitazone,0
Pregabalin,Methadone,0
Rifampicin,Apixaban,0
Edoxaban,Metoprolol,0
Olsalazine,Etoricoxib,1
Rabeprazole,Bortezomib,0
Rifampicin,Nefazodone,0
Simeprevir,Rilpivirine,0
Pitavastatin,Ethanol,0
Aliskiren,Metyrosine,0
Everolimus,Atenolol,0
Imatinib,Ticlopidine,0
Saquinavir,Methotrimeprazine,0
Rucaparib,Amiodarone,0
Eliglustat,Protriptyline,1
Methotrimeprazine,Bopindolol,0
Rifapentine,Sunitinib,0
Desvenlafaxine,Atazanavir,0
Bosentan,Clemastine,0
Fosphenytoin,Vemurafenib,0
Esomeprazole,Posaconazole,0
Dorzolamide,Bupranolol,0
Repaglinide,Palbociclib,0
Alfuzosin,Atomoxetine,0
Prucalopride,Telaprevir,0
Pentobarbital,Simvastatin,0
Formoterol,Terbinafine,0
Rosuvastatin,Stiripentol,0
Gemfibrozil,Aprepitant,0
Warfarin,Duloxetine,1
Amitriptyline,Tramadol,0
Loratadine,Lorcaserin,0
Esomeprazole,Dextroamphetamine,0
Ropinirole,Pirlindole,0
Cyclobenzaprine,Ropinirole,0
Amphetamine,Pargyline,0
Warfarin,Tolbutamide,0
Deferasirox,Azithromycin,0
Panobinostat,Isradipine,1
Pazopanib,Primaquine,1
Moclobemide,Felodipine,0
Chloroquine,Sunitinib,1
Mirtazapine,Idelalisib,0
Nateglinide,Nefazodone,0
Chloroquine,Losartan,0
Idarubicin,Midostaurin,0
Thalidomide,Amobarbital,1
Quazepam,Gemfibrozil,0
Ticlopidine,Fosaprepitant,0
Seratrodast,Diltiazem,0
Cyclosporine,Rivaroxaban,0
Ropinirole,Fesoterodine,0
Pindolol,Cholecalciferol,0
Alogliptin,Nelfinavir,0
Edoxaban,Fluconazole,0
Timolol,Meloxicam,0
Tamsulosin,Methadone,0
Ondansetron,Protriptyline,1
Quazepam,Amiodarone,0
Rifampicin,Amitriptyline,0
Quetiapine,Arformoterol,1
Ixazomib,Lorcaserin,0
Crizotinib,Nicardipine,1
Lumefantrine,Hydroxyzine,1
Rifapentine,Nicotine,0
Betaxolol,Nilotinib,0
Nevirapine,Cabergoline,0
Zolpidem,Tizanidine,1
Pregabalin,Risperidone,0
Dofetilide,Sulfisoxazole,0
Teriflunomide,Trichlormethiazide,0
Rucaparib,Isradipine,0
Phenelzine,Indapamide,0
Yohimbine,Voriconazole,0
Betaxolol,Clemastine,0
Ziprasidone,Sulfamethoxazole,1
Tipranavir,Doxycycline,0
Alogliptin,Clotrimazole,0
Ziprasidone,Stiripentol,0
Etravirine,Losartan,0
Pazopanib,Deslanoside,0
Moclobemide,Terbinafine,0
Iloperidone,Amoxapine,1
Levofloxacin,Tolterodine,1
Conivaptan,Granisetron,0
Primidone,Imatinib,0
Ethanol,Chlorthalidone,0
Phenytoin,Mifepristone,0
Progesterone,Venlafaxine,0
Tolterodine,Imipramine,0
Pirlindole,Felodipine,0
Leflunomide,Bumetanide,0
Conivaptan,Alfuzosin,0
Rifampicin,Fluoxetine,0
Tolterodine,Valproic acid,0
Anagrelide,Paliperidone,1
Diclofenac,Delavirdine,0
Acebutolol,Mycophenolate mofetil,0
Boceprevir,Valproic acid,0
Ethanol,Indapamide,0
Fluvastatin,Stiripentol,0
Deferasirox,Darifenacin,0
Rifampicin,Tolbutamide,0
Pentobarbital,Droperidol,1
Rosuvastatin,Desipramine,0
Glipizide,Pindolol,1
Tofacitinib,Metipranolol,1
Irbesartan,Ceritinib,0
Dosulepin,Toloxatone,1
Quinine,Bortezomib,1
Nicotine,Olaparib,0
Prucalopride,Propranolol,0
Dihydroergotamine,Nafamostat,0
Mitotane,Desvenlafaxine,0
Dolasetron,Cinacalcet,0
Propranolol,Diphenhydramine,0
Boceprevir,Cobicistat,0
Ibrutinib,Ethanol,0
Indapamide,Desvenlafaxine,0
Metamfetamine,Fluoxetine,0
Digoxin,Leflunomide,0
Deferasirox,Epinastine,0
Quetiapine,Osimertinib,0
Etravirine,Fosaprepitant,0
Warfarin,Ropinirole,0
Perphenazine,Carteolol,0
Carbamazepine,Tolbutamide,0
Vemurafenib,Celecoxib,0
Bromocriptine,Clarithromycin,0
Nilotinib,Digoxin,0
Tofacitinib,Tizanidine,1
Mirtazapine,Moexipril,0
Hydrochlorothiazide,Fesoterodine,0
Pentobarbital,Nevirapine,0
Thiamylal,Phenprocoumon,0
Estrone sulfate,Caffeine,0
Tramadol,Crizotinib,0
Zuclopenthixol,Celecoxib,0
Ziprasidone,Ceritinib,0
Epinastine,Quinidine,0
Theophylline,Norfloxacin,0
Pioglitazone,Venlafaxine,0
Sunitinib,Canagliflozin,1
Tizanidine,Levodopa,0
Ergotamine,Oxprenolol,1
Argatroban,Edoxaban,1
Nelfinavir,Fluconazole,0
Secobarbital,Etacrynic acid,0
Bosentan,Pazopanib,0
Pseudoephedrine,Clozapine,0
Etoricoxib,Polythiazide,0
Methohexital,Aminophylline,0
Metoprolol,Enzalutamide,0
Risperidone,Itraconazole,0
Terbinafine,Ziprasidone,0
Pazopanib,Promethazine,0
Fosamprenavir,Cobicistat,0
Progesterone,Nicotine,0
Metamfetamine,Nicardipine,0
Bisoprolol,Mifepristone,0
Estrone,Indapamide,0
Sildenafil,Phenoxybenzamine,0
Pirlindole,Nebivolol,0
Doxepin,Idelalisib,0
Dofetilide,Luliconazole,0
Esmolol,Duloxetine,0
Celecoxib,Ketoconazole,0
Aripiprazole,Labetalol,0
Chlorothiazide,Duloxetine,0
Aprepitant,Doxycycline,0
Clemastine,Minaprine,0
Diltiazem,Simeprevir,0
Glyburide,Dasatinib,0
Bisoprolol,Chloroquine,0
Quetiapine,Duloxetine,0
Paroxetine,Panobinostat,0
Paliperidone,Betaxolol,1
Perphenazine,Lumefantrine,0
Dabrafenib,Phenobarbital,0
Bortezomib,Boceprevir,0
Clobazam,Dasatinib,0
Benzphetamine,Nebivolol,1
Alprenolol,Lumiracoxib,0
Cyproterone acetate,Fesoterodine,0
Ubidecarenone,Alogliptin,0
Phenobarbital,Doxylamine,1
Desipramine,Cocaine,0
Eliglustat,Propofol,1
Mirabegron,Dasatinib,0
Timolol,Delavirdine,0
Betaxolol,Clozapine,0
Desvenlafaxine,Amiodarone,0
Naloxegol,Nitrendipine,0
Nateglinide,Netupitant,0
Repaglinide,Clotrimazole,0
Nateglinide,Diltiazem,0
Olanzapine,Caffeine,0
Loratadine,Atomoxetine,0
Azelastine,Dosulepin,0
Enzalutamide,Rosiglitazone,0
Acetylsalicylic acid,Indapamide,0
Rifampicin,Edoxaban,0
Teriflunomide,Lorcaserin,0
Chlorpropamide,Fluvoxamine,0
Rucaparib,Haloperidol,0
Suvorexant,Loratadine,1
Prochlorperazine,Minocycline,1
Desvenlafaxine,Idelalisib,0
Vincristine,Promethazine,0
Vemurafenib,Delavirdine,0
Estrone,Celecoxib,1
Ledipasvir,Lidocaine,0
Estrone,Simeprevir,0
Bosentan,Epoprostenol,0
Torasemide,Macitentan,0
Lidocaine,Doxorubicin,0
Dorzolamide,Valproic acid,0
Ximelagatran,Valproic acid,0
Chloroquine,Fosamprenavir,0
Dronabinol,Diltiazem,0
Cyclophosphamide,Tofacitinib,0
Dextroamphetamine,Loratadine,0
Buprenorphine,Methohexital,1
Seratrodast,Manidipine,0
Bortezomib,Nelfinavir,0
Dabrafenib,Nicardipine,0
Amphetamine,Losartan,0
Paliperidone,Gemifloxacin,1
Pitavastatin,Ceritinib,0
Vemurafenib,Promethazine,0
Hexobarbital,Esmolol,0
Nitrendipine,Nilvadipine,0
Enzalutamide,Lidocaine,0
Quinidine,Cholecalciferol,0
Dabrafenib,Chlorpropamide,0
Metamfetamine,Pindolol,1
Fluvastatin,Simvastatin,0
Primidone,Nicardipine,0
Quinine,Aliskiren,0
Rifapentine,Metipranolol,0
Penbutolol,Tibolone,0
Clozapine,Indinavir,0
Treprostinil,Abiraterone,0
Fluvoxamine,Cocaine,0
Theophylline,Aprepitant,0
Caffeine,Gemfibrozil,0
Apixaban,Isavuconazonium,0
Dorzolamide,Trichlormethiazide,0
Lorcaserin,Dolasetron,1
Ondansetron,Artemether,0
Yohimbine,Isoniazid,0
Guanfacine,Mifepristone,0
Acenocoumarol,Testosterone,1
Nevirapine,Nelfinavir,0
Riociguat,Tamoxifen,0
Sulfisoxazole,Atomoxetine,1
Risperidone,Ticlopidine,0
Mirtazapine,Pentobarbital,1
Clobazam,Sulfisoxazole,0
Quetiapine,Norfloxacin,1
Phenobarbital,Rolapitant,0
Levomilnacipran,Dolasetron,1
Bupropion,Azithromycin,0
Levomilnacipran,Lopinavir,0
Fluvastatin,Boceprevir,0
Nortriptyline,Leflunomide,0
Clozapine,Protriptyline,1
Sulfamethoxazole,Venlafaxine,0
Telithromycin,Moexipril,1
Digoxin,Olopatadine,0
Estrone sulfate,Amiodarone,0
Carvedilol,Tranylcypromine,0
Estrone,Tolbutamide,0
Cilostazol,Nelfinavir,0
Moexipril,Duloxetine,0
Rifampicin,Aliskiren,0
Everolimus,Losartan,0
Chloroquine,Bupropion,0
Suvorexant,Thalidomide,1
Perphenazine,Nefazodone,0
Quazepam,Lobeglitazone,0
Dorzolamide,Cholecalciferol,0
Vincristine,Citalopram,0
Bupranolol,Levomilnacipran,0
Doxorubicin,Digoxin,0
Tacrolimus,Doxycycline,0
Mirtazapine,Tamoxifen,0
Simvastatin,Moexipril,0
Azithromycin,Venlafaxine,1
Rosuvastatin,Clozapine,0
Fosphenytoin,Pentamidine,0
Cyproterone acetate,Estrone,0
Amitriptyline,Valsartan,0
Topotecan,Diclofenac,0
Mefloquine,Voriconazole,0
Quetiapine,Telaprevir,0
Imipramine,Cocaine,0
Dabrafenib,Prochlorperazine,0
Rifabutin,Imipramine,0
Selegiline,Zafirlukast,0
Pitavastatin,Colchicine,1
Pazopanib,Dolasetron,1
Dronedarone,Duloxetine,0
Mianserin,Artemether,0
Sevoflurane,Posaconazole,0
Topotecan,Glyburide,0
Alogliptin,Palbociclib,0
Nelfinavir,Fosaprepitant,0
Aripiprazole,Imipramine,0
Phenindione,Gemfibrozil,1
Celecoxib,Citalopram,0
Bortezomib,Bupropion,0
Torasemide,Sorafenib,0
Parecoxib,Sulfisoxazole,0
Riociguat,Indinavir,0
Lumacaftor,Topotecan,0
Perphenazine,Bisoprolol,0
Antipyrine,Fusidic acid,0
Modafinil,Atazanavir,0
Phenobarbital,Dronedarone,0
Nebivolol,Chloroquine,0
Carbamazepine,Haloperidol,0
Orphenadrine,Desipramine,1
Afatinib,Bosutinib,0
Epinastine,Netupitant,0
Phenobarbital,Dicoumarol,0
Chlorpropamide,Pirlindole,1
Valproic acid,Topiroxostat,0
Metipranolol,Lumiracoxib,0
Rotigotine,Theophylline,0
Silodosin,Felodipine,0
Pentobarbital,Amiodarone,0
Rifampicin,Nelfinavir,0
Everolimus,Crizotinib,0
Vincristine,Chlorpromazine,0
Arformoterol,Etravirine,0
Mirtazapine,Indinavir,0
Ondansetron,Eliglustat,0
Etoricoxib,Vemurafenib,0
Fosphenytoin,Propafenone,0
Nadolol,Desvenlafaxine,0
Parecoxib,Imatinib,0
Diclofenac,Cobicistat,0
Vincristine,Quinidine,0
Ivacaftor,Ticlopidine,0
Cyclosporine,Tacrolimus,1
Vardenafil,Verapamil,0
Nicorandil,Atenolol,0
Irbesartan,Vemurafenib,0
Loratadine,Irbesartan,0
Polythiazide,Penbutolol,0
Phenoxybenzamine,Clarithromycin,0
Mexiletine,Duloxetine,0
Ledipasvir,Daunorubicin,0
Crizotinib,Desipramine,1
Pirlindole,Moexipril,0
Rifampicin,Olaparib,0
Primaquine,Amitriptyline,1
Granisetron,Tamoxifen,1
Quazepam,Olaparib,0
Thioridazine,Posaconazole,1
Gemfibrozil,Cyclosporine,1
Phenoxybenzamine,Acebutolol,0
Benzphetamine,Tranylcypromine,0
Atenolol,Alprenolol,0
Lumefantrine,Sertraline,1
Donepezil,Sotalol,1
Losartan,Bupranolol,0
Ethanol,Treprostinil,0
Pitavastatin,Norfloxacin,0
Acenocoumarol,Treprostinil,1
Sertraline,Fusidic acid,0
Dronedarone,Fusidic acid,0
Clozapine,Indapamide,1
Lapatinib,Stiripentol,0
Quetiapine,Idelalisib,0
Clozapine,Nabilone,1
Testosterone,Nicardipine,0
Yohimbine,Trimipramine,0
Aliskiren,Stiripentol,0
Saquinavir,Formoterol,1
Rifampicin,Zafirlukast,0
Domperidone,Fingolimod,1
Digoxin,Acetylsalicylic acid,0
Ziprasidone,Doxepin,1
Primaquine,Aripiprazole,1
Doxepin,Itraconazole,0
Mesalazine,Parecoxib,1
Crizotinib,Vemurafenib,0
Oxprenolol,Methylphenidate,0
Haloperidol,Ceritinib,0
Phenytoin,Cabergoline,0
Iloperidone,Aripiprazole,1
Nateglinide,Osimertinib,0
Prucalopride,Diltiazem,0
Bosentan,Conivaptan,0
Amobarbital,Aminophylline,0
Darifenacin,Lopinavir,0
Cabergoline,Nadolol,0
Tipranavir,Rolapitant,0
Parecoxib,Netupitant,0
Ubidecarenone,Lovastatin,0
Lumacaftor,Nevirapine,0
Quinidine,Zafirlukast,0
Zuclopenthixol,Clozapine,0
Amobarbital,Aliskiren,0
Sertraline,Indinavir,0
Edoxaban,Rolapitant,0
Vemurafenib,Formoterol,1
Lidocaine,Cocaine,0
Enalapril,Palbociclib,0
Etoricoxib,Posaconazole,0
Carbamazepine,Acetylsalicylic acid,0
Lovastatin,Dronedarone,0
Cocaine,Luliconazole,0
Sertraline,Paroxetine,0
Methohexital,Enalaprilat,0
Nicardipine,Nilvadipine,0
Thioridazine,Pramipexole,0
Theophylline,Tibolone,0
Hydroflumethiazide,Sitagliptin,0
Diphenhydramine,Rolapitant,0
Propofol,Verapamil,0
Perphenazine,Droperidol,1
Chlorpropamide,Escitalopram,1
Guanfacine,Lovastatin,0
Deferasirox,Bosutinib,0
Phenobarbital,Mexiletine,0
Vardenafil,Nicardipine,0
Quinidine,Manidipine,0
Lumacaftor,Indinavir,0
Edoxaban,Pimozide,0
Acenocoumarol,Pantoprazole,0
Enzalutamide,Asenapine,0
Clobazam,Lovastatin,0
Toremifene,Ondansetron,1
Dorzolamide,Selexipag,0
Mestranol,Etoricoxib,1
Acenocoumarol,Desipramine,1
Galantamine,Fluoxetine,0
Chlorothiazide,Oxprenolol,0
Secobarbital,Ethinylestradiol,0
Doxazosin,Boceprevir,0
Methylphenobarbital,Abiraterone,0
Digoxin,Fluvoxamine,0
Dihydroergotamine,Clemastine,0
Bupranolol,Olopatadine,0
Methohexital,Theophylline,0
Labetalol,Carvedilol,0
Indapamide,Fosamprenavir,0
Zileuton,Verapamil,0
Nilvadipine,Osimertinib,0
Rifampicin,Acetylsalicylic acid,0
Rilpivirine,Tranylcypromine,0
Nefazodone,Tramadol,0
Quinine,Sulfisoxazole,0
Orphenadrine,Thioridazine,1
Fosphenytoin,Bromocriptine,0
Irbesartan,Sulfisoxazole,0
Azelastine,Lidocaine,1
Zolpidem,Lidocaine,1
Metoprolol,Cocaine,0
Pitavastatin,Glyburide,0
Olsalazine,Chlorothiazide,0
Nateglinide,Ropinirole,0
Amobarbital,Verapamil,0
Hydrocodone,Fluvoxamine,1
Metamfetamine,Risperidone,0
Amoxapine,Bupropion,0
Rivaroxaban,Clemastine,0
Hydroxyzine,Dronabinol,1
Nortriptyline,Pramipexole,0
Warfarin,Fosamprenavir,0
Apixaban,Antipyrine,1
Sulfisoxazole,Itraconazole,1
Selexipag,Nelfinavir,0
Nitrendipine,Metipranolol,0
Enalapril,Metyrosine,0
Carbamazepine,Zileuton,0
Crizotinib,Ketoconazole,0
Indinavir,Fluvoxamine,0
Rifabutin,Propafenone,0
Buprenorphine,Gemfibrozil,0
Salicylic acid,Rucaparib,0
Captopril,Terbinafine,0
Nefazodone,Alogliptin,0
Enzalutamide,Clopidogrel,0
Olsalazine,Nafamostat,1
Acemetacin,Metipranolol,0
Ledipasvir,Quinidine,0
Cisapride,Lapatinib,1
Nilvadipine,Imatinib,0
Methylphenobarbital,Bromocriptine,0
Clozapine,Panobinostat,0
Rifabutin,Clarithromycin,0
Indomethacin,Valproic acid,0
Aripiprazole,Telithromycin,0
Citalopram,Telaprevir,0
Metolazone,Saxagliptin,0
Estradiol,Osimertinib,0
Warfarin,Zafirlukast,0
Testosterone,Mifepristone,0
Metoprolol,Celiprolol,0
Mirtazapine,Nicardipine,0
Thiamylal,Metolazone,0
Bortezomib,Aprepitant,0
Methylphenobarbital,Estrone sulfate,0
Escitalopram,Itraconazole,0
Sotalol,Acemetacin,0
Dextroamphetamine,Methadone,0
Rilpivirine,Aripiprazole,0
Dextroamphetamine,Pirlindole,0
Quetiapine,Venlafaxine,1
Antipyrine,Mirabegron,0
Imipramine,Atazanavir,0
Phenprocoumon,Estrone sulfate,0
Argatroban,Idelalisib,0
Imipramine,Fosamprenavir,0
Cilostazol,Stiripentol,0
Rifabutin,Zolpidem,0
Pitavastatin,Azelastine,0
Cyproterone acetate,Clopidogrel,0
Pseudoephedrine,Cimetidine,0
Sildenafil,Amiodarone,0
Midostaurin,Acetyldigitoxin,0
Sulfadiazine,Canagliflozin,1
Rifabutin,Aprepitant,0
Tamsulosin,Celecoxib,0
Olanzapine,Glipizide,0
Amphetamine,Polythiazide,0
Lumefantrine,Promethazine,1
Sildenafil,Celiprolol,0
Parecoxib,Posaconazole,0
Diphenhydramine,Mifepristone,0
Fesoterodine,Simeprevir,0
Imipramine,Simeprevir,0
Alprenolol,Delavirdine,0
Macitentan,Ranolazine,0
Seratrodast,Lovastatin,0
Primaquine,Norfloxacin,1
Treprostinil,Enalaprilat,0
Ethanol,Abiraterone,0
Rilpivirine,Nelfinavir,0
Simvastatin,Osimertinib,0
Carbamazepine,Ethinylestradiol,0
Dihydroergotamine,Celiprolol,1
Rosuvastatin,Atomoxetine,0
Nortriptyline,Vemurafenib,0
Phenprocoumon,Ticlopidine,0
Panobinostat,Dihydroergotamine,0
Chlorpromazine,Olaparib,0
Dihydroergotamine,Nefazodone,0
Zafirlukast,Isradipine,0
Progesterone,Valproic acid,0
Sevoflurane,Delavirdine,0
Lorcaserin,Panobinostat,0
Timolol,Labetalol,0
Ibrutinib,Felodipine,0
Dicoumarol,Valsartan,0
Ixazomib,Promazine,0
Sulfamethoxazole,Dihydroergotamine,0
Formoterol,Sertraline,0
Treprostinil,Metipranolol,0
Chlorthalidone,Nilvadipine,0
Secobarbital,Metoprolol,0
Fosphenytoin,Sulfadiazine,0
Rasagiline,Felodipine,0
Furazolidone,Manidipine,0
Ergotamine,Captopril,0
Phenytoin,Arformoterol,0
Buspirone,Ticlopidine,0
Ethinylestradiol,Parecoxib,1
Glimepiride,Manidipine,0
Cisapride,Vemurafenib,0
Methylphenobarbital,Moclobemide,0
Cyclosporine,Tipranavir,0
Progesterone,Nelfinavir,0
Paliperidone,Nateglinide,0
Esomeprazole,Sulfisoxazole,0
Methylphenobarbital,Polythiazide,0
Dabrafenib,Pentamidine,0
Carvedilol,Olopatadine,0
Ropinirole,Penbutolol,1
Prochlorperazine,Nebivolol,0
Guanfacine,Nelfinavir,0
Oxprenolol,Etoricoxib,0
Lovastatin,Darunavir,0
Rasagiline,Nilvadipine,0
Imatinib,Abiraterone,0
Bosutinib,Tolvaptan,0
Estrone sulfate,Atomoxetine,0
Afatinib,Enzalutamide,0
Modafinil,Clotrimazole,0
Hydrocodone,Crizotinib,0
Daunorubicin,Olopatadine,0
Nilvadipine,Aprepitant,0
Tapentadol,Celecoxib,0
Paraldehyde,Loratadine,1
Nebivolol,Ranolazine,0
Conivaptan,Aprepitant,0
Rucaparib,Darunavir,0
Dabigatran etexilate,Olsalazine,1
Lumiracoxib,Azithromycin,0
Alprenolol,Paroxetine,0
Aripiprazole,Thioridazine,0
Cyclophosphamide,Ouabain,0
Nicardipine,Hydroflumethiazide,0
Pindolol,Manidipine,0
Tramadol,Fluconazole,0
Clarithromycin,Hydroxyzine,1
Rotigotine,Midostaurin,0
Celiprolol,Macitentan,0
Thiopental,Selegiline,0
Propafenone,Methotrimeprazine,0
Sorafenib,Acetyldigitoxin,0
Fosamprenavir,Isradipine,0
Apixaban,Caffeine,0
Ubidecarenone,Cilostazol,0
Quetiapine,Ciprofloxacin,1
Riociguat,Amprenavir,0
Vardenafil,Enalapril,0
Doxorubicin,Rifampicin,0
Artemether,Fosamprenavir,0
Vemurafenib,Nevirapine,0
Etravirine,Rucaparib,0
Clomipramine,Itraconazole,0
Parecoxib,Atomoxetine,0
Crizotinib,Clomipramine,1
Simvastatin,Ixazomib,0
Mianserin,Celecoxib,0
Amitriptyline,Doxylamine,1
Dabrafenib,Apixaban,0
Parecoxib,Quinine,0
Simvastatin,Zucapsaicin,0
Boceprevir,Sulfisoxazole,0
Pentobarbital,Alfuzosin,0
Rucaparib,Duloxetine,0
Estrone,Midostaurin,0
Fluoxetine,Primaquine,1
Desvenlafaxine,Olaparib,0
Toloxatone,Doxazosin,0
Tolvaptan,Midostaurin,0
Acenocoumarol,Mirtazapine,1
Mirtazapine,Promethazine,1
Colchicine,Cyclophosphamide,0
Daunorubicin,Osimertinib,0
Celecoxib,Ticagrelor,0
Ethinylestradiol,Nilotinib,0
Chlorpromazine,Arformoterol,1
Anagrelide,Olanzapine,1
Etoricoxib,Manidipine,0
Rivaroxaban,Aprepitant,0
Granisetron,Doxycycline,0
Caffeine,Simeprevir,0
Ethanol,Pregabalin,1
Mirtazapine,Zucapsaicin,0
Suvorexant,Clemastine,1
Lorcaserin,Omeprazole,0
Dabigatran etexilate,Etoricoxib,1
Dronabinol,Simeprevir,0
Clomipramine,Duloxetine,1
Donepezil,Crisaborole,0
Bosutinib,Amiodarone,0
Vincristine,Ticlopidine,0
Selexipag,Celecoxib,0
Loratadine,Etravirine,0
Pazopanib,Pioglitazone,0
Promethazine,Ketoconazole,0
Lorcaserin,Terbinafine,0
Zolpidem,Thioridazine,1
Ergotamine,Idelalisib,0
Progesterone,Telithromycin,0
Sertraline,Isoniazid,0
Fosamprenavir,Fluvoxamine,0
Rifabutin,Fluvastatin,0
Bortezomib,Methotrimeprazine,0
Mitotane,Fesoterodine,0
Diltiazem,Midostaurin,0
Phenobarbital,Clotrimazole,0
Crizotinib,Promethazine,1
Tibolone,Deslanoside,0
Carbamazepine,Amoxapine,0
Rilpivirine,Dasatinib,0
Acemetacin,Chlorthalidone,0
Cisapride,Voriconazole,0
Loratadine,Lumefantrine,0
Disopyramide,Haloperidol,1
Saxagliptin,Sulfisoxazole,0
Haloperidol,Fingolimod,1
Sildenafil,Moexipril,0
Ropinirole,Isavuconazonium,0
Celiprolol,Desvenlafaxine,0
Lapatinib,Lobeglitazone,0
Citalopram,Sotalol,1
Torasemide,Gliclazide,0
Citalopram,Fluconazole,1
Bisoprolol,Tipranavir,0
Lopinavir,Methotrimeprazine,1
Pentobarbital,Valproic acid,0
Celiprolol,Ticlopidine,0
Edoxaban,Erythromycin,0
Amprenavir,Betaxolol,0
Cabergoline,Ixazomib,0
Valproic acid,Chlorpromazine,0
Efavirenz,Tapentadol,1
Anagrelide,Promethazine,1
Nefazodone,Buspirone,1
Parecoxib,Fluconazole,0
Lopinavir,Atazanavir,0
Tolazamide,Mesalazine,1
Pravastatin,Palbociclib,0
Repaglinide,Boceprevir,0
Ondansetron,Ciprofloxacin,1
Escitalopram,Norfloxacin,1
Lercanidipine,Duloxetine,0
Glipizide,Delavirdine,0
Diltiazem,Nefazodone,0
Guanfacine,Ketoconazole,0
Chlorthalidone,Trichlormethiazide,0
Epinastine,Quinine,0
Sotalol,Trimethoprim,1
Suvorexant,Primidone,1
Mitotane,Mianserin,0
Tibolone,Nicorandil,0
Dicoumarol,Clopidogrel,1
Arformoterol,Sulfadiazine,0
Sildenafil,Torasemide,0
Minaprine,Ziprasidone,0
Chlorpropamide,Testosterone,1
Trimipramine,Betaxolol,0
Primidone,Olaparib,0
Estrone,Valsartan,0
Escitalopram,Dronedarone,0
Pirlindole,Selexipag,0
Cisapride,Moclobemide,0
Deferasirox,Tofacitinib,0
Thiamylal,Irbesartan,0
Methyclothiazide,Desvenlafaxine,0
Panobinostat,Clarithromycin,0
Rasagiline,Manidipine,0
Cholecalciferol,Atazanavir,0
Rifapentine,Voriconazole,0
Bromocriptine,Levodopa,0
Mirtazapine,Haloperidol,1
Meloxicam,Hydrochlorothiazide,0
Methyclothiazide,Quinidine,0
Caffeine,Clobazam,0
Topotecan,Lapatinib,0
Dabrafenib,Luliconazole,0
Cyclophosphamide,Irbesartan,0
Moclobemide,Bendroflumethiazide,0
Zolpidem,Aripiprazole,1
Indomethacin,Abiraterone,0
Erythromycin,Imipramine,1
Etoricoxib,Lobeglitazone,0
Pindolol,Fesoterodine,0
Zolpidem,Brimonidine,1
Digitoxin,Cobicistat,0
Warfarin,Ivacaftor,0
Labetalol,Cholecalciferol,0
Lithium cation,Perphenazine,1
Pimozide,Lidocaine,0
Prucalopride,Estradiol,0
Tacrolimus,Mycophenolate mofetil,1
Ixazomib,Stiripentol,0
Estrone,Telaprevir,0
Timolol,Vemurafenib,0
Methadone,Itraconazole,0
Tipranavir,Tibolone,0
Primidone,Fosamprenavir,0
Hexobarbital,Moclobemide,0
Trimethoprim,Sulfisoxazole,0
Bosentan,Sulfisoxazole,0
Ledipasvir,Paroxetine,0
Captopril,Lorcaserin,0
Ixazomib,Mestranol,0
Dabrafenib,Doxepin,0
Ritonavir,Repaglinide,0
Tapentadol,Clotrimazole,0
Alogliptin,Cholecalciferol,0
Pentobarbital,Caffeine,0
Clonidine,Desipramine,0
Colchicine,Fluconazole,0
Pargyline,Nicardipine,0
Bortezomib,Mifepristone,0
Luliconazole,Clopidogrel,0
Phenindione,Sulfisoxazole,1
Phenytoin,Abiraterone,0
Aminophylline,Erythromycin,0
Carbamazepine,Mexiletine,0
Propofol,Itraconazole,0
Tolvaptan,Lapatinib,0
Nitrendipine,Methylphenidate,0
Valproic acid,Sulfisoxazole,0
Chlorpropamide,Rucaparib,0
Quinine,Celecoxib,0
Clonidine,Propranolol,1
Fosphenytoin,Benzphetamine,0
Lumiracoxib,Nefazodone,0
Ropinirole,Simeprevir,0
Conivaptan,Ondansetron,0
Pentobarbital,Metipranolol,0
Chlorpromazine,Ritonavir,0
Minaprine,Timolol,1
Ranolazine,Idelalisib,0
Dextroamphetamine,Lopinavir,0
Cyproterone acetate,Tizanidine,0
Primidone,Propranolol,0
Nortriptyline,Fluorouracil,0
Amobarbital,Trimipramine,0
Lopinavir,Aprepitant,0
Hexobarbital,Imatinib,0
Testosterone,Telithromycin,0
Clarithromycin,Lithium cation,1
Phenobarbital,Carbamazepine,0
Acemetacin,Torasemide,0
Silodosin,Manidipine,0
Riociguat,Ranolazine,0
Lorcaserin,Lobeglitazone,0
Granisetron,Terbinafine,0
Alprenolol,Diphenhydramine,0
Citalopram,Isavuconazonium,0
Etoricoxib,Losartan,0
Thiopental,Polythiazide,0
Enzalutamide,Tacrolimus,0
Olsalazine,Metolazone,0
Ibuprofen,Moclobemide,0
Timolol,Enalaprilat,0
Nateglinide,Alogliptin,1
Mitotane,Glipizide,0
Carvedilol,Voriconazole,0
Sulfadiazine,Pargyline,1
Mexiletine,Azithromycin,0
Ledipasvir,Erythromycin,0
Quetiapine,Glimepiride,0
Thiopental,Trimipramine,0
Quetiapine,Amoxapine,1
Sotalol,Ciprofloxacin,1
Omeprazole,Indinavir,0
Tamsulosin,Netupitant,0
Nilotinib,Hydroxyzine,1
Phenobarbital,Sitagliptin,0
Suvorexant,Erythromycin,0
Thioridazine,Fluoxetine,1
Acenocoumarol,Palbociclib,0
Azelastine,Zafirlukast,0
Topotecan,Digoxin,0
Ibrutinib,Diltiazem,0
Thiopental,Bepridil,0
Darifenacin,Clobazam,0
Mycophenolate mofetil,Luliconazole,0
Primidone,Lumefantrine,0
Brimonidine,Penbutolol,0
Granisetron,Methadone,1
Delavirdine,Panobinostat,0
Phenprocoumon,Topiroxostat,0
Rilpivirine,Olanzapine,0
Acenocoumarol,Isradipine,0
Nevirapine,Amitriptyline,0
Zafirlukast,Dasatinib,0
Metoprolol,Levodopa,0
Antipyrine,Betaxolol,0
Rasagiline,Macitentan,0
Desvenlafaxine,Delavirdine,0
Phenoxybenzamine,Duloxetine,0
Estrone sulfate,Vemurafenib,0
Mefloquine,Dabigatran etexilate,0
Lumefantrine,Ketoconazole,0
Darifenacin,Palbociclib,0
Lidocaine,Gemfibrozil,0
Protriptyline,Rotigotine,0
Buprenorphine,Promazine,1
Dabrafenib,Itraconazole,0
Fosphenytoin,Teriflunomide,0
Buspirone,Aprepitant,0
Conivaptan,Doxycycline,0
Argatroban,Estrone sulfate,0
Rifapentine,Carbamazepine,0
Iloperidone,Chloroquine,0
Nebivolol,Cocaine,0
Parecoxib,Fluorouracil,0
Acetylsalicylic acid,Lumacaftor,0
Celecoxib,Isradipine,0
Apixaban,Telithromycin,0
Dofetilide,Lumefantrine,1
Lercanidipine,Ziprasidone,0
Etoricoxib,Azithromycin,0
Tapentadol,Perampanel,1
Buprenorphine,Oxprenolol,1
Chloroquine,Ziprasidone,0
Metoprolol,Indomethacin,0
Ximelagatran,Acetylsalicylic acid,1
Mirtazapine,Etravirine,0
Aprepitant,Pitavastatin,0
Eliglustat,Chlorpromazine,0
Tipranavir,Erythromycin,0
Cyclosporine,Progesterone,0
Granisetron,Clozapine,1
Olanzapine,Cholecalciferol,0
Rivaroxaban,Apixaban,1
Bisoprolol,Silodosin,0
Protriptyline,Minaprine,1
Thioridazine,Tipranavir,0
Torasemide,Bepridil,0
Dabrafenib,Lumefantrine,0
Edoxaban,Chloroquine,0
Propranolol,Celiprolol,0
Simvastatin,Idelalisib,0
Chlorothiazide,Glyburide,0
Warfarin,Doxepin,1
Brimonidine,Riociguat,0
Pentobarbital,Esmolol,0
Etacrynic acid,Tolbutamide,0
Benzphetamine,Fusidic acid,0
Promethazine,Ropinirole,0
Seratrodast,Telithromycin,0
Sunitinib,Atomoxetine,0
Pazopanib,Diltiazem,0
Rotigotine,Telaprevir,0
Cocaine,Tramadol,0
Modafinil,Dihydroergotamine,0
Dronabinol,Lobeglitazone,0
Topotecan,Daunorubicin,0
Rilpivirine,Desipramine,0
Cholecalciferol,Dihydroergotamine,0
Pravastatin,Topiroxostat,0
Nitrendipine,Posaconazole,0
Protriptyline,Nevirapine,0
Toremifene,Chlorothiazide,0
Pimozide,Atazanavir,0
Clobazam,Ethanol,1
Glimepiride,Nicardipine,0
Torasemide,Dosulepin,0
Cyclophosphamide,Bosutinib,1
Omeprazole,Tolbutamide,0
Palbociclib,Fusidic acid,0
Disopyramide,Clomipramine,1
Cilostazol,Lobeglitazone,0
Propranolol,Paroxetine,0
Cimetidine,Posaconazole,0
Dolasetron,Sildenafil,0
Mitotane,Tolterodine,0
Lidocaine,Nabilone,1
Dronedarone,Cimetidine,0
Cisapride,Telithromycin,0
Modafinil,Aprepitant,0
Rifaximin,Omeprazole,0
Rifampicin,Ceritinib,0
Phenytoin,Cisapride,0
Vardenafil,Isradipine,0
Phenytoin,Timolol,0
Venlafaxine,Lobeglitazone,0
Thalidomide,Tapentadol,1
Sunitinib,Ketoconazole,0
Leflunomide,Chlorthalidone,0
Mirtazapine,Trimethoprim,0
Ondansetron,Nortriptyline,1
Bisoprolol,Celecoxib,0
Risperidone,Tapentadol,1
Metolazone,Alprenolol,0
Lumefantrine,Saquinavir,0
Carteolol,Trichlormethiazide,0
Lumiracoxib,Fluconazole,0
Buprenorphine,Doxycycline,0
Celiprolol,Chlorthalidone,0
Levomilnacipran,Clemastine,0
Tolterodine,Lorcaserin,0
Carvedilol,Sertraline,0
Topotecan,Digitoxin,0
Guanfacine,Alprenolol,1
Tipranavir,Omeprazole,0
Disopyramide,Ivacaftor,0
Chlorpromazine,Norfloxacin,1
Secobarbital,Propranolol,0
Abiraterone,Ceritinib,0
Rifapentine,Perampanel,0
Clobazam,Omeprazole,0
Daunorubicin,Darunavir,0
Zuclopenthixol,Perampanel,1
Buprenorphine,Terbinafine,0
Conivaptan,Celecoxib,0
Rifampicin,Treprostinil,0
Hydrocodone,Zolpidem,1
Ximelagatran,Warfarin,1
Rabeprazole,Dabigatran etexilate,0
Rifampicin,Pindolol,0
Olanzapine,Bosutinib,0
Bupropion,Lovastatin,0
Midostaurin,Indinavir,0
Sulfisoxazole,Toloxatone,1
Phenobarbital,Loratadine,0
Ethinylestradiol,Osimertinib,0
Estrone sulfate,Bortezomib,0
Tolbutamide,Pantoprazole,0
Hydrocodone,Zuclopenthixol,1
Quazepam,Doxycycline,0
Rosiglitazone,Lumacaftor,0
Galantamine,Darunavir,0
Brimonidine,Doxylamine,1
Phenytoin,Guanfacine,0
Timolol,Theophylline,0
Pazopanib,Trimipramine,0
Nevirapine,Promazine,0
Carbamazepine,Pantoprazole,0
Cimetidine,Itraconazole,0
Celiprolol,Luliconazole,0
Promethazine,Brimonidine,1
Nevirapine,Chlorpromazine,0
Sitagliptin,Testosterone,1
Amiodarone,Zucapsaicin,0
Clemastine,Rotigotine,0
Nilvadipine,Amiodarone,0
Artemether,Amoxapine,1
Amitriptyline,Diltiazem,0
Pimozide,Ciprofloxacin,1
Ubidecarenone,Iloperidone,0
Simvastatin,Isoniazid,0
Cilostazol,Clarithromycin,0
Pitavastatin,Sildenafil,0
Bosutinib,Modafinil,0
Clarithromycin,Chloroquine,1
Formoterol,Quinethazone,0
Pseudoephedrine,Promazine,0
Caffeine,Lithium cation,0
Clomipramine,Mexiletine,0
Dicoumarol,Olopatadine,1
Conivaptan,Simvastatin,0
Nicardipine,Ticlopidine,0
Levodopa,Risperidone,0
Bepridil,Enalaprilat,0
Testosterone,Irbesartan,0
Methohexital,Torasemide,0
Propafenone,Amitriptyline,1
Carvedilol,Methotrimeprazine,0
Glipizide,Canagliflozin,1
Dofetilide,Boceprevir,0
Mycophenolate mofetil,Clarithromycin,0
Tofacitinib,Fingolimod,0
Tamsulosin,Sulfisoxazole,0
Silodosin,Clotrimazole,0
Pravastatin,Propofol,0
Alfuzosin,Ambrisentan,0
Sevoflurane,Telaprevir,0
Indinavir,Dabigatran etexilate,0
Fosphenytoin,Topotecan,0
Pentobarbital,Efavirenz,0
Disopyramide,Nortriptyline,1
Secobarbital,Caffeine,0
Colchicine,Osimertinib,0
Vardenafil,Cyclosporine,0
Mitotane,Tamoxifen,0
Sertraline,Omeprazole,0
Rabeprazole,Fluvoxamine,0
Valproic acid,Pantoprazole,0
Cilostazol,Nefazodone,0
Lapatinib,Palbociclib,0
Dasatinib,Cimetidine,0
Guanfacine,Ergotamine,0
Secobarbital,Ibuprofen,0
Orphenadrine,Secobarbital,1
Nefazodone,Apixaban,0
Clozapine,Idelalisib,0
Galantamine,Isradipine,0
Pentamidine,Mexiletine,0
Tolazamide,Penbutolol,1
Riociguat,Tipranavir,0
Glipizide,Disopyramide,1
Furazolidone,Carvedilol,0
Benzphetamine,Doxylamine,0
Trichlormethiazide,Rosiglitazone,0
Conivaptan,Bromocriptine,0
Amitriptyline,Lumacaftor,0
Azelastine,Norfloxacin,0
Lercanidipine,Fesoterodine,0
Glyburide,Acebutolol,1
Tamsulosin,Venlafaxine,0
Clozapine,Fluconazole,0
Sevoflurane,Bortezomib,0
Epoprostenol,Cholecalciferol,0
Clonidine,Lercanidipine,0
Rasagiline,Oxprenolol,0
Selegiline,Atomoxetine,1
Imatinib,Dabigatran etexilate,0
Pantoprazole,Fosaprepitant,0
Betaxolol,Theophylline,0
Fosphenytoin,Doxazosin,0
Conivaptan,Osimertinib,0
Thioridazine,Voriconazole,1
Orphenadrine,Fosphenytoin,1
Seratrodast,Fluvoxamine,0
Dicoumarol,Epinastine,1
Daunorubicin,Ceritinib,0
Apixaban,Nicardipine,0
Clobazam,Cimetidine,0
Caffeine,Nefazodone,0
Rilpivirine,Ergotamine,0
Bisoprolol,Darunavir,0
Colchicine,Cobicistat,0
Ethanol,Lobeglitazone,0
Efavirenz,Pregabalin,0
Dabrafenib,Imatinib,0
Amiodarone,Isoniazid,0
Galantamine,Sertraline,0
Aliskiren,Levodopa,0
Protriptyline,Rucaparib,0
Estradiol,Sorafenib,0
Leflunomide,Cholecalciferol,0
Labetalol,Parecoxib,0
Bortezomib,Lobeglitazone,0
Pentamidine,Ranolazine,1
Ciprofloxacin,Clomipramine,1
Celecoxib,Fluorouracil,0
Theophylline,Fluoxetine,0
Amobarbital,Iloprost,0
Diphenhydramine,Vemurafenib,0
Chlorpromazine,Magnesium sulfate,1
Propofol,Droperidol,1
Antipyrine,Duloxetine,0
Bosentan,Trimipramine,0
Guanfacine,Fingolimod,1
Azelastine,Eliglustat,0
Nicotine,Diphenhydramine,0
Celecoxib,Fosaprepitant,0
Lumefantrine,Azithromycin,1
Hydroflumethiazide,Repaglinide,0
Torasemide,Ticagrelor,0
Hydrochlorothiazide,Citalopram,0
Ceritinib,Atazanavir,0
Ondansetron,Leflunomide,0
Nicotine,Osimertinib,0
Amprenavir,Stiripentol,0
Everolimus,Desipramine,0
Argatroban,Lopinavir,0
Ranolazine,Ketoconazole,0
Mirtazapine,Terbinafine,0
Rifampicin,Perampanel,0
Ixazomib,Imatinib,0
Bosentan,Colchicine,0
Phenytoin,Lopinavir,0
Ibrutinib,Olanzapine,0
Itraconazole,Clemastine,0
Acebutolol,Ouabain,1
Aliskiren,Venlafaxine,0
Mirtazapine,Ixazomib,0
Nevirapine,Tranylcypromine,0
Riociguat,Clemastine,0
Fosphenytoin,Topiroxostat,0
Irbesartan,Nilotinib,0
Balsalazide,Indomethacin,1
Sertraline,Rolapitant,0
Caffeine,Sildenafil,0
Bromocriptine,Sotalol,1
Mianserin,Darunavir,0
Quinine,Polythiazide,0
Nevirapine,Caffeine,0
Mianserin,Perampanel,0
Haloperidol,Galantamine,1
Methadone,Moexipril,1
Phenprocoumon,Ethinylestradiol,0
Primidone,Ibuprofen,0
Toloxatone,Cyclobenzaprine,1
Clonidine,Ritonavir,0
Selegiline,Zucapsaicin,0
Idarubicin,Lobeglitazone,0
Mitotane,Zileuton,0
Moclobemide,Phenoxybenzamine,0
Topotecan,Azithromycin,0
Theophylline,Dasatinib,0
Rasagiline,Hydroflumethiazide,0
Buprenorphine,Sorafenib,0
Doxorubicin,Tranylcypromine,0
Irbesartan,Bepridil,0
Dofetilide,Dronedarone,0
Nicotine,Cocaine,0
Propafenone,Fluconazole,0
Modafinil,Estrone sulfate,0
Carvedilol,Valsartan,0
Alogliptin,Desvenlafaxine,1
Prucalopride,Itraconazole,0
Nilotinib,Netupitant,0
Propranolol,Mirabegron,0
Argatroban,Acemetacin,1
Pentobarbital,Bopindolol,0
Imipramine,Etravirine,0
Simvastatin,Fosaprepitant,0
Primidone,Nebivolol,0
Sevoflurane,Aprepitant,0
Progesterone,Methotrimeprazine,0
Ubidecarenone,Stiripentol,0
Methotrimeprazine,Glipizide,0
Dabrafenib,Domperidone,0
Olaparib,Darunavir,0
Amitriptyline,Ticlopidine,0
Formoterol,Paroxetine,0
Levomilnacipran,Chloroquine,0
Idarubicin,Ticagrelor,0
Colchicine,Ciprofloxacin,0
Tamsulosin,Ivacaftor,0
Clozapine,Dasatinib,0
Deferasirox,Daunorubicin,0
Primidone,Pantoprazole,0
Dabrafenib,Methylphenobarbital,0
Nicorandil,Carteolol,0
Quetiapine,Imipramine,1
Artemether,Clozapine,0
Deferasirox,Etravirine,0
Primidone,Olopatadine,0
Etoricoxib,Palbociclib,0
Ledipasvir,Amiodarone,0
Thiopental,Pindolol,0
Thiopental,Metoprolol,0
Tolazamide,Alogliptin,1
Clopidogrel,Quinine,0
Suvorexant,Darunavir,0
Pitavastatin,Atomoxetine,0
Lapatinib,Omeprazole,0
Nortriptyline,Delavirdine,0
Mefloquine,Perampanel,0
Thalidomide,Azelastine,1
Rolapitant,Lovastatin,0
Conivaptan,Panobinostat,0
Chlorpromazine,Delavirdine,0
Idarubicin,Promazine,0
Lumacaftor,Thiamylal,0
Pentobarbital,Canagliflozin,0
Phenytoin,Tamsulosin,0
Nafamostat,Iloprost,0
Amobarbital,Voriconazole,0
Carbamazepine,Vardenafil,0
Cyclobenzaprine,Rucaparib,0
Lapatinib,Lumacaftor,0
Phenprocoumon,Manidipine,0
Pentobarbital,Galantamine,0
Enzalutamide,Irbesartan,0
Seratrodast,Voriconazole,0
Quazepam,Ticagrelor,0
Ibuprofen,Valproic acid,0
Thioridazine,Sertraline,0
Zuclopenthixol,Metoprolol,0
Tamsulosin,Ketoconazole,0
Disopyramide,Levofloxacin,1
Dorzolamide,Ziprasidone,0
Rifapentine,Ledipasvir,0
Modafinil,Estradiol,0
Rosiglitazone,Fluorouracil,0
Zuclopenthixol,Atazanavir,0
Rifapentine,Trimipramine,0
Methylphenidate,Quinidine,0
Quinine,Esomeprazole,0
Verapamil,Fosamprenavir,0
Carvedilol,Nefazodone,0
Toremifene,Sorafenib,1
Ambrisentan,Macitentan,0
Tolterodine,Osimertinib,0
Simvastatin,Netupitant,0
Repaglinide,Escitalopram,1
Fingolimod,Itraconazole,0
Bepridil,Oxprenolol,0
Lapatinib,Deslanoside,0
Warfarin,Ticagrelor,0
Nateglinide,Olaparib,0
Metamfetamine,Zuclopenthixol,0
Ibuprofen,Sildenafil,0
Selegiline,Lercanidipine,0
Ixazomib,Lidocaine,0
Lumacaftor,Arformoterol,0
Protriptyline,Metyrosine,0
Amphetamine,Ondansetron,0
Imipramine,Propafenone,0
Chloroquine,Dosulepin,0
Acetyldigitoxin,Primaquine,0
Hydroxyzine,Sodium oxybate,1
Verapamil,Deslanoside,1
Ciprofloxacin,Vardenafil,1
Phenobarbital,Doxazosin,0
Tofacitinib,Telaprevir,0
Fosphenytoin,Diltiazem,0
Ivacaftor,Netupitant,0
Buspirone,Minocycline,1
Rifabutin,Amprenavir,0
Simvastatin,Imatinib,0
Cholecalciferol,Telaprevir,0
Rivaroxaban,Tibolone,1
Phenprocoumon,Trimipramine,1
Diclofenac,Imatinib,0
Buprenorphine,Rotigotine,0
Lumefantrine,Methotrimeprazine,1
Rolapitant,Telithromycin,0
Pseudoephedrine,Chlorpromazine,0
Fosamprenavir,Netupitant,0
Iloprost,Dasatinib,1
Etoricoxib,Chloroquine,0
Thioridazine,Imipramine,0
Rucaparib,Digoxin,0
Pazopanib,Nefazodone,0
Domperidone,Crizotinib,0
Digitoxin,Telaprevir,0
Deferasirox,Phenoxybenzamine,0
Rifapentine,Quetiapine,0
Captopril,Macitentan,0
Clarithromycin,Dolasetron,1
Delavirdine,Luliconazole,0
Ondansetron,Perampanel,1
Epoprostenol,Lobeglitazone,0
Carbamazepine,Lovastatin,0
Rilpivirine,Darunavir,0
Cholecalciferol,Telithromycin,0
Dronedarone,Amitriptyline,1
Paliperidone,Amitriptyline,0
Tolazamide,Sulfadiazine,1
Celecoxib,Luliconazole,0
Mitotane,Imipramine,0
Lumacaftor,Granisetron,0
Cimetidine,Bosutinib,0
Quinidine,Salicylic acid,0
Carbamazepine,Telaprevir,0
Macitentan,Lovastatin,0
Vemurafenib,Dronedarone,0
Valproic acid,Crizotinib,0
Methadone,Doxylamine,1
Chlorpropamide,Glimepiride,1
Asenapine,Clomipramine,1
Rifaximin,Bupranolol,0
Mycophenolate mofetil,Venlafaxine,0
Olaparib,Nelfinavir,0
Acetyldigitoxin,Itraconazole,0
Citalopram,Fesoterodine,0
Levofloxacin,Galantamine,1
Rasagiline,Rucaparib,0
Ibrutinib,Fluconazole,0
Doxylamine,Hydroxyzine,1
Cilostazol,Paroxetine,0
Thiopental,Atenolol,0
Primidone,Indinavir,0
Artemether,Moexipril,1
Nortriptyline,Tapentadol,1
Nevirapine,Lovastatin,0
Toremifene,Chlorpromazine,1
Vemurafenib,Saquinavir,0
Ethanol,Levomilnacipran,0
Amphetamine,Enalapril,0
Iloperidone,Levofloxacin,1
Warfarin,Verapamil,0
Cyclosporine,Luliconazole,0
Olaparib,Lovastatin,0
Caffeine,Etravirine,0
Fluvastatin,Panobinostat,0
Disopyramide,Olsalazine,1
Ranolazine,Vincristine,0
Saquinavir,Methadone,1
Aripiprazole,Diltiazem,0
Levomilnacipran,Formoterol,0
Everolimus,Isradipine,0
Naloxegol,Imipramine,0
Lovastatin,Fosamprenavir,0
Carvedilol,Itraconazole,0
Lapatinib,Modafinil,0
Promazine,Ticlopidine,0
Mycophenolate mofetil,Imatinib,0
Bosutinib,Azelastine,0
Betaxolol,Isoniazid,0
Colchicine,Losartan,0
Toremifene,Trimipramine,1
Imatinib,Dasatinib,0
Desipramine,Boceprevir,0
Imatinib,Isoniazid,0
Atomoxetine,Darunavir,0
Yohimbine,Fluoxetine,0
Bosutinib,Efavirenz,0
Haloperidol,Metyrosine,0
Fosphenytoin,Eliglustat,0
Ziprasidone,Cobicistat,0
Cyclosporine,Afatinib,0
Prucalopride,Ticagrelor,0
Nateglinide,Omeprazole,0
Asenapine,Dosulepin,0
Ondansetron,Irbesartan,0
Perphenazine,Atomoxetine,0
Sildenafil,Fesoterodine,0
Etravirine,Clemastine,0
Timolol,Primaquine,0
Phenprocoumon,Fluvastatin,0
Telithromycin,Protriptyline,1
Silodosin,Propafenone,0
Argatroban,Saquinavir,0
Acebutolol,Acetyldigitoxin,1
Ergotamine,Nadolol,1
Hydrocodone,Propofol,1
Fosphenytoin,Glipizide,0
Carvedilol,Cholecalciferol,0
Tolterodine,Posaconazole,0
Pentobarbital,Rosuvastatin,0
Everolimus,Lidocaine,0
Penbutolol,Selexipag,0
Doxorubicin,Mirabegron,0
Bosutinib,Bepridil,0
Dabrafenib,Sildenafil,0
Zafirlukast,Darunavir,0
Deferasirox,Nilotinib,0
Dihydroergotamine,Propranolol,1
Levomilnacipran,Lobeglitazone,0
Etravirine,Sertraline,0
Amphetamine,Bepridil,0
Amphetamine,Epoprostenol,0
Trimipramine,Cinacalcet,0
Felodipine,Epoprostenol,0
Daunorubicin,Simeprevir,0
Mexiletine,Venlafaxine,0
Pirlindole,Selegiline,0
Dorzolamide,Erythromycin,0
Mitotane,Meloxicam,0
Quinine,Sotalol,1
Methylphenobarbital,Trichlormethiazide,0
Desvenlafaxine,Nelfinavir,0
Amitriptyline,Leflunomide,0
Haloperidol,Azithromycin,1
Buspirone,Celecoxib,0
Diltiazem,Posaconazole,0
Cyproterone acetate,Tamoxifen,0
Pentamidine,Bupropion,0
Levomilnacipran,Clotrimazole,0
Ergotamine,Ixazomib,0
Quinine,Cholecalciferol,0
Ubidecarenone,Felodipine,0
Phenprocoumon,Leflunomide,1
Verapamil,Manidipine,0
Diclofenac,Fluvoxamine,0
Canagliflozin,Voriconazole,0
Buspirone,Rotigotine,0
Clomipramine,Pargyline,1
Dolasetron,Gemfibrozil,0
Rifampicin,Dihydroergotamine,0
Nateglinide,Quinine,1
Colchicine,Ouabain,0
Nevirapine,Lercanidipine,0
Glipizide,Quinine,1
Mesalazine,Quinethazone,0
Suvorexant,Rotigotine,0
Amiodarone,Ledipasvir,0
Nicotine,Fluconazole,0
Prochlorperazine,Sulfisoxazole,0
Abiraterone,Acetyldigitoxin,0
Testosterone,Rucaparib,0
Diclofenac,Clotrimazole,0
Hydrochlorothiazide,Pioglitazone,0
Panobinostat,Norfloxacin,1
Tamoxifen,Terbinafine,0
Dofetilide,Ketoconazole,0
Progesterone,Midostaurin,0
Acemetacin,Brimonidine,0
Glimepiride,Abiraterone,0
Rifapentine,Gemfibrozil,0
Teriflunomide,Mexiletine,0
Tapentadol,Fluvastatin,0
Nicorandil,Propofol,0
Phenobarbital,Testosterone,0
Estrone,Nelfinavir,0
Sitagliptin,Indinavir,0
Caffeine,Norfloxacin,0
Bosentan,Bosutinib,0
Prucalopride,Amprenavir,0
Mefloquine,Atomoxetine,0
Perphenazine,Simeprevir,0
Carbamazepine,Fluorouracil,0
Fluoxetine,Fosaprepitant,0
Cabergoline,Imatinib,0
Lumacaftor,Azithromycin,0
Metamfetamine,Olopatadine,0
Tamoxifen,Clarithromycin,0
Doxylamine,Minocycline,1
Nafamostat,Aminophylline,0
Propranolol,Azithromycin,0
Metoprolol,Asenapine,0
Carvedilol,Polythiazide,0
Fingolimod,Olaparib,0
Phenoxybenzamine,Isavuconazonium,0
Bosentan,Canagliflozin,0
Dabrafenib,Valproic acid,0
Cisapride,Quazepam,0
Pioglitazone,Olaparib,0
Rifabutin,Argatroban,0
Digitoxin,Dasatinib,0
Fluvastatin,Ergotamine,0
Meloxicam,Idelalisib,0
Nicotine,Cinacalcet,0
Nilotinib,Atazanavir,0
Treprostinil,Polythiazide,0
Enzalutamide,Tipranavir,0
Pentamidine,Darifenacin,0
Quetiapine,Desipramine,1
Bepridil,Ziprasidone,0
Celiprolol,Labetalol,0
Chlorothiazide,Gliclazide,0
Iloperidone,Moexipril,1
Buprenorphine,Dihydroergotamine,0
Omeprazole,Verapamil,0
Clemastine,Doxylamine,1
Cabergoline,Ticlopidine,0
Estrone,Idelalisib,0
Voriconazole,Mifepristone,0
Naloxegol,Doxazosin,0
Methotrimeprazine,Perampanel,1
Cyclosporine,Sulfisoxazole,1
Suvorexant,Stiripentol,1
Acebutolol,Labetalol,0
Felodipine,Boceprevir,0
Captopril,Haloperidol,0
Pazopanib,Citalopram,0
Imatinib,Panobinostat,0
Crizotinib,Indinavir,0
Antipyrine,Cinacalcet,0
Fosphenytoin,Modafinil,0
Simvastatin,Iloperidone,0
Glimepiride,Topiroxostat,0
Iloperidone,Alogliptin,0
Daunorubicin,Acetyldigitoxin,0
Topotecan,Fluconazole,0
Osimertinib,Ranolazine,0
Rifapentine,Zileuton,0
Arformoterol,Rucaparib,0
Balsalazide,Mesalazine,1
Doxorubicin,Chloroquine,0
Moexipril,Valproic acid,0
Tamsulosin,Abiraterone,0
Enalapril,Methylphenidate,0
Buprenorphine,Fesoterodine,0
Trimipramine,Isavuconazonium,0
Betaxolol,Vemurafenib,0
Nevirapine,Diphenhydramine,0
Seratrodast,Teriflunomide,0
Colchicine,Enalapril,0
Thioridazine,Atazanavir,1
Eliglustat,Ritonavir,0
Voriconazole,Isavuconazonium,0
Antipyrine,Cobicistat,0
Rilpivirine,Olaparib,0
Haloperidol,Minocycline,1
Zolpidem,Simeprevir,0
Esmolol,Fluoxetine,0
Bosentan,Clozapine,0
Amobarbital,Doxycycline,0
Pimozide,Sulfamethoxazole,1
Olopatadine,Nabilone,1
Fosaprepitant,Tolbutamide,0
Pimozide,Magnesium sulfate,1
Enzalutamide,Deslanoside,0
Magnesium sulfate,Minocycline,1
Dofetilide,Imatinib,0
Hydrocodone,Sodium oxybate,1
Nicorandil,Esmolol,0
Pioglitazone,Leflunomide,0
Cyclobenzaprine,Boceprevir,0
Phenelzine,Dorzolamide,0
Aprepitant,Dosulepin,0
Clozapine,Treprostinil,1
Selexipag,Atazanavir,0
Ximelagatran,Treprostinil,1
Voriconazole,Palbociclib,0
Granisetron,Isavuconazonium,0
Phenytoin,Disopyramide,0
Sotalol,Ibuprofen,0
Fluoxetine,Idelalisib,0
Everolimus,Ketoconazole,0
Dextroamphetamine,Ticlopidine,0
Cyproterone acetate,Nicotine,0
Rilpivirine,Midostaurin,0
Aripiprazole,Selegiline,0
Telithromycin,Clozapine,1
Esomeprazole,Simeprevir,0
Rifampicin,Indomethacin,0
Zuclopenthixol,Fosamprenavir,0
Methadone,Topiroxostat,0
Acetylsalicylic acid,Omeprazole,0
Clonidine,Protriptyline,0
Nitrendipine,Darunavir,0
Lidocaine,Paroxetine,0
Simvastatin,Atomoxetine,0
Simvastatin,Stiripentol,0
Pindolol,Parecoxib,0
Eliglustat,Cobicistat,0
Rifaximin,Fluoxetine,0
Ethanol,Mifepristone,0
Daunorubicin,Netupitant,0
Posaconazole,Isavuconazonium,0
Ubidecarenone,Olanzapine,0
Cyclophosphamide,Bupropion,0
Orphenadrine,Amobarbital,1
Duloxetine,Promazine,0
Bosutinib,Dihydroergotamine,0
Caffeine,Crisaborole,0
Rifapentine,Clozapine,0
Saquinavir,Azithromycin,1
Canagliflozin,Dihydroergotamine,0
Citalopram,Olanzapine,1
Bosutinib,Testosterone,0
Daunorubicin,Tofacitinib,0
Selegiline,Sorafenib,0
Primidone,Desipramine,0
Cisapride,Boceprevir,0
Pravastatin,Sildenafil,0
Mirtazapine,Bortezomib,0
Dabigatran etexilate,Dicoumarol,1
Testosterone,Desipramine,0
Tolbutamide,Zucapsaicin,0
Perphenazine,Telaprevir,0
Thiamylal,Betaxolol,0
Netupitant,Desipramine,0
Cisapride,Pimozide,1
Seratrodast,Dosulepin,0
Sulfadiazine,Atazanavir,0
Clozapine,Desvenlafaxine,0
Cholecalciferol,Luliconazole,0
Acenocoumarol,Dicoumarol,1
Sorafenib,Doxorubicin,0
Simvastatin,Telaprevir,0
Dextroamphetamine,Phenelzine,0
Rifampicin,Mianserin,0
Alfuzosin,Macitentan,0
Lumacaftor,Digitoxin,0
Mexiletine,Lobeglitazone,0
Dofetilide,Amitriptyline,1
Ibuprofen,Modafinil,0
Orphenadrine,Promazine,1
Timolol,Doxazosin,0
Lithium cation,Nafamostat,0
Phenobarbital,Boceprevir,0
Lopinavir,Simeprevir,0
Rucaparib,Clobazam,0
Thioridazine,Galantamine,1
Mexiletine,Tranylcypromine,0
Darifenacin,Fosaprepitant,0
Esmolol,Formoterol,0
Mitotane,Omeprazole,0
Tolvaptan,Antipyrine,0
Amiodarone,Lumacaftor,0
Lithium cation,Haloperidol,1
Doxepin,Mesalazine,0
Alogliptin,Aminophylline,0
Levodopa,Perampanel,1
Rilpivirine,Zucapsaicin,0
Asenapine,Lopinavir,0
Daunorubicin,Telaprevir,0
Carteolol,Alprenolol,0
Everolimus,Digoxin,0
Topotecan,Estrone,0
Ximelagatran,Sorafenib,0
Betaxolol,Selexipag,0
Isradipine,Ceritinib,0
Cyclobenzaprine,Clozapine,0
Indapamide,Saquinavir,0
Clonidine,Bupranolol,1
Etacrynic acid,Saxagliptin,0
Granisetron,Sertraline,1
Pentobarbital,Aripiprazole,0
Warfarin,Valsartan,0
Mitotane,Zuclopenthixol,0
Nebivolol,Lorcaserin,0
Bortezomib,Telaprevir,0
Pentamidine,Atomoxetine,1
Rifaximin,Doxepin,0
Buprenorphine,Olopatadine,1
Tofacitinib,Atazanavir,0
Pentobarbital,Phenytoin,0
Ergotamine,Vemurafenib,0
Donepezil,Carteolol,1
Paraldehyde,Clozapine,1
Sulfamethoxazole,Sulfisoxazole,0
Arformoterol,Fluconazole,0
Mianserin,Desipramine,0
Doxepin,Diltiazem,0
Brimonidine,Aliskiren,0
Benzphetamine,Imatinib,0
Thiamylal,Protriptyline,0
Pitavastatin,Clozapine,0
Darifenacin,Fluconazole,0
Rabeprazole,Atomoxetine,0
Bendroflumethiazide,Sitagliptin,0
Ethanol,Voriconazole,0
Sulfamethoxazole,Nelfinavir,0
Conivaptan,Sunitinib,0
Clemastine,Nabilone,1
Citalopram,Ritonavir,1
Celiprolol,Trichlormethiazide,0
Estradiol,Ziprasidone,0
Zolpidem,Boceprevir,0
Zuclopenthixol,Granisetron,1
Phenobarbital,Telaprevir,0
Riociguat,Boceprevir,0
Bupranolol,Macitentan,0
Acetylsalicylic acid,Duloxetine,0
Thioridazine,Darunavir,0
Mitotane,Sitagliptin,0
Tacrolimus,Lumiracoxib,1
Clonidine,Tibolone,0
Amprenavir,Voriconazole,0
Quetiapine,Boceprevir,0
Cinacalcet,Olaparib,0
Nelfinavir,Palbociclib,0
Ibrutinib,Tramadol,0
Naloxegol,Delavirdine,0
Diltiazem,Mifepristone,0
Granisetron,Tizanidine,1
Acenocoumarol,Mifepristone,0
Methohexital,Iloprost,0
Gemfibrozil,Olaparib,0
Ibrutinib,Betaxolol,0
Topotecan,Sunitinib,0
Glyburide,Luliconazole,0
Ciprofloxacin,Vemurafenib,0
Pentamidine,Idelalisib,0
Doxorubicin,Ouabain,0
Eliglustat,Manidipine,0
Nateglinide,Methylene blue,1
Rabeprazole,Sertraline,0
Pentobarbital,Rifabutin,0
Rifabutin,Pimozide,0
Nafamostat,Hydroflumethiazide,0
Pentamidine,Formoterol,1
Fosphenytoin,Dosulepin,0
Rasagiline,Torasemide,0
Afatinib,Acetyldigitoxin,0
Quinidine,Pentamidine,0
Mitotane,Antipyrine,0
Thalidomide,Sulfisoxazole,0
Pentobarbital,Epinastine,0
Dicoumarol,Simvastatin,1
Clonidine,Propafenone,1
Sertraline,Fesoterodine,0
Propofol,Pantoprazole,0
Thalidomide,Secobarbital,1
Oxprenolol,Diclofenac,0
Bosutinib,Dabigatran etexilate,0
Anagrelide,Rucaparib,0
Naloxegol,Vincristine,0
Glipizide,Moclobemide,1
Clonidine,Risperidone,0
Quazepam,Magnesium sulfate,1
Methylene blue,Bupranolol,0
Amiodarone,Celiprolol,1
Phenoxybenzamine,Dasatinib,0
Digoxin,Palbociclib,0
Fosamprenavir,Ceritinib,0
Dabrafenib,Macitentan,0
Ibrutinib,Clotrimazole,0
Progesterone,Palbociclib,0
Fosphenytoin,Stiripentol,0
Aripiprazole,Lovastatin,0
Isradipine,Atazanavir,0
Primidone,Perampanel,1
Etravirine,Sulfadiazine,0
Olsalazine,Chloroquine,1
Lithium cation,Enalaprilat,0
Isradipine,Doxycycline,0
Levofloxacin,Deslanoside,0
Donepezil,Ranolazine,0
Fosphenytoin,Disopyramide,1
Ximelagatran,Nafamostat,1
Orphenadrine,Telaprevir,0
Glimepiride,Pargyline,1
Disopyramide,Penbutolol,1
Sulfadiazine,Paroxetine,1
Deferasirox,Eliglustat,0
Yohimbine,Tipranavir,0
Thiamylal,Warfarin,0
Bupranolol,Lumiracoxib,0
Mycophenolate mofetil,Stiripentol,0
Gemifloxacin,Sorafenib,1
Sunitinib,Lovastatin,0
Ondansetron,Voriconazole,0
Perampanel,Darunavir,0
Pimozide,Venlafaxine,0
Pioglitazone,Saxagliptin,0
Colchicine,Sorafenib,0
Amphetamine,Nebivolol,0
Rosuvastatin,Fluoxetine,0
Repaglinide,Osimertinib,0
Rifampicin,Imatinib,0
Selegiline,Tibolone,0
Disopyramide,Isradipine,1
Propofol,Rosiglitazone,0
Metoprolol,Leflunomide,0
Rasagiline,Nebivolol,0
Indomethacin,Trimethoprim,0
Cyproterone acetate,Digitoxin,0
Crizotinib,Ticlopidine,0
Thioridazine,Oxprenolol,0
Sotalol,Desvenlafaxine,0
Propafenone,Fosaprepitant,0
Boceprevir,Estradiol,0
Tacrolimus,Captopril,0
Toloxatone,Minaprine,0
Selexipag,Aprepitant,0
Rifaximin,Chloroquine,0
Ibrutinib,Digoxin,0
Aripiprazole,Felodipine,0
Valsartan,Zafirlukast,0
Lidocaine,Lumacaftor,0
Etravirine,Clopidogrel,0
Thiopental,Sotalol,0
Pseudoephedrine,Timolol,1
Desipramine,Voriconazole,0
Primidone,Osimertinib,0
Clobazam,Amiodarone,0
Nitrendipine,Lopinavir,0
Asenapine,Midostaurin,0
Minaprine,Promazine,0
Naloxegol,Nicardipine,0
Nebivolol,Chlorpromazine,0
Desvenlafaxine,Netupitant,0
Desipramine,Captopril,0
Dolasetron,Fluvastatin,0
Salicylic acid,Ceritinib,0
Ziprasidone,Tramadol,0
Nebivolol,Theophylline,0
Alogliptin,Mirabegron,0
Dofetilide,Trimethoprim,0
Naloxegol,Rifampicin,0
Tolterodine,Fluvoxamine,0
Clomipramine,Panobinostat,0
Propofol,Simeprevir,0
Afatinib,Pravastatin,0
Nateglinide,Mesalazine,1
Pentamidine,Rosiglitazone,0
Glimepiride,Indinavir,0
Tolazamide,Chlorpropamide,1
Fluvastatin,Iloperidone,0
Propranolol,Rucaparib,0
Buprenorphine,Thiopental,1
Diclofenac,Fluconazole,0
Propranolol,Sertraline,0
Gliclazide,Ketoconazole,0
Escitalopram,Trimethoprim,1
Nortriptyline,Ketoconazole,0
Acetylsalicylic acid,Ranolazine,0
Nateglinide,Telithromycin,0
Ambrisentan,Esomeprazole,0
Thioridazine,Etoricoxib,0
Citalopram,Sorafenib,1
Rifampicin,Ximelagatran,0
Formoterol,Dosulepin,0
Aminophylline,Ethanol,0
Lercanidipine,Telithromycin,0
Pentamidine,Cocaine,0
Ivacaftor,Amiodarone,0
Oxprenolol,Meloxicam,0
Quetiapine,Zucapsaicin,0
Fingolimod,Clarithromycin,0
Conivaptan,Diltiazem,0
Haloperidol,Amiodarone,0
Estradiol,Valsartan,0
Indinavir,Clarithromycin,0
Carbamazepine,Argatroban,0
Prucalopride,Trimethoprim,0
Promethazine,Mefloquine,0
Nefazodone,Fluconazole,0
Etoricoxib,Panobinostat,0
Dabrafenib,Warfarin,0
Phenoxybenzamine,Stiripentol,0
Zafirlukast,Idelalisib,0
Pentobarbital,Eliglustat,0
Levomilnacipran,Crizotinib,0
Meloxicam,Epoprostenol,0
Indinavir,Nelfinavir,0
Thioridazine,Sulfisoxazole,1
Quinine,Arformoterol,1
Dolasetron,Lovastatin,0
Trimipramine,Sitagliptin,0
Asenapine,Gliclazide,0
Perphenazine,Ranolazine,0
Silodosin,Bromocriptine,0
Buprenorphine,Clomipramine,1
Desipramine,Ketoconazole,0
Nadolol,Venlafaxine,0
Macitentan,Fosamprenavir,0
Rifapentine,Glyburide,0
Iloprost,Tipranavir,0
Azelastine,Imatinib,0
Pentobarbital,Propafenone,0
Bosentan,Glipizide,0
Formoterol,Sildenafil,0
Nicardipine,Fluconazole,0
Azelastine,Citalopram,0
Imatinib,Itraconazole,0
Ritonavir,Ivacaftor,0
Glyburide,Moclobemide,1
Pentamidine,Acetylsalicylic acid,1
Epinastine,Isradipine,0
Propranolol,Olsalazine,0
Voriconazole,Fluvoxamine,0
Tamsulosin,Diphenhydramine,0
Quinidine,Fluconazole,0
Dorzolamide,Nilotinib,0
Enzalutamide,Olaparib,0
Rifampicin,Sorafenib,0
Estradiol,Atazanavir,0
Everolimus,Itraconazole,0
Rifabutin,Alogliptin,0
Betaxolol,Desipramine,0
Olsalazine,Hydroflumethiazide,0
Deferasirox,Bosentan,0
Enzalutamide,Panobinostat,0
Dextroamphetamine,Dronedarone,0
Granisetron,Droperidol,1
Escitalopram,Palbociclib,0
Leflunomide,Voriconazole,0
Nebivolol,Arformoterol,0
Methadone,Ziprasidone,0
Zuclopenthixol,Saquinavir,0
Macitentan,Clarithromycin,0
Sitagliptin,Mesalazine,1
Primidone,Celiprolol,0
Atenolol,Aminophylline,0
Pseudoephedrine,Imipramine,0
Aprepitant,Tolbutamide,0
Phenytoin,Apixaban,0
Lumacaftor,Dronedarone,0
Enzalutamide,Trimethoprim,0
Desipramine,Clemastine,0
Caffeine,Nilotinib,0
Ledipasvir,Dronabinol,0
Tolvaptan,Quinidine,0
Darifenacin,Chlorpromazine,0
Lapatinib,Indinavir,0
Sildenafil,Tranylcypromine,0
Mexiletine,Telaprevir,0
Ixazomib,Aprepitant,0
Acenocoumarol,Estradiol,0
Cilostazol,Nilotinib,0
Dextroamphetamine,Clotrimazole,0
Nateglinide,Glimepiride,1
Imipramine,Nabilone,1
Repaglinide,Itraconazole,0
Imipramine,Clobazam,0
Esomeprazole,Diltiazem,0
Pentobarbital,Tofacitinib,0
Crizotinib,Nelfinavir,0
Celecoxib,Etravirine,0
Pindolol,Acetylsalicylic acid,0
Lumefantrine,Voriconazole,0
Amiodarone,Atenolol,1
Conivaptan,Vincristine,0
Pitavastatin,Cobicistat,0
Rifabutin,Repaglinide,0
Protriptyline,Enalapril,0
Pentobarbital,Digoxin,0
Propranolol,Methadone,0
Nevirapine,Mirabegron,0
Carbamazepine,Repaglinide,0
Valsartan,Bupranolol,0
Mycophenolate mofetil,Metolazone,0
Dofetilide,Granisetron,1
Glipizide,Mesalazine,1
Methohexital,Bopindolol,0
Valsartan,Nilvadipine,0
Domperidone,Darifenacin,0
Captopril,Abiraterone,0
Buprenorphine,Pioglitazone,0
Efavirenz,Brimonidine,1
Asenapine,Isavuconazonium,0
Selegiline,Sildenafil,0
Lumacaftor,Thioridazine,0
Perphenazine,Osimertinib,0
Disopyramide,Saquinavir,0
Pioglitazone,Gemifloxacin,1
Gemifloxacin,Lapatinib,1
Tizanidine,Losartan,0
Captopril,Methotrimeprazine,0
Fingolimod,Cholecalciferol,0
Deferasirox,Verapamil,0
Thiamylal,Nicardipine,0
Aripiprazole,Sitagliptin,0
Escitalopram,Lovastatin,0
Ethanol,Cyproterone acetate,0
Rifapentine,Clonidine,0
Dronabinol,Palbociclib,0
Rilpivirine,Haloperidol,0
Phenprocoumon,Irbesartan,0
Terbinafine,Voriconazole,0
Minaprine,Methotrimeprazine,0
Trichlormethiazide,Riociguat,0
Nicorandil,Moexipril,0
Darifenacin,Dasatinib,0
Dabrafenib,Idelalisib,0
Estrone sulfate,Ketoconazole,0
Ondansetron,Lovastatin,0
Apixaban,Fluconazole,0
Rosiglitazone,Iloprost,1
Hexobarbital,Rasagiline,0
Bosentan,Torasemide,0
Naloxegol,Nilotinib,0
Methotrimeprazine,Iloperidone,1
Quetiapine,Methadone,1
Deferasirox,Estrone,0
Sulfamethoxazole,Zafirlukast,0
Acenocoumarol,Fluoxetine,0
Thioridazine,Moclobemide,0
Gliclazide,Selegiline,1
Verapamil,Fosaprepitant,0
Hexobarbital,Bepridil,0
Methylphenobarbital,Droperidol,1
Sunitinib,Fluconazole,0
Zileuton,Etacrynic acid,0
Aripiprazole,Fesoterodine,0
Ropinirole,Telithromycin,0
Clemastine,Tapentadol,1
Penbutolol,Olsalazine,0
Penbutolol,Fluoxetine,0
Dofetilide,Disopyramide,1
Methyclothiazide,Duloxetine,0
Selexipag,Fosamprenavir,0
Lumacaftor,Vemurafenib,0
Dorzolamide,Ivacaftor,0
Buspirone,Quinidine,0
Esmolol,Propafenone,0
Ranolazine,Telaprevir,0
Labetalol,Indomethacin,0
Imatinib,Clotrimazole,0
Bupranolol,Duloxetine,0
Tolvaptan,Nilvadipine,0
Propofol,Imipramine,0
Verapamil,Osimertinib,0
Lorcaserin,Clemastine,0
Dofetilide,Domperidone,1
Propofol,Cholecalciferol,0
Alfuzosin,Ranolazine,0
Pentobarbital,Clomipramine,0
Phenytoin,Fluoxetine,0
Estradiol,Etoricoxib,1
Pentobarbital,Labetalol,0
Pioglitazone,Cyclosporine,0
Clozapine,Alfuzosin,1
Fosphenytoin,Mexiletine,0
Treprostinil,Losartan,0
Pioglitazone,Isavuconazonium,0
Boceprevir,Nafamostat,0
Alogliptin,Panobinostat,0
Chlorpromazine,Perampanel,1
Rilpivirine,Cabergoline,0
Sotalol,Salicylic acid,0
Fluoxetine,Quazepam,0
Midostaurin,Aprepitant,0
Mesalazine,Torasemide,0
Chlorpropamide,Delavirdine,0
Lorcaserin,Pantoprazole,0
Rifabutin,Ketoconazole,0
Rosuvastatin,Venlafaxine,0
Hydroflumethiazide,Desvenlafaxine,0
Tapentadol,Lobeglitazone,0
Crizotinib,Paroxetine,1
Cisapride,Crisaborole,0
Rifapentine,Mycophenolate mofetil,0
Levomilnacipran,Fluconazole,0
Boceprevir,Mestranol,0
Buspirone,Quinine,0
Sotalol,Granisetron,1
Valproic acid,Etravirine,0
Nebivolol,Ambrisentan,0
Domperidone,Celecoxib,0
Tolterodine,Ropinirole,0
Pregabalin,Chlorpromazine,0
Nilotinib,Atomoxetine,1
Furazolidone,Indapamide,0
Brimonidine,Betaxolol,0
Thioridazine,Asenapine,0
Edoxaban,Diltiazem,0
Rifampicin,Valproic acid,0
Omeprazole,Zucapsaicin,0
Asenapine,Formoterol,1
Thiamylal,Rotigotine,0
Ethanol,Saxagliptin,0
Perphenazine,Clomipramine,0
Ouabain,Quinidine,0
Glipizide,Cholecalciferol,0
Methadone,Dronedarone,0
Desipramine,Darifenacin,0
Dorzolamide,Osimertinib,0
Ropinirole,Tamoxifen,0
Glyburide,Omeprazole,0
Vemurafenib,Mifepristone,0
Propranolol,Enalaprilat,0
Pravastatin,Vemurafenib,0
Afatinib,Doxazosin,0
Pargyline,Moexipril,0
Quinidine,Trimethoprim,1
Doxazosin,Ergotamine,0
Secobarbital,Methadone,0
Mefloquine,Isavuconazonium,0
Pimozide,Clotrimazole,0
Cimetidine,Afatinib,0
Metyrosine,Riociguat,0
Rifampicin,Testosterone,0
Edoxaban,Dronabinol,0
Thiopental,Nadolol,0
Labetalol,Seratrodast,0
Rifaximin,Simeprevir,0
Phenytoin,Alfuzosin,0
Penbutolol,Propafenone,0
Atenolol,Celiprolol,0
Mitotane,Propranolol,0
Sulfadiazine,Indinavir,0
Quinidine,Stiripentol,0
Lorcaserin,Lumefantrine,0
Tolterodine,Fluorouracil,0
Hydrochlorothiazide,Nitrendipine,0
Etravirine,Propafenone,0
Chlorothiazide,Levodopa,0
Promethazine,Dabigatran etexilate,0
Clarithromycin,Azithromycin,1
Warfarin,Norfloxacin,1
Pirlindole,Acebutolol,0
Imipramine,Perampanel,1
Rivaroxaban,Clarithromycin,0
Bupranolol,Nafamostat,0
Furazolidone,Metyrosine,0
Secobarbital,Acebutolol,0
Saxagliptin,Venlafaxine,0
Zolpidem,Lobeglitazone,0
Cyproterone acetate,Rotigotine,0
Bromocriptine,Clemastine,0
Rosuvastatin,Aprepitant,0
Glipizide,Desvenlafaxine,1
Ondansetron,Rucaparib,0
Rifapentine,Rilpivirine,0
Nicardipine,Clopidogrel,0
Granisetron,Propofol,1
Clomipramine,Idelalisib,0
Ibuprofen,Pioglitazone,0
Minaprine,Metyrosine,0
Terbinafine,Osimertinib,0
Repaglinide,Nateglinide,1
Lumacaftor,Conivaptan,0
Phenobarbital,Lapatinib,0
Dronedarone,Doxycycline,0
Bepridil,Duloxetine,0
Propranolol,Nilvadipine,0
Enzalutamide,Mirabegron,0
Estrone sulfate,Olaparib,0
Pregabalin,Ziprasidone,0
Furazolidone,Pindolol,0
Estradiol,Ranolazine,0
Rifabutin,Canagliflozin,0
Glyburide,Osimertinib,0
Secobarbital,Lumiracoxib,0
Daunorubicin,Imatinib,0
Dabrafenib,Doxazosin,0
Cocaine,Magnesium sulfate,1
Simvastatin,Azelastine,0
Bumetanide,Levodopa,0
Canagliflozin,Venlafaxine,0
Dorzolamide,Riociguat,0
Teriflunomide,Caffeine,0
Methohexital,Trichlormethiazide,0
Alogliptin,Dasatinib,0
Amphetamine,Ropinirole,0
Mexiletine,Lovastatin,0
Chlorpropamide,Amiodarone,0
Acenocoumarol,Diltiazem,0
Tolbutamide,Lovastatin,0
Mirtazapine,Ceritinib,0
Rivaroxaban,Ethinylestradiol,0
Azelastine,Thiamylal,1
Zolpidem,Imipramine,1
Repaglinide,Fusidic acid,0
Enzalutamide,Prochlorperazine,0
Cyclobenzaprine,Nabilone,1
Ibrutinib,Mirabegron,0
Betaxolol,Simeprevir,0
Afatinib,Vemurafenib,0
Aripiprazole,Perampanel,1
Apixaban,Luliconazole,0
Carbamazepine,Rucaparib,0
Pazopanib,Manidipine,0
Amoxapine,Hydroxyzine,1
Lithium cation,Brimonidine,1
Prochlorperazine,Chlorpromazine,0
Amobarbital,Esmolol,0
Pravastatin,Doxycycline,0
Captopril,Methadone,0
Suvorexant,Nevirapine,0
Macitentan,Osimertinib,0
Rifapentine,Moclobemide,0
Rifampicin,Seratrodast,0
Crizotinib,Fingolimod,1
Edoxaban,Atazanavir,0
Quinidine,Trimipramine,1
Tolterodine,Gemfibrozil,0
Buprenorphine,Hydroxyzine,1
Phenobarbital,Disopyramide,0
Dorzolamide,Ticagrelor,0
Bromocriptine,Bortezomib,0
Estrone,Vemurafenib,0
Carbamazepine,Mestranol,0
Formoterol,Polythiazide,0
Phenytoin,Methadone,0
Pitavastatin,Fluoxetine,0
Carvedilol,Yohimbine,0
Cyclosporine,Fusidic acid,0
Sotalol,Desipramine,1
Phenobarbital,Epinastine,0
Nadolol,Paroxetine,0
Doxazosin,Pseudoephedrine,0
Sertraline,Crisaborole,0
Buprenorphine,Cobicistat,0
Rilpivirine,Stiripentol,0
Aminophylline,Zafirlukast,0
Hexobarbital,Bisoprolol,0
Pioglitazone,Palbociclib,0
Estrone,Sulfamethoxazole,0
Paroxetine,Fesoterodine,0
Phenobarbital,Guanfacine,0
Clonidine,Ticlopidine,0
Cyproterone acetate,Daunorubicin,0
Lovastatin,Simeprevir,0
Diltiazem,Moclobemide,0
Escitalopram,Paroxetine,1
Granisetron,Idelalisib,0
Fosamprenavir,Dasatinib,0
Clobazam,Dronabinol,1
Clonidine,Amiodarone,0
Methadone,Verapamil,0
Rifapentine,Esmolol,0
Rivaroxaban,Ceritinib,0
Mefloquine,Pregabalin,0
Clozapine,Ranolazine,0
Verapamil,Moexipril,0
Repaglinide,Bortezomib,0
Rifapentine,Olaparib,0
Pantoprazole,Sulfisoxazole,0
Nevirapine,Doxycycline,0
Carbamazepine,Domperidone,0
Torasemide,Tolbutamide,0
Tacrolimus,Stiripentol,0
Mycophenolate mofetil,Itraconazole,0
Etoricoxib,Dronedarone,0
Levomilnacipran,Simeprevir,0
Estrone sulfate,Canagliflozin,0
Epinastine,Darifenacin,0
Pantoprazole,Zucapsaicin,0
Rifabutin,Doxycycline,0
Nefazodone,Lithium cation,1
Secobarbital,Seratrodast,0
Alogliptin,Ritonavir,0
Boceprevir,Aprepitant,0
Apixaban,Etravirine,0
Trimipramine,Atazanavir,0
Tramadol,Doxorubicin,0
Idarubicin,Amiodarone,0
Iloprost,Irbesartan,0
Propranolol,Leflunomide,0
Stiripentol,Dosulepin,0
Dabrafenib,Promethazine,0
Rosuvastatin,Rabeprazole,0
Verapamil,Luliconazole,0
Ivacaftor,Nelfinavir,0
Amphetamine,Nilotinib,0
Amphetamine,Selexipag,0
Clozapine,Theophylline,0
Fingolimod,Dihydroergotamine,0
Thiamylal,Gemfibrozil,0
Bosentan,Galantamine,0
Dofetilide,Bumetanide,1
Glimepiride,Duloxetine,1
Bromocriptine,Minaprine,1
Theophylline,Felodipine,0
Pentobarbital,Posaconazole,0
Enzalutamide,Clotrimazole,0
Cyclosporine,Balsalazide,1
Diphenhydramine,Valsartan,0
Buprenorphine,Levodopa,1
Vincristine,Desipramine,0
Primaquine,Palbociclib,0
Haloperidol,Nefazodone,0
Teriflunomide,Nortriptyline,0
Buprenorphine,Nefazodone,0
Mirtazapine,Valproic acid,1
Aminophylline,Propafenone,0
Benzphetamine,Pirlindole,0
Hydroflumethiazide,Tolbutamide,0
Enzalutamide,Parecoxib,0
Nevirapine,Glyburide,0
Bisoprolol,Erythromycin,0
Promazine,Methadone,1
Lumefantrine,Luliconazole,0
Mefloquine,Delavirdine,0
Lidocaine,Aprepitant,0
Acenocoumarol,Sertraline,0
Repaglinide,Glimepiride,1
Ziprasidone,Ticlopidine,0
Torasemide,Glimepiride,0
Phenoxybenzamine,Erythromycin,0
Pseudoephedrine,Oxprenolol,1
Asenapine,Mesalazine,0
Rifabutin,Diclofenac,0
Tamsulosin,Citalopram,0
Tranylcypromine,Enalaprilat,0
Iloperidone,Perampanel,1
Carbamazepine,Rivaroxaban,0
Sevoflurane,Fluvoxamine,0
Hydrocodone,Thalidomide,1
Glyburide,Bupranolol,1
Dronabinol,Idelalisib,0
Artemether,Itraconazole,0
Crizotinib,Lopinavir,0
Bosutinib,Rilpivirine,0
Carbamazepine,Dihydroergotamine,0
Orphenadrine,Ziprasidone,1
Ibuprofen,Gemfibrozil,0
Nebivolol,Clemastine,0
Tapentadol,Dronedarone,0
Pazopanib,Isavuconazonium,0
Parecoxib,Bendroflumethiazide,0
Silodosin,Tolvaptan,0
Tolbutamide,Lapatinib,0
Mirabegron,Clobazam,0
Perphenazine,Diltiazem,0
Sertraline,Telithromycin,0
Nicardipine,Boceprevir,0
Nilotinib,Ciprofloxacin,1
Felodipine,Telaprevir,0
Macitentan,Gemfibrozil,0
Metoprolol,Pantoprazole,0
Rifabutin,Ranolazine,0
Escitalopram,Fluconazole,1
Sotalol,Norfloxacin,1
Acemetacin,Losartan,0
Pazopanib,Asenapine,0
Mefloquine,Dihydroergotamine,0
Phenprocoumon,Simeprevir,0
Toloxatone,Celiprolol,0
Asenapine,Netupitant,0
Acetylsalicylic acid,Voriconazole,0
Fluvastatin,Topiroxostat,0
Propofol,Rotigotine,0
Acemetacin,Penbutolol,0
Thiopental,Enalaprilat,0
Digitoxin,Voriconazole,0
Etoricoxib,Ritonavir,0
Testosterone,Sertraline,0
Glipizide,Alogliptin,1
Fluvastatin,Venlafaxine,0
Macitentan,Palbociclib,0
Verapamil,Delavirdine,0
Telithromycin,Dosulepin,0
Perampanel,Dronabinol,1
Phenytoin,Enalapril,0
Lithium cation,Valsartan,0
Bupranolol,Primaquine,0
Pseudoephedrine,Cyclobenzaprine,0
Tofacitinib,Boceprevir,0
Warfarin,Theophylline,0
Methohexital,Phenprocoumon,0
Etravirine,Telaprevir,0
Captopril,Sertraline,0
Iloperidone,Canagliflozin,0
Aminophylline,Amiodarone,0
Toremifene,Paliperidone,1
Sevoflurane,Rucaparib,0
Darifenacin,Tramadol,0
Azithromycin,Nefazodone,0
Pitavastatin,Lovastatin,0
Buprenorphine,Voriconazole,0
Gliclazide,Acetylsalicylic acid,1
Amitriptyline,Sulfamethoxazole,0
Bepridil,Lumefantrine,0
Caffeine,Cinacalcet,0
Chlorothiazide,Enalaprilat,0
Ethanol,Lidocaine,1
Lumacaftor,Itraconazole,0
Guanfacine,Fluoxetine,0
Norfloxacin,Mifepristone,1
Nateglinide,Quinidine,0
Buprenorphine,Quinine,0
Saxagliptin,Fusidic acid,0
Carbamazepine,Azithromycin,0
Everolimus,Telaprevir,0
Lithium cation,Chlorpromazine,1
Topotecan,Pravastatin,0
Colchicine,Carvedilol,0
Fluvastatin,Crizotinib,0
Naloxegol,Pantoprazole,0
Edoxaban,Promethazine,0
Metamfetamine,Delavirdine,0
Doxepin,Manidipine,0
Phenobarbital,Caffeine,0
Carbamazepine,Imatinib,0
Paliperidone,Sodium oxybate,1
Donepezil,Thioridazine,0
Colchicine,Clomipramine,0
Sulfisoxazole,Methylene blue,1
Thalidomide,Trimipramine,1
Omeprazole,Doxycycline,0
Doxepin,Osimertinib,0
Lercanidipine,Diltiazem,0
Ergotamine,Saxagliptin,0
Thiamylal,Nortriptyline,0
Losartan,Trimethoprim,1
Ticagrelor,Fosaprepitant,0
Pentobarbital,Methadone,0
Suvorexant,Thioridazine,1
Phenytoin,Canagliflozin,0
Ergotamine,Darunavir,0
Rosiglitazone,Nefazodone,1
Sildenafil,Riociguat,0
Prucalopride,Rilpivirine,0
Testosterone,Losartan,0
Pioglitazone,Sulfamethoxazole,0
Ibrutinib,Fosamprenavir,0
Tizanidine,Clarithromycin,0
Aprepitant,Netupitant,0
Galantamine,Citalopram,0
Rifabutin,Simvastatin,0
Everolimus,Posaconazole,0
Aripiprazole,Fosamprenavir,0
Tamsulosin,Artemether,0
Fluvoxamine,Isoniazid,0
Rabeprazole,Dihydroergotamine,0
Fosphenytoin,Lovastatin,0
Oxprenolol,Indomethacin,0
Sertraline,Ritonavir,0
Secobarbital,Sitagliptin,0
Pioglitazone,Norfloxacin,1
Bopindolol,Duloxetine,0
Nitrendipine,Yohimbine,0
Conivaptan,Cisapride,0
Amitriptyline,Ritonavir,0
Methylphenobarbital,Ticlopidine,0
Meloxicam,Amiodarone,0
Suvorexant,Ceritinib,0
Risperidone,Fosamprenavir,0
Perphenazine,Imatinib,0
Phenytoin,Fluorouracil,0
Ledipasvir,Captopril,0
Granisetron,Quinine,0
Pazopanib,Azithromycin,0
Fluvoxamine,Abiraterone,0
Ritonavir,Fluvoxamine,0
Rosuvastatin,Cimetidine,0
Repaglinide,Acetylsalicylic acid,1
Vincristine,Cobicistat,0
Prucalopride,Sunitinib,0
Sertraline,Osimertinib,0
Tacrolimus,Ledipasvir,0
Granisetron,Fluconazole,1
Levodopa,Fluoxetine,0
Indapamide,Yohimbine,0
Aprepitant,Clemastine,0
Pargyline,Enalaprilat,0
Desipramine,Delavirdine,0
Benzphetamine,Olaparib,0
Ciprofloxacin,Dabigatran etexilate,0
Bopindolol,Azelastine,0
Mitotane,Dasatinib,0
Levofloxacin,Dabigatran etexilate,0
Metamfetamine,Sertraline,0
Galantamine,Duloxetine,0
Olanzapine,Levomilnacipran,1
Pseudoephedrine,Clobazam,0
Bosentan,Silodosin,0
Perampanel,Palbociclib,0
Nevirapine,Clopidogrel,0
Buspirone,Dosulepin,0
Risperidone,Tolbutamide,0
Darifenacin,Ticlopidine,0
Phenobarbital,Cabergoline,0
Pirlindole,Irbesartan,0
Amitriptyline,Ropinirole,0
Idarubicin,Methadone,0
Ledipasvir,Azithromycin,0
Nateglinide,Celecoxib,0
Pimozide,Thioridazine,0
Diclofenac,Caffeine,0
Loratadine,Fluvoxamine,0
Enzalutamide,Ethinylestradiol,0
Thiopental,Aliskiren,0
Clozapine,Olanzapine,1
Fosphenytoin,Celecoxib,0
Tramadol,Cyclosporine,0
Nadolol,Ouabain,1
Glyburide,Cobicistat,0
Diltiazem,Risperidone,0
Phenobarbital,Digoxin,0
Phenytoin,Iloperidone,0
Phenprocoumon,Apixaban,1
Brimonidine,Perampanel,1
Pindolol,Dosulepin,0
Thalidomide,Minocycline,1
Clonidine,Nilotinib,0
Cyclobenzaprine,Argatroban,0
Caffeine,Olaparib,0
Rifaximin,Methohexital,0
Loratadine,Manidipine,0
Metoprolol,Dextroamphetamine,0
Penbutolol,Mycophenolate mofetil,0
Imipramine,Lobeglitazone,0
Chlorthalidone,Escitalopram,0
Captopril,Thioridazine,0
Tapentadol,Droperidol,1
Treprostinil,Chlorothiazide,0
Zolpidem,Pantoprazole,0
Antipyrine,Indinavir,0
Lumefantrine,Delavirdine,0
Aripiprazole,Telaprevir,0
Chlorthalidone,Macitentan,0
Bosentan,Risperidone,0
Bosentan,Ticagrelor,0
Nicotine,Mirabegron,0
Granisetron,Indinavir,0
Pentobarbital,Risperidone,0
Atazanavir,Voriconazole,0
Teriflunomide,Fingolimod,0
Moclobemide,Mirabegron,0
Doxorubicin,Propafenone,0
Cyclosporine,Irbesartan,1
Ketoconazole,Progesterone,0
Mirtazapine,Delavirdine,0
Boceprevir,Nelfinavir,0
Doxorubicin,Cholecalciferol,0
Alprenolol,Lorcaserin,0
Chlorpropamide,Bupranolol,1
Rifabutin,Dronabinol,0
Olsalazine,Zileuton,1
Amiodarone,Fosphenytoin,1
Fluorouracil,Dosulepin,0
Loratadine,Saxagliptin,0
Dolasetron,Cocaine,0
Nevirapine,Pioglitazone,0
Celecoxib,Nicardipine,0
Ceritinib,Boceprevir,0
Tolvaptan,Azithromycin,0
Parecoxib,Trichlormethiazide,0
Mefloquine,Artemether,1
Lithium cation,Teriflunomide,0
Indomethacin,Leflunomide,0
Simvastatin,Testosterone,0
Imipramine,Quazepam,0
Fingolimod,Saquinavir,0
Prucalopride,Estrone sulfate,0
Lopinavir,Rifabutin,0
Vemurafenib,Fluconazole,1
Tolterodine,Dihydroergotamine,0
Methylphenidate,Mirabegron,0
Hexobarbital,Nilotinib,0
Loratadine,Rucaparib,0
Abiraterone,Palbociclib,0
Ixazomib,Lopinavir,0
Labetalol,Nafamostat,0
Anagrelide,Mefloquine,1
Chlorpropamide,Losartan,0
Levodopa,Mirabegron,0
Crizotinib,Treprostinil,1
Simeprevir,Vemurafenib,0
Lercanidipine,Bupranolol,0
Panobinostat,Ketoconazole,0
Secobarbital,Imatinib,0
Dabrafenib,Bosentan,0
Loratadine,Valsartan,0
Fluvastatin,Primaquine,0
Ixazomib,Fluvastatin,0
Paliperidone,Labetalol,1
Tizanidine,Bupranolol,1
Lorcaserin,Midostaurin,0
Ixazomib,Manidipine,0
Apixaban,Rucaparib,0
Metoprolol,Propranolol,0
Quinidine,Paroxetine,1
Deferasirox,Aripiprazole,0
Pravastatin,Lovastatin,0
Guanfacine,Nabilone,1
Tacrolimus,Simeprevir,0
Etacrynic acid,Rosiglitazone,0
Acetylsalicylic acid,Ketoconazole,0
Nilvadipine,Rucaparib,0
Iloperidone,Imatinib,0
Canagliflozin,Doxycycline,0
Propranolol,Diclofenac,0
Methotrimeprazine,Ondansetron,1
Bisoprolol,Venlafaxine,0
Promethazine,Atenolol,0
Diltiazem,Clopidogrel,0
Rosuvastatin,Phenelzine,0
Phenprocoumon,Crizotinib,0
Nebivolol,Haloperidol,0
Manidipine,Tamoxifen,0
Tramadol,Fesoterodine,0
Hydrocodone,Phenytoin,1
Tizanidine,Zafirlukast,0
Mexiletine,Clarithromycin,0
Saquinavir,Afatinib,0
Sunitinib,Fluvoxamine,0
Pantoprazole,Azithromycin,0
Pargyline,Atomoxetine,1
Mitotane,Sulfadiazine,0
Secobarbital,Moexipril,0
Fosphenytoin,Caffeine,0
Oxprenolol,Deslanoside,1
Phenytoin,Daunorubicin,0
Mitotane,Fosamprenavir,0
Darifenacin,Atomoxetine,0
Hexobarbital,Betaxolol,0
Isradipine,Fluconazole,0
Benzphetamine,Oxprenolol,1
Nortriptyline,Aprepitant,0
Cisapride,Tranylcypromine,0
Olaparib,Idelalisib,0
Pitavastatin,Ketoconazole,0
Propranolol,Cholecalciferol,0
Loratadine,Netupitant,0
Mianserin,Pregabalin,0
Celiprolol,Selexipag,0
Hexobarbital,Acenocoumarol,0
Esomeprazole,Ranolazine,0
Droperidol,Venlafaxine,1
Furazolidone,Doxazosin,0
Celecoxib,Omeprazole,0
Phenobarbital,Verapamil,0
Minaprine,Tranylcypromine,0
Ivacaftor,Ceritinib,0
Clobazam,Bortezomib,0
Teriflunomide,Duloxetine,0
Diclofenac,Telithromycin,0
Mianserin,Dihydroergotamine,0
Sildenafil,Telaprevir,0
Verapamil,Lobeglitazone,0
Oxprenolol,Nilvadipine,0
Rifaximin,Mifepristone,0
Olanzapine,Pioglitazone,0
Ibrutinib,Terbinafine,0
Mitotane,Apixaban,0
Eliglustat,Ticlopidine,0
Dabrafenib,Sitagliptin,0
Alogliptin,Phenelzine,1
Tamsulosin,Lopinavir,0
Lumiracoxib,Lovastatin,0
Nebivolol,Acetylsalicylic acid,0
Abiraterone,Cobicistat,0
Epoprostenol,Nebivolol,0
Fosaprepitant,Mestranol,0
Efavirenz,Isradipine,0
Azelastine,Atomoxetine,0
Ranolazine,Delavirdine,0
Colchicine,Testosterone,0
Loratadine,Crizotinib,0
Warfarin,Clarithromycin,0
Trichlormethiazide,Nebivolol,0
Chlorthalidone,Lercanidipine,0
Carvedilol,Acetyldigitoxin,1
Fluvastatin,Thiopental,0
Ximelagatran,Antipyrine,1
Dofetilide,Ivacaftor,0
Fluvastatin,Doxorubicin,0
Quinine,Fingolimod,1
Rolapitant,Atazanavir,0
Trichlormethiazide,Felodipine,0
Deferasirox,Silodosin,0
Pargyline,Chlorothiazide,0
Fluvastatin,Gemfibrozil,1
Verapamil,Idelalisib,0
Labetalol,Panobinostat,0
Manidipine,Fesoterodine,0
Mexiletine,Cimetidine,0
Escitalopram,Bupropion,0
Nefazodone,Fusidic acid,0
Dihydroergotamine,Bortezomib,0
Atazanavir,Topiroxostat,0
Salicylic acid,Etacrynic acid,0
Rifapentine,Citalopram,0
Fluvastatin,Lovastatin,0
Donepezil,Crizotinib,0
Trimipramine,Dabigatran etexilate,0
Glipizide,Cobicistat,0
Vemurafenib,Quazepam,0
Mitotane,Vincristine,0
Pimozide,Theophylline,0
Fluvastatin,Luliconazole,0
Isavuconazonium,Fosaprepitant,0
Boceprevir,Fluvoxamine,0
Metoprolol,Saquinavir,0
Bendroflumethiazide,Venlafaxine,0
Quetiapine,Fluoxetine,0
Ondansetron,Moexipril,1
Metipranolol,Ouabain,1
Ritonavir,Telithromycin,0
Dabrafenib,Risperidone,0
Pravastatin,Irbesartan,0
Primaquine,Galantamine,1
Ranolazine,Artemether,0
Chlorpropamide,Venlafaxine,1
Etravirine,Zafirlukast,0
Pimozide,Sulfisoxazole,0
Betaxolol,Enalaprilat,0
Atomoxetine,Ticlopidine,0
Enzalutamide,Macitentan,0
Propofol,Atazanavir,0
Atazanavir,Rabeprazole,0
Metamfetamine,Protriptyline,0
Nelfinavir,Clopidogrel,0
Mycophenolate mofetil,Hydroflumethiazide,0
Sildenafil,Saxagliptin,0
Donepezil,Fluvoxamine,0
Digoxin,Acemetacin,0
Quinine,Ticagrelor,0
Thiopental,Theophylline,0
Tipranavir,Paroxetine,0
Rifaximin,Verapamil,0
Cisapride,Quetiapine,1
Alfuzosin,Pindolol,0
Primidone,Progesterone,0
Oxprenolol,Doxazosin,0
Phenytoin,Galantamine,0
Clozapine,Modafinil,0
Rivaroxaban,Warfarin,1
Salicylic acid,Efavirenz,0
Etoricoxib,Hydrochlorothiazide,0
Pioglitazone,Bortezomib,0
Nortriptyline,Enalapril,0
Doxepin,Crisaborole,0
Iloprost,Betaxolol,0
Caffeine,Atazanavir,0
Simvastatin,Verapamil,0
Furazolidone,Isradipine,0
Bopindolol,Tamsulosin,0
Voriconazole,Indinavir,0
Trichlormethiazide,Chlorpropamide,0
Formoterol,Indapamide,0
Celecoxib,Gemfibrozil,0
Bromocriptine,Metipranolol,0
Hydrocodone,Sildenafil,0
Edoxaban,Clomipramine,0
Panobinostat,Tamoxifen,0
Teriflunomide,Stiripentol,0
Cyclobenzaprine,Crizotinib,0
Hexobarbital,Sulfisoxazole,0
Primidone,Acetylsalicylic acid,0
Verapamil,Zucapsaicin,0
Digoxin,Boceprevir,0
Etravirine,Cimetidine,0
Ivacaftor,Saquinavir,0
Dabrafenib,Quetiapine,0
Epinastine,Doxycycline,0
Vemurafenib,Pentamidine,1
Imatinib,Netupitant,0
Phenindione,Olopatadine,1
Tapentadol,Betaxolol,0
Protriptyline,Telaprevir,0
Dofetilide,Itraconazole,0
Isavuconazonium,Isradipine,0
Carvedilol,Bortezomib,0
Phenprocoumon,Fosphenytoin,1
Imipramine,Amiodarone,0
Nevirapine,Lorcaserin,0
Rilpivirine,Rosuvastatin,0
Simvastatin,Terbinafine,0
Nevirapine,Olopatadine,0
Estrone,Verapamil,0
Paraldehyde,Tramadol,1
Amiodarone,Mifepristone,0
Trimethoprim,Doxycycline,0
Cyclobenzaprine,Dolasetron,1
Amitriptyline,Esomeprazole,0
Afatinib,Azithromycin,0
Phenytoin,Boceprevir,0
Ritonavir,Ethinylestradiol,0
Phenobarbital,Clomipramine,0
Thiamylal,Indinavir,0
Bosutinib,Ticlopidine,0
Seratrodast,Ticlopidine,0
Nevirapine,Selegiline,0
Phenprocoumon,Propafenone,0
Tolvaptan,Saquinavir,0
Conivaptan,Fusidic acid,0
Rotigotine,Abiraterone,0
Arformoterol,Diphenhydramine,0
Etravirine,Rosuvastatin,0
Rifapentine,Macitentan,0
Acebutolol,Duloxetine,0
Ergotamine,Rivaroxaban,0
Amphetamine,Quetiapine,0
Paraldehyde,Mirtazapine,1
Primaquine,Bortezomib,1
Amitriptyline,Olaparib,0
Mianserin,Chloroquine,0
Methylene blue,Nefazodone,1
Saquinavir,Bepridil,1
Primidone,Sildenafil,0
Chlorpromazine,Nefazodone,0
Ticagrelor,Ceritinib,0
Ergotamine,Olaparib,0
Cabergoline,Clarithromycin,0
Ximelagatran,Midostaurin,0
Ticagrelor,Tipranavir,0
Disopyramide,Cyclosporine,0
Methylphenidate,Rolapitant,0
Chloroquine,Tipranavir,0
Macitentan,Netupitant,0
Dronedarone,Betaxolol,1
Meloxicam,Rabeprazole,0
Bepridil,Citalopram,0
Methohexital,Furosemide,0
Lapatinib,Telaprevir,0
Celiprolol,Aminophylline,0
Mexiletine,Clemastine,0
Buprenorphine,Lumefantrine,0
Rifapentine,Atazanavir,0
Haloperidol,Methadone,1
Pargyline,Nitrendipine,0
Dasatinib,Lobeglitazone,0
Citalopram,Olaparib,0
Apixaban,Pantoprazole,0
Ambrisentan,Telaprevir,0
Desipramine,Metyrosine,0
Quinine,Furazolidone,1
Meloxicam,Nilotinib,0
Methylphenobarbital,Hydrochlorothiazide,0
Dosulepin,Venlafaxine,0
Pitavastatin,Cyproterone acetate,0
Clonidine,Betaxolol,1
Edoxaban,Mycophenolate mofetil,1
Atenolol,Tibolone,0
Enzalutamide,Cyclobenzaprine,0
Meloxicam,Quinine,0
Pregabalin,Lithium cation,0
Isradipine,Boceprevir,0
Cisapride,Dolasetron,1
Azelastine,Erythromycin,0
Nortriptyline,Ropinirole,0
Fosphenytoin,Galantamine,0
Rosiglitazone,Fesoterodine,0
Progesterone,Haloperidol,0
Fosphenytoin,Palbociclib,0
Sunitinib,Dabigatran etexilate,0
Quetiapine,Doxycycline,0
Tapentadol,Zucapsaicin,0
Iloperidone,Rotigotine,0
Betaxolol,Clomipramine,0
Dofetilide,Telaprevir,0
Phenprocoumon,Cobicistat,0
Rivaroxaban,Etravirine,0
Mexiletine,Fosamprenavir,0
Antipyrine,Theophylline,0
Theophylline,Nicardipine,0
Mianserin,Ergotamine,0
Diltiazem,Itraconazole,0
Desvenlafaxine,Cimetidine,0
Phenindione,Clopidogrel,1
Rifapentine,Selegiline,0
Colchicine,Voriconazole,0
Pazopanib,Bepridil,0
Lapatinib,Rabeprazole,0
Aliskiren,Voriconazole,0
Tipranavir,Clobazam,0
Ibrutinib,Nicardipine,0
Fosamprenavir,Atazanavir,0
Sulfisoxazole,Crisaborole,0
Vemurafenib,Buprenorphine,0
Indinavir,Stiripentol,0
Glyburide,Topiroxostat,0
Manidipine,Clopidogrel,0
Sevoflurane,Isoniazid,0
Prochlorperazine,Isradipine,0
Argatroban,Rosiglitazone,1
Rosuvastatin,Dasatinib,0
Phenindione,Esomeprazole,0
Pazopanib,Propranolol,0
Dosulepin,Enalapril,0
Galantamine,Tizanidine,1
Disopyramide,Netupitant,0
Cocaine,Metyrosine,0
Phenobarbital,Valsartan,0
Fluvastatin,Sulfadiazine,0
Teriflunomide,Fluoxetine,0
Fluvastatin,Cobicistat,0
Metamfetamine,Chlorpromazine,0
Felodipine,Nefazodone,0
Parecoxib,Osimertinib,0
Canagliflozin,Fluconazole,0
Dicoumarol,Edoxaban,1
Selegiline,Verapamil,0
Pentobarbital,Quetiapine,0
Rosuvastatin,Mifepristone,0
Promethazine,Ledipasvir,0
Amiodarone,Acebutolol,1
Aliskiren,Dasatinib,0
Nilotinib,Norfloxacin,1
Methadone,Lumacaftor,0
Citalopram,Darunavir,0
Paliperidone,Tolazamide,0
Enzalutamide,Levomilnacipran,0
Lumacaftor,Methylphenobarbital,0
Sotalol,Levodopa,0
Warfarin,Isoniazid,0
Saquinavir,Dabigatran etexilate,0
Aripiprazole,Carteolol,0
Tolbutamide,Abiraterone,0
Donepezil,Fosaprepitant,0
Sulfadiazine,Toloxatone,1
Bupropion,Clobazam,0
Epoprostenol,Manidipine,0
Apixaban,Dosulepin,0
Methyclothiazide,Pioglitazone,0
Toremifene,Ropinirole,0
Bromocriptine,Celiprolol,1
Deferasirox,Lorcaserin,0
Carbamazepine,Desipramine,0
Dolasetron,Chlorpromazine,1
Cyclosporine,Dasatinib,0
Ibuprofen,Sulfamethoxazole,0
Prucalopride,Progesterone,0
Quinethazone,Enalaprilat,0
Pitavastatin,Nelfinavir,0
Zuclopenthixol,Nefazodone,0
Amprenavir,Efavirenz,0
Methyclothiazide,Citalopram,0
Balsalazide,Ibuprofen,1
Pantoprazole,Modafinil,0
Ciprofloxacin,Mirtazapine,1
Donepezil,Orphenadrine,0
Minaprine,Dorzolamide,0
Clomipramine,Hydroxyzine,1
Ximelagatran,Delavirdine,0
Captopril,Cocaine,0
Olanzapine,Tipranavir,0
Carbamazepine,Estradiol,0
Haloperidol,Lopinavir,0
Carteolol,Venlafaxine,0
Dronedarone,Risperidone,1
Trimethoprim,Zafirlukast,0
Estrone sulfate,Telithromycin,0
Cisapride,Domperidone,1
Furazolidone,Aliskiren,0
Pantoprazole,Nefazodone,0
Erythromycin,Sulfamethoxazole,1
Silodosin,Ivacaftor,0
Donepezil,Citalopram,0
Lumacaftor,Tapentadol,0
Pentamidine,Phenelzine,1
Labetalol,Celecoxib,0
Conivaptan,Donepezil,0
Thiamylal,Etacrynic acid,0
Doxazosin,Formoterol,0
Toloxatone,Moexipril,0
Sertraline,Simeprevir,0
Silodosin,Carvedilol,0
Nelfinavir,Lobeglitazone,0
Lidocaine,Droperidol,1
Guanfacine,Palbociclib,0
Loratadine,Magnesium sulfate,1
Tofacitinib,Clarithromycin,0
Pravastatin,Primaquine,0
Nilotinib,Amitriptyline,1
Cyclosporine,Acemetacin,1
Dorzolamide,Carvedilol,0
Rotigotine,Celecoxib,0
Pioglitazone,Mifepristone,0
Tapentadol,Lopinavir,0
Dabigatran etexilate,Tipranavir,1
Metoprolol,Lidocaine,0
Cocaine,Hydroxyzine,1
Carteolol,Balsalazide,0
Dabrafenib,Ibrutinib,0
Furazolidone,Enalapril,0
Pentamidine,Atazanavir,0
Netupitant,Tranylcypromine,0
Enalapril,Valproic acid,0
Lopinavir,Olanzapine,1
Furazolidone,Toloxatone,0
Rifaximin,Imipramine,0
Saxagliptin,Dronedarone,0
Mirabegron,Cobicistat,0
Pentobarbital,Quinine,0
Ambrisentan,Lobeglitazone,0
Dronedarone,Delavirdine,0
Carbamazepine,Rilpivirine,0
Zolpidem,Thiamylal,1
Ziprasidone,Fosaprepitant,0
Propranolol,Dabigatran etexilate,0
Dronabinol,Darunavir,0
Daunorubicin,Ledipasvir,0
Desvenlafaxine,Buprenorphine,1
Hexobarbital,Mianserin,1
Haloperidol,Dihydroergotamine,0
Carbamazepine,Boceprevir,0
Ximelagatran,Rucaparib,0
Sodium oxybate,Rotigotine,0
Quinethazone,Paroxetine,0
Pimozide,Aripiprazole,1
Tizanidine,Abiraterone,0
Propofol,Nicotine,0
Asenapine,Dronedarone,0
Bupropion,Terbinafine,0
Rabeprazole,Ticlopidine,0
Dorzolamide,Telaprevir,0
Irbesartan,Fesoterodine,0
Silodosin,Cyclosporine,0
Aminophylline,Clobazam,0
Propafenone,Cocaine,0
Aprepitant,Fosaprepitant,0
Repaglinide,Nilotinib,0
Sunitinib,Verapamil,0
Carbamazepine,Enalaprilat,0
Fosphenytoin,Hexobarbital,0
Escitalopram,Omeprazole,0
Buspirone,Atomoxetine,0
Ondansetron,Granisetron,1
Valproic acid,Brimonidine,1
Nicardipine,Enalaprilat,0
Mianserin,Cobicistat,0
Acemetacin,Bosentan,0
Cyclobenzaprine,Rolapitant,0
Posaconazole,Fluvoxamine,0
Furazolidone,Atenolol,0
Methadone,Tamoxifen,0
Bortezomib,Voriconazole,0
Amprenavir,Terbinafine,0
Citalopram,Aprepitant,0
Propranolol,Propafenone,0
Formoterol,Losartan,0
Conivaptan,Dihydroergotamine,0
Omeprazole,Telaprevir,0
Boceprevir,Rivaroxaban,0
Sitagliptin,Telaprevir,0
Bosentan,Tibolone,0
Indinavir,Simeprevir,0
Nicotine,Darunavir,0
Digoxin,Eliglustat,0
Pimozide,Lapatinib,1
Granisetron,Palbociclib,0
Enalaprilat,Theophylline,0
Yohimbine,Quinine,0
Prochlorperazine,Desipramine,0
Phenytoin,Quinine,0
Sunitinib,Posaconazole,0
Selexipag,Crisaborole,0
Carvedilol,Lorcaserin,0
Betaxolol,Risperidone,0
Fluoxetine,Telaprevir,0
Thioridazine,Idarubicin,0
Dicoumarol,Parecoxib,1
Everolimus,Lapatinib,0
Celecoxib,Lovastatin,0
Suvorexant,Isradipine,0
Artemether,Stiripentol,0
Gemifloxacin,Dolasetron,1
Nevirapine,Sevoflurane,0
Deferasirox,Fosamprenavir,0
Benzphetamine,Olopatadine,0
Pregabalin,Cocaine,0
Dorzolamide,Sulfamethoxazole,0
Rosiglitazone,Pregabalin,1
Fosphenytoin,Desipramine,0
Pregabalin,Quazepam,0
Bisoprolol,Levodopa,0
Antipyrine,Ziprasidone,0
Atazanavir,Lobeglitazone,0
Acemetacin,Labetalol,0
Phenytoin,Atomoxetine,0
Chlorpromazine,Bopindolol,0
Hexobarbital,Theophylline,0
Buprenorphine,Rosiglitazone,0
Tacrolimus,Pentamidine,0
Quazepam,Itraconazole,0
Olsalazine,Epoprostenol,0
Clonidine,Tapentadol,1
Diltiazem,Desipramine,0
Lumacaftor,Toremifene,0
Bortezomib,Fluvoxamine,0
Levofloxacin,Atazanavir,1
Artemether,Ranolazine,1
Citalopram,Clemastine,0
Parecoxib,Nelfinavir,0
Diltiazem,Fluorouracil,0
Glyburide,Teriflunomide,0
Timolol,Methotrimeprazine,0
Dosulepin,Phenelzine,1
Olanzapine,Rotigotine,0
Bopindolol,Arformoterol,0
Lorcaserin,Nelfinavir,0
Mirtazapine,Nelfinavir,0
Pentamidine,Chloroquine,1
Tacrolimus,Clotrimazole,0
Rifapentine,Ranolazine,0
Doxepin,Minaprine,1
Imipramine,Brimonidine,1
Cyclophosphamide,Felodipine,0
Leflunomide,Irbesartan,0
Clonidine,Sertraline,0
Labetalol,Polythiazide,0
Formoterol,Ranolazine,0
Azithromycin,Ceritinib,0
Sotalol,Azelastine,0
Lithium cation,Amitriptyline,1
Olaparib,Palbociclib,0
Vardenafil,Aprepitant,0
Fluvastatin,Clomipramine,0
Granisetron,Pentamidine,1
Estrone sulfate,Ceritinib,0
Carteolol,Acetylsalicylic acid,0
Tofacitinib,Delavirdine,0
Acetylsalicylic acid,Mifepristone,0
Sotalol,Zuclopenthixol,1
Simvastatin,Doxycycline,0
Azelastine,Gemifloxacin,0
Hydroxyzine,Fesoterodine,0
Pitavastatin,Propofol,0
Azelastine,Tizanidine,1
Asenapine,Pentamidine,1
Canagliflozin,Dasatinib,0
Aripiprazole,Phenoxybenzamine,0
Bupranolol,Sertraline,0
Nilotinib,Dabigatran etexilate,0
Lovastatin,Fluconazole,0
Clozapine,Pramipexole,0
Phenoxybenzamine,Ambrisentan,0
Pentobarbital,Ivacaftor,0
Rivaroxaban,Estrone sulfate,0
Dabrafenib,Orphenadrine,0
Mianserin,Haloperidol,0
Doxorubicin,Balsalazide,0
Donepezil,Fluorouracil,0
Zuclopenthixol,Olanzapine,1
Benzphetamine,Rucaparib,0
Topotecan,Etravirine,0
Zafirlukast,Isavuconazonium,0
Conivaptan,Luliconazole,0
Pregabalin,Hexobarbital,0
Carbamazepine,Cimetidine,0
Doxepin,Tramadol,0
Doxorubicin,Desipramine,0
Esomeprazole,Idelalisib,0
Verapamil,Ceritinib,0
Celiprolol,Nafamostat,0
Naloxegol,Ceritinib,0
Asenapine,Olaparib,0
Ubidecarenone,Nelfinavir,0
Thalidomide,Lovastatin,0
Fluoxetine,Dasatinib,0
Testosterone,Lovastatin,0
Epinastine,Mesalazine,0
Daunorubicin,Stiripentol,0
Nabilone,Hydroxyzine,1
Rosuvastatin,Cyproterone acetate,0
Labetalol,Tipranavir,0
Indomethacin,Torasemide,0
Secobarbital,Rifampicin,0
Mitotane,Macitentan,0
Azithromycin,Clemastine,0
Tolazamide,Fluvoxamine,1
Clopidogrel,Zafirlukast,0
Mifepristone,Luliconazole,0
Acenocoumarol,Dosulepin,0
Selexipag,Luliconazole,0
Selegiline,Diltiazem,0
Bortezomib,Posaconazole,0
Pimozide,Fingolimod,1
Formoterol,Torasemide,0
Amphetamine,Indapamide,0
Quinethazone,Glimepiride,0
Sildenafil,Atomoxetine,0
Primaquine,Itraconazole,0
Seratrodast,Nilotinib,0
Cabergoline,Dabigatran etexilate,0
Glyburide,Boceprevir,0
Ubidecarenone,Azelastine,0
Dolasetron,Omeprazole,0
Hydrochlorothiazide,Polythiazide,0
Methotrimeprazine,Pioglitazone,0
Selexipag,Trimethoprim,0
Donepezil,Tolterodine,0
Rilpivirine,Crizotinib,0
Riociguat,Dasatinib,0
Domperidone,Pioglitazone,0
Clozapine,Ivacaftor,0
Canagliflozin,Sulfisoxazole,0
Chloroquine,Sevoflurane,1
Brimonidine,Mirtazapine,0
Zileuton,Darunavir,0
Phenoxybenzamine,Dihydroergotamine,0
Quinine,Cinacalcet,0
Desipramine,Pantoprazole,0
Nilotinib,Treprostinil,1
Phenindione,Seratrodast,1
Mitotane,Simeprevir,0
Fosphenytoin,Furosemide,0
Benzphetamine,Idelalisib,0
Ibuprofen,Sulfisoxazole,0
Phenprocoumon,Palbociclib,0
Imatinib,Atazanavir,0
Toremifene,Ziprasidone,0
Buprenorphine,Stiripentol,0
Glimepiride,Carteolol,1
Clarithromycin,Osimertinib,0
Ethanol,Acenocoumarol,0
Primidone,Yohimbine,0
Pravastatin,Rabeprazole,0
Antipyrine,Cholecalciferol,0
Olopatadine,Pramipexole,0
Indapamide,Bepridil,0
Donepezil,Dasatinib,0
Bortezomib,Atazanavir,0
Topotecan,Teriflunomide,0
Methylene blue,Quinidine,0
Phenobarbital,Carteolol,0
Rolapitant,Nelfinavir,0
Buspirone,Abiraterone,0
Repaglinide,Idelalisib,0
Modafinil,Imatinib,0
Methylphenidate,Stiripentol,0
Buprenorphine,Quinidine,0
Methylphenobarbital,Irbesartan,0
Dabrafenib,Ropinirole,0
Thioridazine,Nadolol,0
Selegiline,Ondansetron,1
Cabergoline,Verapamil,0
Iloprost,Moexipril,0
Rifampicin,Quinidine,0
Clarithromycin,Nefazodone,0
Phenytoin,Everolimus,0
Fosphenytoin,Repaglinide,0
Digoxin,Azelastine,0
Glipizide,Darunavir,0
Fluvoxamine,Darunavir,0
Anagrelide,Ondansetron,1
Darunavir,Fusidic acid,0
Verapamil,Sulfisoxazole,0
Mitotane,Rivaroxaban,0
Theophylline,Propafenone,0
Rifabutin,Ticlopidine,0
Iloperidone,Gemifloxacin,1
Dolasetron,Atomoxetine,1
Canagliflozin,Lovastatin,0
Ranolazine,Nilotinib,0
Rifapentine,Nelfinavir,0
Diphenhydramine,Mexiletine,0
Efavirenz,Fosaprepitant,0
Conivaptan,Selegiline,0
Selegiline,Azithromycin,0
Lumacaftor,Rotigotine,0
Everolimus,Nevirapine,0
Stiripentol,Zucapsaicin,0
Ximelagatran,Mifepristone,0
Pargyline,Carteolol,0
Tolvaptan,Sulfisoxazole,0
Colchicine,Fluoxetine,0
Fluvastatin,Phenelzine,0
Tamoxifen,Saquinavir,0
Quetiapine,Gemifloxacin,1
Cilostazol,Chloroquine,0
Metipranolol,Celiprolol,0
Dicoumarol,Toremifene,1
Paliperidone,Sorafenib,1
Trichlormethiazide,Nadolol,0
Trichlormethiazide,Nicorandil,0
Prochlorperazine,Boceprevir,0
Colchicine,Dasatinib,0
Olaparib,Cobicistat,0
Thiamylal,Torasemide,0
Carvedilol,Duloxetine,0
Metipranolol,Ceritinib,1
Rosiglitazone,Venlafaxine,1
Acenocoumarol,Ibuprofen,1
Amobarbital,Metyrosine,0
Imipramine,Saquinavir,0
Terbinafine,Tolbutamide,0
Idarubicin,Cholecalciferol,0
Amprenavir,Fluoxetine,0
Acebutolol,Epoprostenol,0
Celiprolol,Delavirdine,0
Nevirapine,Primaquine,0
Nateglinide,Stiripentol,0
Buprenorphine,Fluvastatin,0
Iloprost,Levodopa,0
Cyclophosphamide,Topiroxostat,0
Dihydroergotamine,Lovastatin,0
Phenytoin,Darifenacin,0
Nebivolol,Nevirapine,0
Tolbutamide,Ceritinib,0
Rosuvastatin,Lopinavir,0
Doxepin,Metyrosine,0
Aripiprazole,Glyburide,0
Glyburide,Phenelzine,1
Donepezil,Diphenhydramine,0
Nicotine,Chloroquine,0
Citalopram,Cholecalciferol,0
Tamsulosin,Osimertinib,0
Paraldehyde,Stiripentol,1
Rifabutin,Olopatadine,0
Carbamazepine,Aripiprazole,0
Cilostazol,Methadone,0
Deferasirox,Perampanel,0
Bepridil,Desipramine,0
Atomoxetine,Clemastine,0
Tolbutamide,Minaprine,1
Digoxin,Ivacaftor,0
Indomethacin,Norfloxacin,0
Amoxapine,Amprenavir,0
Idarubicin,Etravirine,0
Sulfadiazine,Osimertinib,0
Chloroquine,Artemether,1
Efavirenz,Aripiprazole,0
Losartan,Bortezomib,0
Perampanel,Metyrosine,0
Doxylamine,Selegiline,0
Selexipag,Atomoxetine,0
Formoterol,Irbesartan,0
Labetalol,Promazine,0
Rolapitant,Fusidic acid,0
Fosamprenavir,Darunavir,0
Deferasirox,Sertraline,0
Stiripentol,Deferasirox,0
Silodosin,Ceritinib,0
Pravastatin,Delavirdine,0
Imatinib,Betaxolol,0
Rifaximin,Ciprofloxacin,0
Enzalutamide,Diltiazem,0
Nicotine,Ziprasidone,0
Pioglitazone,Lobeglitazone,0
Digoxin,Antipyrine,0
Desipramine,Mifepristone,1
Modafinil,Lovastatin,0
Doxorubicin,Imatinib,0
Hydrocodone,Bortezomib,0
Disopyramide,Hydroxyzine,1
Amoxapine,Ropinirole,0
Meloxicam,Verapamil,0
Rifabutin,Sertraline,0
Cocaine,Clemastine,0
Chloroquine,Boceprevir,0
Hexobarbital,Lopinavir,0
Cholecalciferol,Voriconazole,0
Sildenafil,Bortezomib,0
Pindolol,Olopatadine,0
Primidone,Pazopanib,0
Metipranolol,Balsalazide,0
Sotalol,Itraconazole,1
Methadone,Mefloquine,1
Azithromycin,Desipramine,1
Pindolol,Bupropion,0
Zileuton,Isavuconazonium,0
Estradiol,Manidipine,0
Cisapride,Fingolimod,1
Pargyline,Hydroflumethiazide,0
Lorcaserin,Modafinil,0
Repaglinide,Atazanavir,0
Vardenafil,Osimertinib,0
Prochlorperazine,Manidipine,0
Delavirdine,Amiodarone,0
Asenapine,Amitriptyline,1
Betaxolol,Salicylic acid,0
Canagliflozin,Fluoxetine,1
Haloperidol,Nortriptyline,1
Haloperidol,Sulfamethoxazole,1
Bromocriptine,Imipramine,0
Granisetron,Cyclosporine,0
Celiprolol,Nelfinavir,0
Diclofenac,Hydrochlorothiazide,0
Ethinylestradiol,Sulfisoxazole,0
Metamfetamine,Celecoxib,0
Phenobarbital,Mifepristone,0
Omeprazole,Posaconazole,0
Idarubicin,Digitoxin,0
Buprenorphine,Perampanel,1
Dihydroergotamine,Sulfisoxazole,0
Pentamidine,Clomipramine,1
Azelastine,Methohexital,1
Arformoterol,Valsartan,0
Eliglustat,Citalopram,0
Sildenafil,Terbinafine,0
Valsartan,Crisaborole,0
Carvedilol,Manidipine,0
Celiprolol,Metyrosine,0
Idarubicin,Antipyrine,0
Digoxin,Epoprostenol,0
Quinethazone,Enalapril,0
Ethanol,Methyclothiazide,0
Nicardipine,Palbociclib,0
Rifabutin,Prochlorperazine,0
Ondansetron,Minocycline,1
Diphenhydramine,Leflunomide,0
Acenocoumarol,Celecoxib,1
Cyclobenzaprine,Enalapril,0
Pioglitazone,Zafirlukast,0
Pentobarbital,Escitalopram,0
Macitentan,Fluoxetine,0
Granisetron,Sorafenib,1
Imipramine,Cobicistat,0
Orphenadrine,Asenapine,1
Fosphenytoin,Escitalopram,0
Duloxetine,Ritonavir,0
Ciprofloxacin,Tamoxifen,1
Gemifloxacin,Erythromycin,1
Rifapentine,Estrone sulfate,0
Teriflunomide,Mirtazapine,0
Vemurafenib,Paroxetine,1
Minaprine,Fluoxetine,0
Buprenorphine,Haloperidol,1
Pentobarbital,Darunavir,0
Terbinafine,Azithromycin,0
Thiopental,Manidipine,0
Quinine,Risperidone,1
Desvenlafaxine,Verapamil,0
Everolimus,Ticlopidine,0
Salicylic acid,Leflunomide,0
Ergotamine,Trimipramine,0
Levomilnacipran,Voriconazole,0
Hydrochlorothiazide,Tolazamide,0
Ranolazine,Indinavir,0
Gliclazide,Minaprine,1
Methylphenidate,Methadone,0
Phenprocoumon,Pioglitazone,0
Galantamine,Cholecalciferol,0
Carbamazepine,Dabigatran etexilate,0
Phenoxybenzamine,Nadolol,0
Rifaximin,Dronedarone,0
Meloxicam,Sulfadiazine,0
Dosulepin,Indinavir,0
Aprepitant,Abiraterone,0
Sitagliptin,Dihydroergotamine,0
Dofetilide,Pentamidine,0
Azithromycin,Sevoflurane,1
Levofloxacin,Sevoflurane,1
Cocaine,Fosaprepitant,0
Hydrocodone,Lidocaine,1
Timolol,Zileuton,0
Enzalutamide,Dabigatran etexilate,0
Terbinafine,Tranylcypromine,0
Methadone,Abiraterone,0
Mitotane,Citalopram,0
Lapatinib,Verapamil,0
Droperidol,Minocycline,1
Risperidone,Sildenafil,0
Methylphenobarbital,Rasagiline,0
Tizanidine,Thioridazine,0
Atenolol,Crizotinib,1
Theophylline,Lovastatin,0
Cyclosporine,Norfloxacin,0
Loratadine,Fluvastatin,0
Nebivolol,Mirabegron,0
Cyclobenzaprine,Azithromycin,0
Alprenolol,Nefazodone,0
Paraldehyde,Perphenazine,1
Enzalutamide,Fluvastatin,0
Diclofenac,Indinavir,0
Domperidone,Topiroxostat,0
Nebivolol,Digitoxin,1
Cisapride,Fluvoxamine,0
Indomethacin,Midostaurin,0
Selegiline,Mifepristone,0
Moclobemide,Gemfibrozil,0
Amiodarone,Oxprenolol,1
Pazopanib,Clomipramine,0
Thiamylal,Moexipril,0
Thalidomide,Duloxetine,0
Alfuzosin,Metyrosine,0
Losartan,Yohimbine,0
Vincristine,Fosamprenavir,0
Secobarbital,Celecoxib,0
Ixazomib,Rucaparib,0
Clonidine,Polythiazide,0
Glimepiride,Paroxetine,1
Delavirdine,Voriconazole,0
Cholecalciferol,Fusidic acid,0
Carbamazepine,Testosterone,0
Esmolol,Silodosin,0
Warfarin,Etravirine,0
Conivaptan,Artemether,0
Silodosin,Vemurafenib,0
Zileuton,Crisaborole,0
Asenapine,Levofloxacin,1
Metoprolol,Mefloquine,0
Deferasirox,Gemfibrozil,0
Nicardipine,Darifenacin,0
Selegiline,Moexipril,0
Primidone,Ranolazine,0
Vardenafil,Chlorothiazide,0
Fingolimod,Simeprevir,0
Zafirlukast,Sulfadiazine,0
Bosentan,Naloxegol,0
Chloroquine,Clozapine,1
Enalapril,Duloxetine,0
Asenapine,Mexiletine,0
Promazine,Venlafaxine,1
Primaquine,Fosamprenavir,0
Delavirdine,Tramadol,0
Bosentan,Repaglinide,0
Celiprolol,Indapamide,0
Thiopental,Bendroflumethiazide,0
Eliglustat,Cyclosporine,0
Ritonavir,Estrone sulfate,0
Mexiletine,Levomilnacipran,0
Sotalol,Seratrodast,0
Dabrafenib,Efavirenz,0
Quazepam,Tapentadol,1
Tapentadol,Quinine,0
Propafenone,Zucapsaicin,0
Dihydroergotamine,Fusidic acid,0
Lumiracoxib,Duloxetine,0
Protriptyline,Boceprevir,0
Haloperidol,Sulfisoxazole,1
Buprenorphine,Itraconazole,0
Ethinylestradiol,Dihydroergotamine,0
Ropinirole,Esmolol,1
Formoterol,Ticagrelor,0
Promazine,Dronedarone,0
Gliclazide,Clotrimazole,0
Primidone,Metipranolol,0
Zolpidem,Telithromycin,0
Terbinafine,Dasatinib,0
Gemfibrozil,Cobicistat,0
Everolimus,Selegiline,0
Toremifene,Midostaurin,0
Teriflunomide,Bortezomib,0
Diphenhydramine,Ticagrelor,0
Azelastine,Celecoxib,0
Zuclopenthixol,Droperidol,1
Chlorpropamide,Sertraline,0
Zolpidem,Doxepin,1
Doxorubicin,Indomethacin,0
Chlorpropamide,Dabigatran etexilate,0
Zolpidem,Mirabegron,0
Felodipine,Ivacaftor,0
Warfarin,Cyclobenzaprine,1
Cyclophosphamide,Ivacaftor,0
Levofloxacin,Promethazine,1
Dronabinol,Mifepristone,0
Estrone,Luliconazole,0
Omeprazole,Felodipine,0
Carbamazepine,Ranolazine,0
Meloxicam,Tamoxifen,0
Selexipag,Amiodarone,0
Digoxin,Lopinavir,0
Sulfadiazine,Citalopram,1
Nevirapine,Nicotine,0
Ranolazine,Ciprofloxacin,0
Chlorthalidone,Desvenlafaxine,0
Losartan,Clotrimazole,0
Sorafenib,Indinavir,0
Paroxetine,Iloperidone,0
Quazepam,Clarithromycin,0
Paraldehyde,Rotigotine,0
Methylene blue,Mefloquine,0
Digitoxin,Ranolazine,0
Amobarbital,Ropinirole,0
Sulfadiazine,Ticlopidine,0
Dicoumarol,Diclofenac,1
Tolazamide,Minaprine,1
Secobarbital,Meloxicam,0
Nelfinavir,Fesoterodine,0
Tolvaptan,Ticlopidine,0
Clomipramine,Moexipril,0
Cabergoline,Labetalol,0
Nicotine,Atomoxetine,0
Bisoprolol,Polythiazide,0
Dabrafenib,Zileuton,0
Doxepin,Ritonavir,0
Nevirapine,Disopyramide,0
Rivaroxaban,Ibuprofen,1
Mycophenolate mofetil,Lovastatin,0
Edoxaban,Losartan,0
Caffeine,Dihydroergotamine,0
Pargyline,Acebutolol,0
Mitotane,Clopidogrel,0
Olanzapine,Hydroxyzine,1
Caffeine,Darifenacin,0
Phenytoin,Thiamylal,0
Azelastine,Tramadol,1
Glyburide,Saquinavir,0
Labetalol,Chloroquine,0
Omeprazole,Topiroxostat,0
Valsartan,Polythiazide,0
Celecoxib,Palbociclib,0
Doxazosin,Duloxetine,0
Macitentan,Fluconazole,0
Riociguat,Clarithromycin,0
Tolvaptan,Isoniazid,0
Zuclopenthixol,Sulfamethoxazole,1
Rolapitant,Venlafaxine,0
Ethanol,Oxprenolol,1
Indapamide,Duloxetine,0
Naloxegol,Atenolol,0
Phenobarbital,Ticlopidine,0
Nateglinide,Crizotinib,0
Tolterodine,Netupitant,0
Daunorubicin,Lumiracoxib,0
Dronabinol,Stiripentol,0
Paliperidone,Lopinavir,1
Chlorothiazide,Fluvoxamine,0
Treprostinil,Selexipag,0
Testosterone,Fosaprepitant,0
Clozapine,Doxycycline,0
Fosphenytoin,Enalapril,0
Cilostazol,Methotrimeprazine,0
Domperidone,Ranolazine,0
Promethazine,Bupropion,0
Phenytoin,Propranolol,0
Dicoumarol,Omeprazole,0
Perphenazine,Diphenhydramine,0
Toremifene,Ciprofloxacin,1
Trimethoprim,Afatinib,0
Rotigotine,Quinine,0
Methylphenobarbital,Metoprolol,0
Mirtazapine,Prochlorperazine,1
Posaconazole,Nefazodone,0
Valsartan,Dosulepin,0
Cisapride,Diltiazem,0
Thalidomide,Chlorpromazine,1
Pentamidine,Quinine,1
Perphenazine,Ticlopidine,0
Pazopanib,Propafenone,0
Formoterol,Pantoprazole,0
Pravastatin,Simvastatin,0
Tizanidine,Perampanel,1
Fesoterodine,Mifepristone,0
Labetalol,Rucaparib,0
Bopindolol,Diclofenac,0
Rifampicin,Indinavir,0
Guanfacine,Citalopram,0
Clozapine,Fusidic acid,0
Buspirone,Granisetron,1
Fosaprepitant,Ethinylestradiol,0
Sulfadiazine,Fluconazole,0
Propofol,Cocaine,0
Labetalol,Macitentan,0
Propranolol,Ticlopidine,0
Dabrafenib,Atazanavir,0
Asenapine,Trimipramine,1
Timolol,Modafinil,0
Perphenazine,Desipramine,0
Chlorpropamide,Atenolol,1
Seratrodast,Olaparib,0
Lopinavir,Droperidol,1
Glyburide,Pantoprazole,0
Crizotinib,Dabigatran etexilate,0
Ximelagatran,Dasatinib,1
Bosutinib,Boceprevir,0
Estradiol,Dihydroergotamine,0
Asenapine,Minocycline,1
Tramadol,Fusidic acid,0
Acebutolol,Risperidone,0
Estrone,Delavirdine,0
Darifenacin,Terbinafine,0
Methotrimeprazine,Tranylcypromine,1
Duloxetine,Caffeine,0
Rotigotine,Fluoxetine,0
Digoxin,Ketoconazole,0
Silodosin,Pimozide,0
Gliclazide,Balsalazide,1
Timolol,Silodosin,0
Ubidecarenone,Cisapride,0
Disopyramide,Rosiglitazone,1
Ethanol,Quazepam,1
Ledipasvir,Tamoxifen,0
Cyclobenzaprine,Tramadol,0
Pindolol,Zileuton,0
Idarubicin,Diphenhydramine,0
Orphenadrine,Valproic acid,1
Carbamazepine,Aliskiren,0
Esomeprazole,Palbociclib,0
Amprenavir,Ticagrelor,0
Carbamazepine,Fingolimod,0
Amitriptyline,Hydroxyzine,1
Bupranolol,Carvedilol,0
Phenobarbital,Fosphenytoin,1
Tolterodine,Omeprazole,0
Selegiline,Doxorubicin,0
Ropinirole,Atenolol,1
Enzalutamide,Isavuconazonium,0
Ximelagatran,Argatroban,1
Midostaurin,Doxycycline,0
Amiodarone,Sotalol,1
Mycophenolate mofetil,Rolapitant,0
Everolimus,Sorafenib,0
Yohimbine,Lorcaserin,0
Cyproterone acetate,Quinidine,0
Quinethazone,Orphenadrine,0
Guanfacine,Ticlopidine,0
Torasemide,Mifepristone,0
Colchicine,Darunavir,0
Levofloxacin,Moexipril,1
Primidone,Tofacitinib,0
Haloperidol,Clozapine,1
Daunorubicin,Clarithromycin,0
Amprenavir,Fluvastatin,0
Tipranavir,Tolazamide,0
Mirtazapine,Mirabegron,0
Tapentadol,Fesoterodine,0
Ixazomib,Sulfadiazine,0
Yohimbine,Chlorpromazine,0
Zolpidem,Iloperidone,1
Methadone,Saxagliptin,0
Rilpivirine,Simvastatin,0
Ximelagatran,Fluvastatin,0
Levomilnacipran,Guanfacine,0
Lumefantrine,Ziprasidone,0
Bosentan,Posaconazole,0
Ondansetron,Pramipexole,0
Buprenorphine,Orphenadrine,1
Cisapride,Alfuzosin,1
Escitalopram,Sildenafil,0
Quinidine,Galantamine,1
Promazine,Fesoterodine,0
Artemether,Hydroxyzine,1
Dextroamphetamine,Minaprine,0
Amoxapine,Clotrimazole,0
Levofloxacin,Digitoxin,0
Dofetilide,Azithromycin,1
Repaglinide,Pirlindole,1
Fosphenytoin,Meloxicam,0
Lumacaftor,Fesoterodine,0
Sulfamethoxazole,Balsalazide,1
Hydrochlorothiazide,Bepridil,0
Bosentan,Doxycycline,0
Tranylcypromine,Sodium oxybate,1
Torasemide,Crisaborole,0
Amprenavir,Manidipine,0
Hexobarbital,Amoxapine,0
Benzphetamine,Clozapine,0
Anagrelide,Chloroquine,1
Antipyrine,Dosulepin,0
Irbesartan,Ambrisentan,0
Formoterol,Zucapsaicin,0
Pseudoephedrine,Thioridazine,0
Quinine,Ropinirole,0
Tolvaptan,Iloperidone,0
Prochlorperazine,Promazine,0
Dorzolamide,Aprepitant,0
Hydrochlorothiazide,Tolterodine,0
Apixaban,Isradipine,0
Rifampicin,Buprenorphine,0
Amprenavir,Nelfinavir,0
Prochlorperazine,Venlafaxine,0
Diltiazem,Lovastatin,0
Methohexital,Acebutolol,0
Aliskiren,Macitentan,0
Pitavastatin,Felodipine,0
Epinastine,Imatinib,0
Pimozide,Citalopram,0
Fosphenytoin,Zuclopenthixol,0
Rosuvastatin,Buprenorphine,0
Carbamazepine,Canagliflozin,0
Hexobarbital,Minocycline,1
Dronedarone,Midostaurin,0
Vincristine,Luliconazole,0
Mesalazine,Digitoxin,0
Acenocoumarol,Rosuvastatin,1
Secobarbital,Diphenhydramine,0
Mitotane,Amitriptyline,0
Nitrendipine,Clarithromycin,0
Levofloxacin,Sorafenib,1
Edoxaban,Mefloquine,0
Cyclophosphamide,Nicotine,0
Estrone sulfate,Lidocaine,0
Anagrelide,Simeprevir,0
Doxepin,Aprepitant,0
Selegiline,Palbociclib,0
Clomipramine,Indinavir,0
Suvorexant,Hydroxyzine,1
Donepezil,Omeprazole,0
Oxprenolol,Acetylsalicylic acid,0
Nevirapine,Pravastatin,0
Canagliflozin,Telithromycin,0
Ethanol,Clomipramine,1
Ranolazine,Nefazodone,0
Ximelagatran,Omeprazole,0
Metyrosine,Macitentan,0
Promethazine,Clopidogrel,0
Ropinirole,Ticlopidine,0
Azelastine,Tapentadol,1
Chloroquine,Sildenafil,0
Lumefantrine,Gemifloxacin,1
Dofetilide,Lithium cation,1
Furazolidone,Tranylcypromine,0
Zolpidem,Promazine,1
Secobarbital,Estrone,0
Propofol,Lumacaftor,0
Zolpidem,Sertraline,0
Amoxapine,Metyrosine,0
Pravastatin,Leflunomide,0
Ambrisentan,Nilotinib,0
Dasatinib,Ceritinib,0
Ticlopidine,Clemastine,0
Fluvastatin,Clozapine,0
Methylphenobarbital,Propranolol,0
Nadolol,Vemurafenib,0
Bisoprolol,Midostaurin,0
Colchicine,Doxazosin,0
Carvedilol,Sulfisoxazole,0
Theophylline,Osimertinib,0
Fluvastatin,Delavirdine,0
Tipranavir,Rosiglitazone,0
Nicorandil,Etacrynic acid,0
Quinidine,Doxycycline,0
Disopyramide,Desvenlafaxine,1
Estrone,Ranolazine,0
Irbesartan,Bupranolol,0
Deslanoside,Primaquine,0
Digoxin,Isradipine,0
Indomethacin,Fluvastatin,0
Ubidecarenone,Rosiglitazone,0
Indapamide,Fusidic acid,0
Omeprazole,Bosutinib,0
Cabergoline,Ketoconazole,0
Selegiline,Dosulepin,0
Tamoxifen,Fluvastatin,0
Amprenavir,Darunavir,0
Felodipine,Dronedarone,0
Rifabutin,Nicotine,0
Acenocoumarol,Sulfamethoxazole,1
Dorzolamide,Pindolol,0
Quinidine,Sulfamethoxazole,1
Amprenavir,Idelalisib,0
Valsartan,Omeprazole,0
Enzalutamide,Artemether,0
Enzalutamide,Propafenone,0
Risperidone,Cholecalciferol,0
Secobarbital,Ropinirole,0
Deferasirox,Aprepitant,0
Ibuprofen,Fluconazole,0
Ixazomib,Chloroquine,0
Donepezil,Valproic acid,0
Prochlorperazine,Chloroquine,0
Mianserin,Promazine,0
Indomethacin,Dabigatran etexilate,0
Phenobarbital,Salicylic acid,0
Epoprostenol,Mifepristone,0
Iloprost,Treprostinil,0
Rucaparib,Midostaurin,0
Dofetilide,Droperidol,1
Methadone,Nabilone,1
Promethazine,Magnesium sulfate,1
Ketoconazole,Fingolimod,0
Donepezil,Cinacalcet,0
Donepezil,Fluconazole,0
Fluvoxamine,Cobicistat,0
Formoterol,Diphenhydramine,0
Valsartan,Nitrendipine,0
Ethanol,Diltiazem,0
Ticlopidine,Lopinavir,0
Zolpidem,Trimipramine,1
Tacrolimus,Afatinib,0
Doxepin,Fluconazole,0
Lidocaine,Netupitant,0
Digitoxin,Idelalisib,0
Trimethoprim,Darunavir,0
Panobinostat,Nilotinib,0
Phenytoin,Digoxin,0
Crizotinib,Sulfisoxazole,1
Parecoxib,Epoprostenol,0
Fosphenytoin,Nabilone,1
Lapatinib,Moclobemide,0
Rifampicin,Digitoxin,0
Osimertinib,Ouabain,0
Rifabutin,Rifampicin,0
Rifabutin,Dorzolamide,0
Dabrafenib,Ketoconazole,0
Paliperidone,Sunitinib,1
Nevirapine,Crizotinib,0
Amiodarone,Posaconazole,0
Felodipine,Indinavir,0
Sertraline,Leflunomide,0
Cilostazol,Palbociclib,0
Protriptyline,Nelfinavir,0
Oxprenolol,Lumiracoxib,0
Guanfacine,Telaprevir,0
Meloxicam,Dronedarone,0
Artemether,Telithromycin,0
Chlorpromazine,Ziprasidone,0
Leflunomide,Ticagrelor,0
Dabigatran etexilate,Estradiol,0
Everolimus,Paroxetine,0
Aminophylline,Crizotinib,0
Aripiprazole,Aprepitant,0
Ranolazine,Amiodarone,0
Prochlorperazine,Pramipexole,0
Dicoumarol,Chloroquine,1
Dihydroergotamine,Atenolol,1
Zileuton,Dasatinib,0
Losartan,Teriflunomide,0
Timolol,Fesoterodine,0
Zolpidem,Tapentadol,1
Delavirdine,Itraconazole,0
Pentamidine,Cimetidine,0
Phenobarbital,Lovastatin,0
Levomilnacipran,Erythromycin,0
Nitrendipine,Erythromycin,0
Methylene blue,Indapamide,0
Boceprevir,Saquinavir,0
Granisetron,Fosamprenavir,0
Deferasirox,Antipyrine,0
Cocaine,Fesoterodine,0
Tamsulosin,Mifepristone,0
Lidocaine,Mirabegron,0
Ceritinib,Telaprevir,0
Idarubicin,Ceritinib,0
Primidone,Asenapine,0
Modafinil,Luliconazole,0
Pitavastatin,Darunavir,0
Orphenadrine,Levodopa,1
Phenprocoumon,Nelfinavir,0
Quazepam,Leflunomide,0
Buprenorphine,Clemastine,1
Donepezil,Ceritinib,0
Isavuconazonium,Dronedarone,0
Ibrutinib,Lapatinib,0
Ritonavir,Fesoterodine,0
Pentamidine,Indinavir,0
Theophylline,Luliconazole,0
Ritonavir,Clotrimazole,0
Zileuton,Irbesartan,0
Rifampicin,Simvastatin,0
Isoniazid,Levodopa,0
Clopidogrel,Atomoxetine,0
Thiamylal,Tolbutamide,0
Cabergoline,Diltiazem,0
Metamfetamine,Atomoxetine,0
Cisapride,Risperidone,1
Modafinil,Ivacaftor,0
Mirabegron,Posaconazole,0
Pentamidine,Nefazodone,0
Tolterodine,Dosulepin,0
Lercanidipine,Boceprevir,0
Pioglitazone,Isradipine,0
Alfuzosin,Epoprostenol,0
Quetiapine,Tranylcypromine,0
Ibuprofen,Polythiazide,0
Doxepin,Caffeine,0
Colchicine,Fosamprenavir,0
Pitavastatin,Doxycycline,0
Sulfadiazine,Nefazodone,0
Methylphenobarbital,Dicoumarol,0
Digoxin,Ximelagatran,0
Nicardipine,Carvedilol,0
Prochlorperazine,Citalopram,0
Warfarin,Quinine,1
Tolterodine,Zucapsaicin,0
Afatinib,Captopril,0
Parecoxib,Sorafenib,0
Zuclopenthixol,Fingolimod,1
Azithromycin,Bortezomib,1
Indinavir,Ticagrelor,0
Risperidone,Alprenolol,1
Trichlormethiazide,Glipizide,0
Seratrodast,Venlafaxine,0
Indomethacin,Amiodarone,0
Hydrocodone,Efavirenz,1
Simvastatin,Apixaban,0
Abiraterone,Clopidogrel,0
Promazine,Sulfisoxazole,1
Pravastatin,Methadone,0
Omeprazole,Idelalisib,0
Doxorubicin,Betaxolol,0
Acebutolol,Zileuton,0
Propofol,Doxylamine,1
Silodosin,Ticlopidine,0
Clomipramine,Toloxatone,1
Toremifene,Paroxetine,1
Bromocriptine,Oxprenolol,1
Phenytoin,Etacrynic acid,0
Phenprocoumon,Tolbutamide,0
Pazopanib,Clarithromycin,0
Rifampicin,Sunitinib,0
Canagliflozin,Pregabalin,1
Atenolol,Desvenlafaxine,0
Nateglinide,Desipramine,0
Repaglinide,Doxycycline,0
Gliclazide,Sulfamethoxazole,1
Aripiprazole,Luliconazole,0
Sotalol,Labetalol,0
Alprenolol,Celiprolol,0
Cyclosporine,Carvedilol,0
Estrone sulfate,Fusidic acid,0
Phenobarbital,Metipranolol,0
Alfuzosin,Guanfacine,0
Rosuvastatin,Midostaurin,0
Erythromycin,Arformoterol,1
Asenapine,Perampanel,1
Chloroquine,Azithromycin,1
Nadolol,Crizotinib,1
Paliperidone,Nadolol,1
Seratrodast,Hydroflumethiazide,0
Iloperidone,Promethazine,1
Phenytoin,Telaprevir,0
Dabrafenib,Rotigotine,0
Lovastatin,Doxycycline,0
Methylene blue,Celiprolol,0
Thiamylal,Epoprostenol,0
Methadone,Ticagrelor,0
Risperidone,Glyburide,0
Methylene blue,Fluoxetine,1
Artemether,Erythromycin,0
Rifaximin,Lapatinib,0
Seratrodast,Rosiglitazone,0
Labetalol,Levodopa,0
Nicardipine,Nefazodone,0
Bortezomib,Doxycycline,0
Anagrelide,Methotrimeprazine,1
Mirtazapine,Clemastine,1
Galantamine,Manidipine,0
Clonidine,Trichlormethiazide,0
Pentobarbital,Artemether,0
Nebivolol,Tibolone,0
Colchicine,Sertraline,0
Ticagrelor,Palbociclib,0
Meloxicam,Indapamide,0
Guanfacine,Acebutolol,1
Ambrisentan,Isoniazid,0
Dosulepin,Terbinafine,0
Desipramine,Panobinostat,0
Chloroquine,Netupitant,0
Ondansetron,Indinavir,0
Olanzapine,Atomoxetine,0
Bromocriptine,Atazanavir,0
Enalapril,Celiprolol,0
Chlorpropamide,Indinavir,0
Carbamazepine,Cinacalcet,0
Estrone,Nicardipine,0
Bendroflumethiazide,Dronedarone,1
Captopril,Delavirdine,0
Mirtazapine,Quetiapine,1
Phenprocoumon,Desipramine,1
Azelastine,Rosiglitazone,0
Rifampicin,Labetalol,0
Tipranavir,Estrone sulfate,0
Phenobarbital,Furosemide,0
Desipramine,Dabigatran etexilate,0
Azelastine,Polythiazide,0
Cisapride,Indapamide,1
Clomipramine,Mifepristone,1
Phenytoin,Sunitinib,0
Sildenafil,Panobinostat,0
Yohimbine,Fesoterodine,0
Indomethacin,Quinine,0
Fluoxetine,Ketoconazole,0
Panobinostat,Acetyldigitoxin,0
Ciprofloxacin,Tizanidine,1
Clonidine,Paroxetine,0
Sulfisoxazole,Moexipril,1
Tipranavir,Indinavir,0
Orphenadrine,Protriptyline,1
Levomilnacipran,Imatinib,0
Chlorpropamide,Bopindolol,1
Nevirapine,Prochlorperazine,0
Deferasirox,Cisapride,0
Enalaprilat,Yohimbine,0
Rilpivirine,Primaquine,0
Amitriptyline,Lapatinib,0
Amitriptyline,Nelfinavir,0
Acemetacin,Nadolol,0
Estradiol,Crisaborole,0
Metoprolol,Meloxicam,0
Nicotine,Sulfisoxazole,0
Pitavastatin,Simeprevir,0
Clozapine,Topiroxostat,0
Crizotinib,Fluvoxamine,0
Acenocoumarol,Gemfibrozil,0
Bortezomib,Panobinostat,0
Bupropion,Darunavir,0
Rifapentine,Naloxegol,0
Methylphenidate,Duloxetine,0
Etoricoxib,Furosemide,0
Indomethacin,Iloprost,0
Amphetamine,Tibolone,0
Nafamostat,Estradiol,0
Aripiprazole,Ranolazine,0
Clopidogrel,Treprostinil,0
Colchicine,Ceritinib,0
Lithium cation,Irbesartan,0
Phenobarbital,Torasemide,0
Nevirapine,Imatinib,0
Nortriptyline,Cobicistat,0
Amitriptyline,Dabigatran etexilate,0
Saxagliptin,Verapamil,0
Suvorexant,Perampanel,1
Granisetron,Azithromycin,1
Sorafenib,Posaconazole,0
Estrone sulfate,Isradipine,0
Amobarbital,Cyclobenzaprine,0
Donepezil,Netupitant,0
Indinavir,Ledipasvir,0
Lidocaine,Atazanavir,0
Ziprasidone,Dronabinol,1
Lapatinib,Efavirenz,0
Carbamazepine,Zuclopenthixol,0
Atenolol,Arformoterol,0
Propofol,Isavuconazonium,0
Caffeine,Rosiglitazone,0
Voriconazole,Fluconazole,0
Artemether,Isradipine,1
Nilotinib,Propafenone,0
Quinidine,Imipramine,1
Moclobemide,Bortezomib,0
Antipyrine,Mexiletine,0
Lidocaine,Fluvastatin,0
Nicotine,Lumacaftor,0
Testosterone,Ceritinib,0
Rifampicin,Mirtazapine,0
Mexiletine,Fluoxetine,0
Mefloquine,Doxycycline,0
Nilotinib,Saquinavir,0
Vincristine,Darunavir,0
Rosuvastatin,Azithromycin,0
Rosuvastatin,Itraconazole,0
Moclobemide,Mifepristone,0
Pentobarbital,Guanfacine,0
Thalidomide,Sertraline,0
Simvastatin,Midostaurin,0
Protriptyline,Nafamostat,0
Atomoxetine,Clotrimazole,0
Clomipramine,Fosaprepitant,0
Primidone,Ixazomib,0
Duloxetine,Bupropion,0
Valsartan,Gemfibrozil,0
Lorcaserin,Stiripentol,0
Cabergoline,Furazolidone,0
Digitoxin,Nefazodone,0
Granisetron,Rilpivirine,1
Ticagrelor,Vemurafenib,0
Amiodarone,Levofloxacin,1
Bosentan,Sulfadiazine,0
Lorcaserin,Chloroquine,0
Estradiol,Indinavir,0
Quinine,Irbesartan,0
Granisetron,Sevoflurane,1
Theophylline,Celecoxib,0
Theophylline,Bupropion,0
Rifaximin,Nelfinavir,0
Vincristine,Atenolol,0
Itraconazole,Stiripentol,0
Torasemide,Delavirdine,0
Pindolol,Trichlormethiazide,0
Ziprasidone,Paroxetine,1
Citalopram,Darifenacin,0
Abiraterone,Simeprevir,0
Estradiol,Topiroxostat,0
Lumacaftor,Efavirenz,0
Pirlindole,Atomoxetine,1
Pindolol,Fingolimod,1
Rifapentine,Cyclosporine,0
Fluoxetine,Clotrimazole,0
Propafenone,Granisetron,1
Granisetron,Paroxetine,0
Nortriptyline,Rivaroxaban,0
Cilostazol,Panobinostat,0
Tramadol,Furazolidone,0
Etoricoxib,Darunavir,0
Theophylline,Clotrimazole,0
Amprenavir,Rosiglitazone,0
Pargyline,Timolol,0
Progesterone,Tranylcypromine,0
Sulfadiazine,Levomilnacipran,1
Sorafenib,Paroxetine,0
Warfarin,Diltiazem,0
Rilpivirine,Dihydroergotamine,0
Bosentan,Crizotinib,0
Doxycycline,Lumefantrine,1
Phenobarbital,Phenytoin,1
Amphetamine,Isoniazid,0
Ethinylestradiol,Mifepristone,0
Zileuton,Telithromycin,0
Colchicine,Digitoxin,0
Alfuzosin,Itraconazole,0
Quetiapine,Rotigotine,0
Citalopram,Lobeglitazone,0
Quinine,Verapamil,0
Lovastatin,Alogliptin,0
Hexobarbital,Olaparib,0
Glipizide,Topiroxostat,0
Zileuton,Atazanavir,0
Leflunomide,Ceritinib,0
Amprenavir,Fosamprenavir,0
Tolbutamide,Vemurafenib,0
Imipramine,Diphenhydramine,0
Caffeine,Osimertinib,0
Vardenafil,Dorzolamide,0
Nicotine,Valproic acid,0
Quinidine,Dasatinib,0
Methyclothiazide,Saxagliptin,0
Aripiprazole,Iloprost,0
Dabrafenib,Sunitinib,0
Atazanavir,Ticagrelor,0
Rifabutin,Simeprevir,0
Conivaptan,Silodosin,0
Verapamil,Fluvoxamine,0
Rosuvastatin,Cyclophosphamide,0
Rasagiline,Moexipril,0
Mirabegron,Methotrimeprazine,0
Celecoxib,Trimethoprim,0
Naloxegol,Nelfinavir,0
Dronabinol,Moclobemide,0
Pindolol,Abiraterone,0
Prochlorperazine,Bortezomib,0
Oxprenolol,Parecoxib,0
Pentobarbital,Nadolol,0
Conivaptan,Mexiletine,0
Protriptyline,Magnesium sulfate,1
Idarubicin,Nevirapine,0
Iloperidone,Glimepiride,0
Timolol,Panobinostat,0
Penbutolol,Deslanoside,1
Antipyrine,Chlorothiazide,0
Pargyline,Nadolol,0
Chlorpromazine,Mefloquine,0
Chlorthalidone,Alprenolol,0
Sitagliptin,Pirlindole,1
Progesterone,Cimetidine,0
Hexobarbital,Esomeprazole,0
Clozapine,Doxylamine,1
Amobarbital,Canagliflozin,0
Sorafenib,Luliconazole,0
Carbamazepine,Panobinostat,0
Bosentan,Fluorouracil,0
Bromocriptine,Osimertinib,0
Nateglinide,Promazine,0
Terbinafine,Fluconazole,0
Rabeprazole,Isavuconazonium,0
Methohexital,Rasagiline,0
Rifampicin,Nitrendipine,0
Macitentan,Luliconazole,0
Testosterone,Saxagliptin,0
Methylene blue,Guanfacine,0
Methohexital,Manidipine,0
Rosuvastatin,Topiroxostat,0
Tizanidine,Sotalol,1
Apixaban,Diclofenac,1
Granisetron,Dolasetron,1
Cyclophosphamide,Norfloxacin,1
Venlafaxine,Saquinavir,0
Lorcaserin,Ceritinib,0
Phenprocoumon,Gemifloxacin,1
Ticlopidine,Nelfinavir,0
Enzalutamide,Digitoxin,0
Apixaban,Nilotinib,0
Tamsulosin,Lumefantrine,0
Carvedilol,Lopinavir,0
Methylene blue,Atenolol,0
Amitriptyline,Pramipexole,0
Phenytoin,Topiroxostat,0
Carbamazepine,Bosutinib,0
Cyclobenzaprine,Ketoconazole,0
Acetylsalicylic acid,Deferasirox,0
Clozapine,Moexipril,1
Chlorpromazine,Isavuconazonium,0
Escitalopram,Modafinil,0
Arformoterol,Sildenafil,0
Canagliflozin,Desvenlafaxine,1
Acenocoumarol,Manidipine,0
Bupranolol,Celecoxib,0
Thioridazine,Bupranolol,0
Nateglinide,Irbesartan,0
Cilostazol,Ropinirole,0
Pentobarbital,Sulfamethoxazole,0
Bosentan,Propafenone,0
Sildenafil,Voriconazole,0
Rifapentine,Desvenlafaxine,0
Leflunomide,Nicardipine,0
Fosaprepitant,Warfarin,0
Polythiazide,Quinidine,0
Treprostinil,Etravirine,0
Rifapentine,Nitrendipine,0
Torasemide,Amiodarone,0
Methotrimeprazine,Darunavir,0
Cilostazol,Fluoxetine,0
Lapatinib,Venlafaxine,0
Chloroquine,Torasemide,0
Lumefantrine,Amiodarone,0
Moclobemide,Nicorandil,0
Celiprolol,Meloxicam,0
Anagrelide,Propofol,1
Azelastine,Luliconazole,0
Etoricoxib,Indinavir,0
Levodopa,Methadone,0
Esmolol,Risperidone,0
Alprenolol,Ibuprofen,0
Deferasirox,Tipranavir,0
Trimipramine,Clotrimazole,0
Phenindione,Tibolone,1
Chloroquine,Risperidone,1
Amitriptyline,Palbociclib,0
Ambrisentan,Ranolazine,0
Rasagiline,Pindolol,0
Chlorpropamide,Omeprazole,0
Rifabutin,Quinine,0
Losartan,Terbinafine,0
Methylene blue,Pindolol,0
Bosentan,Modafinil,0
Tamsulosin,Fusidic acid,0
Olanzapine,Mesalazine,0
Citalopram,Diltiazem,0
Tibolone,Digoxin,0
Phenobarbital,Nateglinide,0
Domperidone,Granisetron,1
Simvastatin,Lopinavir,0
Bosentan,Aprepitant,0
Glimepiride,Sildenafil,0
Hydroflumethiazide,Glipizide,0
Glyburide,Pirlindole,1
Rosuvastatin,Pantoprazole,0
Phenobarbital,Ibuprofen,0
Propranolol,Voriconazole,0
Cilostazol,Olaparib,0
Lapatinib,Cimetidine,0
Rifapentine,Felodipine,0
Orphenadrine,Magnesium sulfate,1
Treprostinil,Lobeglitazone,0
Azithromycin,Idelalisib,0
Ergotamine,Mifepristone,0
Dicoumarol,Ubidecarenone,0
Dofetilide,Trichlormethiazide,1
Thiamylal,Atenolol,0
Digoxin,Ixazomib,0
Granisetron,Atazanavir,0
Selegiline,Phenoxybenzamine,0
Quinethazone,Tolterodine,0
Dosulepin,Fesoterodine,0
Fluvastatin,Fosaprepitant,0
Bupropion,Omeprazole,0
Isradipine,Lopinavir,0
Nebivolol,Rucaparib,0
Acebutolol,Paroxetine,0
Propofol,Cyclosporine,0
Ivacaftor,Fluconazole,0
Acenocoumarol,Clemastine,0
Tamoxifen,Trimethoprim,0
Guanfacine,Cyclobenzaprine,0
Clonidine,Levodopa,0
Repaglinide,Tranylcypromine,1
Desipramine,Sodium oxybate,1
Tofacitinib,Sildenafil,0
Enzalutamide,Quinine,0
Nevirapine,Azithromycin,0
Phenoxybenzamine,Tibolone,0
Desipramine,Lobeglitazone,0
Apixaban,Lapatinib,0
Phenelzine,Metoprolol,0
Pravastatin,Lercanidipine,0
Felodipine,Quinidine,0
Bromocriptine,Isavuconazonium,0
Pentobarbital,Pioglitazone,0
Tofacitinib,Olaparib,0
Orphenadrine,Fosaprepitant,0
Sildenafil,Bupropion,0
Rifampicin,Hydrocodone,0
Perphenazine,Atenolol,0
Dasatinib,Cobicistat,0
Darifenacin,Venlafaxine,0
Metipranolol,Selexipag,0
Paliperidone,Duloxetine,0
Cyclosporine,Idelalisib,0
Pentobarbital,Clozapine,0
Duloxetine,Ticlopidine,0
Silodosin,Azelastine,0
Perphenazine,Dronabinol,1
Sertraline,Cimetidine,0
Amoxapine,Betaxolol,0
Amphetamine,Azelastine,0
Fosphenytoin,Estrone sulfate,0
Thioridazine,Delavirdine,0
Theophylline,Saquinavir,0
Dabrafenib,Cisapride,0
Ciprofloxacin,Venlafaxine,1
Gliclazide,Rucaparib,0
Acetylsalicylic acid,Irbesartan,0
Teriflunomide,Propafenone,0
Rifaximin,Citalopram,0
Mirtazapine,Fluvastatin,0
Pravastatin,Stiripentol,0
Rilpivirine,Ceritinib,0
Pazopanib,Lidocaine,0
Ximelagatran,Estrone sulfate,0
Gemifloxacin,Galantamine,1
Clonidine,Enalaprilat,0
Amoxapine,Clobazam,0
Olanzapine,Dabrafenib,0
Anagrelide,Epinastine,1
Timolol,Mesalazine,0
Rifabutin,Artemether,0
Estrone sulfate,Itraconazole,0
Losartan,Ivacaftor,0
Thalidomide,Quazepam,1
Doxepin,Tapentadol,1
Mirtazapine,Stiripentol,0
Lumacaftor,Citalopram,0
Isradipine,Epoprostenol,0
Granisetron,Sunitinib,1
Ergotamine,Crizotinib,0
Rifapentine,Isavuconazonium,0
Thiamylal,Ceritinib,0
Dicoumarol,Losartan,0
Nevirapine,Imipramine,0
Cyproterone acetate,Nortriptyline,0
Pazopanib,Voriconazole,0
Clomipramine,Risperidone,0
Rucaparib,Methotrimeprazine,0
Pazopanib,Rilpivirine,0
Pentamidine,Imatinib,0
Naloxegol,Sorafenib,0
Glimepiride,Bupranolol,1
Tapentadol,Sulfadiazine,0
Quinidine,Sulfisoxazole,0
Dextroamphetamine,Asenapine,0
Lorcaserin,Idelalisib,0
Paliperidone,Granisetron,1
Pitavastatin,Pioglitazone,0
Dasatinib,Darunavir,0
Trimipramine,Ximelagatran,0
Conivaptan,Theophylline,0
Epinastine,Doxorubicin,0
Mianserin,Bortezomib,0
Dabrafenib,Gliclazide,0
Ropinirole,Fusidic acid,0
Phenindione,Pravastatin,1
Pravastatin,Cholecalciferol,0
Olaparib,Nevirapine,0
Carteolol,Epoprostenol,0
Idarubicin,Nicardipine,0
Dabrafenib,Netupitant,0
Mirtazapine,Propofol,1
Phenobarbital,Omeprazole,0
Erythromycin,Lapatinib,1
Chlorpromazine,Lidocaine,0
Amitriptyline,Nafamostat,0
Escitalopram,Clemastine,0
Epinastine,Diltiazem,0
Repaglinide,Quinine,1
Asenapine,Fesoterodine,0
Arformoterol,Zafirlukast,0
Amprenavir,Promazine,0
Suvorexant,Zolpidem,1
Deferasirox,Bortezomib,0
Desvenlafaxine,Clemastine,0
Quinine,Nilvadipine,0
Carteolol,Clemastine,0
Estrone sulfate,Fluvoxamine,0
Eliglustat,Cocaine,0
Carteolol,Primaquine,0
Alprenolol,Clobazam,0
Sotalol,Deslanoside,1
Dronabinol,Crizotinib,0
Iloperidone,Ropinirole,0
Quinethazone,Venlafaxine,0
Mitotane,Cocaine,0
Quinidine,Rosiglitazone,0
Iloprost,Bepridil,0
Eliglustat,Posaconazole,0
Trimethoprim,Rucaparib,0
Cabergoline,Aprepitant,0
Rifampicin,Quetiapine,0
Antipyrine,Etacrynic acid,0
Mefloquine,Idelalisib,0
Arformoterol,Nevirapine,0
Boceprevir,Apixaban,0
Benzphetamine,Luliconazole,0
Fosphenytoin,Telithromycin,0
Polythiazide,Manidipine,0
Efavirenz,Saxagliptin,0
Doxorubicin,Isradipine,0
Idarubicin,Meloxicam,0
Dorzolamide,Penbutolol,0
Olopatadine,Lopinavir,0
Meloxicam,Fluconazole,0
Digitoxin,Verapamil,0
Granisetron,Fosaprepitant,0
Benzphetamine,Ceritinib,0
Lumacaftor,Eliglustat,0
Dofetilide,Quinethazone,1
Nicotine,Luliconazole,0
Thiamylal,Voriconazole,0
Bosutinib,Simeprevir,0
Thiopental,Desipramine,0
Zileuton,Nefazodone,0
Warfarin,Erythromycin,0
Magnesium sulfate,Telithromycin,0
Zuclopenthixol,Ziprasidone,0
Ixazomib,Eliglustat,0
Methylene blue,Timolol,0
Simvastatin,Norfloxacin,0
Cisapride,Zafirlukast,0
Vemurafenib,Chloroquine,0
Mitotane,Risperidone,0
Warfarin,Clemastine,0
Doxorubicin,Aprepitant,0
Diltiazem,Palbociclib,0
Vardenafil,Nilvadipine,0
Phenobarbital,Mycophenolate mofetil,0
Phenoxybenzamine,Atazanavir,0
Metamfetamine,Diphenhydramine,0
Esomeprazole,Dihydroergotamine,0
Mianserin,Vemurafenib,0
Ticlopidine,Cimetidine,0
Dolasetron,Desipramine,1
Zolpidem,Ziprasidone,1
Polythiazide,Methylphenidate,0
Bosentan,Digoxin,0
Lithium cation,Trimipramine,1
Pazopanib,Atenolol,0
Cyclobenzaprine,Tipranavir,0
Ziprasidone,Imipramine,1
Paraldehyde,Olopatadine,1
Carbamazepine,Parecoxib,0
Primidone,Dihydroergotamine,0
Lumiracoxib,Chlorthalidone,0
Acebutolol,Crizotinib,1
Cyclophosphamide,Mifepristone,0
Hydrochlorothiazide,Alogliptin,0
Pentobarbital,Repaglinide,0
Haloperidol,Tapentadol,1
Clozapine,Ceritinib,0
Bupropion,Cyclosporine,0
Selegiline,Dabigatran etexilate,0
Captopril,Canagliflozin,1
Bosentan,Saxagliptin,0
Aminophylline,Ivacaftor,0
Fluvastatin,Fosamprenavir,0
Rifaximin,Artemether,0
Hydroflumethiazide,Bepridil,0
Estrone,Ivacaftor,0
Primidone,Ondansetron,0
Estrone sulfate,Cyclosporine,0
Vincristine,Losartan,0
Idarubicin,Acetylsalicylic acid,0
Duloxetine,Quinidine,0
Protriptyline,Betaxolol,0
Nicardipine,Atazanavir,0
Rucaparib,Sulfisoxazole,0
Tizanidine,Buprenorphine,0
Eliglustat,Doxycycline,0
Quinidine,Indapamide,1
Ergotamine,Atomoxetine,0
Tramadol,Lopinavir,0
Estrone,Dihydroergotamine,0
Moclobemide,Valsartan,0
Propranolol,Efavirenz,0
Moexipril,Nilvadipine,0
Etoricoxib,Stiripentol,0
Paliperidone,Azithromycin,1
Ixazomib,Mifepristone,0
Acemetacin,Moexipril,0
Losartan,Alprenolol,0
Pioglitazone,Fluvoxamine,0
Hexobarbital,Isradipine,0
Tamoxifen,Afatinib,0
Mianserin,Fluoxetine,0
Nilotinib,Mirabegron,1
Iloprost,Felodipine,0
Carbamazepine,Stiripentol,0
Rasagiline,Trichlormethiazide,0
Hexobarbital,Sotalol,0
Ethinylestradiol,Telithromycin,0
Alprenolol,Mesalazine,0
Enzalutamide,Zolpidem,0
Lumefantrine,Nilotinib,0
Acetylsalicylic acid,Chlorthalidone,0
Granisetron,Bortezomib,1
Promethazine,Pramipexole,0
Gemifloxacin,Dabrafenib,1
Glipizide,Netupitant,0
Glyburide,Gemifloxacin,1
Tranylcypromine,Aliskiren,0
Thiamylal,Ticagrelor,0
Acemetacin,Carvedilol,0
Ethanol,Clemastine,1
Zolpidem,Citalopram,0
Dronabinol,Voriconazole,0
Dicoumarol,Sildenafil,0
Secobarbital,Cyclosporine,0
Nicotine,Topiroxostat,0
Abiraterone,Isradipine,0
Betaxolol,Digoxin,1
Nefazodone,Telithromycin,0
Nefazodone,Indinavir,0
Diphenhydramine,Panobinostat,0
Ambrisentan,Clarithromycin,0
Phenytoin,Bumetanide,0
Torasemide,Nilvadipine,0
Metamfetamine,Quinidine,0
Irbesartan,Abiraterone,0
Glyburide,Bisoprolol,1
Ixazomib,Atazanavir,0
Amphetamine,Midostaurin,0
Carbamazepine,Paroxetine,0
Zileuton,Fluvoxamine,0
Hexobarbital,Droperidol,1
Nicorandil,Verapamil,0
Fingolimod,Isavuconazonium,0
Nicardipine,Bupranolol,0
Perphenazine,Zucapsaicin,0
Warfarin,Nilotinib,0
Nortriptyline,Simeprevir,0
Pitavastatin,Lobeglitazone,0
Moexipril,Ethinylestradiol,0
Fosamprenavir,Delavirdine,0
Balsalazide,Furosemide,0
Thiamylal,Methyclothiazide,0
Macitentan,Lopinavir,0
Terbinafine,Rilpivirine,0
Methylene blue,Penbutolol,0
Dofetilide,Rilpivirine,1
Tizanidine,Citalopram,0
Pantoprazole,Sildenafil,0
Perphenazine,Bupranolol,0
Rivaroxaban,Fosamprenavir,0
Indomethacin,Gemfibrozil,0
Lumacaftor,Clopidogrel,0
Eliglustat,Vardenafil,1
Ticagrelor,Idelalisib,0
Zafirlukast,Lobeglitazone,0
Mycophenolate mofetil,Telithromycin,0
Azithromycin,Ivacaftor,0
Digoxin,Saxagliptin,0
Amitriptyline,Darifenacin,0
Digoxin,Celecoxib,0
Pentobarbital,Fluvastatin,0
Penbutolol,Formoterol,0
Carteolol,Sertraline,0
Testosterone,Darunavir,0
Repaglinide,Rosiglitazone,0
Paraldehyde,Efavirenz,1
Phenobarbital,Sunitinib,0
Metoprolol,Crizotinib,1
Levomilnacipran,Bupropion,0
Paliperidone,Posaconazole,1
Methyclothiazide,Orphenadrine,0
Leflunomide,Etacrynic acid,0
Parecoxib,Delavirdine,0
Itraconazole,Osimertinib,0
Edoxaban,Salicylic acid,1
Telithromycin,Chlorpromazine,1
Doxazosin,Pantoprazole,0
Imatinib,Dihydroergotamine,0
Dihydroergotamine,Clomipramine,0
Azelastine,Nicardipine,0
Chlorpromazine,Metyrosine,0
Phenobarbital,Cyclosporine,0
Nortriptyline,Furazolidone,1
Ximelagatran,Manidipine,0
Quinine,Olaparib,0
Clomipramine,Voriconazole,0
Seratrodast,Indinavir,0
Promazine,Hydroxyzine,1
Perampanel,Fosamprenavir,0
Clobazam,Saxagliptin,0
Levodopa,Clotrimazole,0
Selegiline,Cholecalciferol,0
Timolol,Haloperidol,0
Fluoxetine,Lumefantrine,0
Glipizide,Chlorpropamide,1
Crizotinib,Sertraline,1
Bromocriptine,Norfloxacin,1
Nevirapine,Aprepitant,0
Sevoflurane,Imatinib,0
Ticlopidine,Idelalisib,0
Epinastine,Bortezomib,0
Buprenorphine,Sulfadiazine,0
Ranolazine,Aprepitant,0
Lopinavir,Methylphenobarbital,0
Cilostazol,Fosamprenavir,0
Metoprolol,Tramadol,0
Celecoxib,Sorafenib,0
Pentobarbital,Telithromycin,0
Carbamazepine,Fosamprenavir,0
Bosutinib,Saquinavir,0
Nebivolol,Acetyldigitoxin,1
Artemether,Progesterone,0
Pentobarbital,Moclobemide,0
Estrone sulfate,Posaconazole,0
Zolpidem,Doxycycline,0
Dabrafenib,Saquinavir,0
Mifepristone,Mesalazine,1
Glyburide,Netupitant,0
Rifabutin,Propranolol,0
Bromocriptine,Telaprevir,0
Omeprazole,Fosaprepitant,0
Dofetilide,Paroxetine,1
Pitavastatin,Fosaprepitant,0
Rabeprazole,Fosaprepitant,0
Zucapsaicin,Clopidogrel,0
Alfuzosin,Pregabalin,0
Pazopanib,Felodipine,0
Dextroamphetamine,Aripiprazole,0
Domperidone,Quetiapine,1
Pimozide,Sertraline,1
Indapamide,Gliclazide,0
Chlorpromazine,Nicardipine,1
Toremifene,Lidocaine,0
Amitriptyline,Atazanavir,0
Domperidone,Cocaine,0
Bosentan,Rifabutin,0
Simvastatin,Methotrimeprazine,0
Rifampicin,Thalidomide,0
Cabergoline,Alogliptin,0
Pimozide,Conivaptan,0
Primaquine,Clomipramine,1
Toloxatone,Bosentan,0
Galantamine,Ropinirole,0
Amphetamine,Cholecalciferol,0
Zolpidem,Sulfadiazine,0
Dronedarone,Levofloxacin,1
Mirtazapine,Alogliptin,0
Enalapril,Nelfinavir,0
Asenapine,Fosaprepitant,0
Conivaptan,Aliskiren,0
Ergotamine,Toloxatone,0
Doxepin,Moexipril,0
Dolasetron,Olaparib,0
Citalopram,Trimethoprim,1
Nevirapine,Cobicistat,0
Doxorubicin,Canagliflozin,0
Cilostazol,Clobazam,0
Bisoprolol,Diclofenac,0
Thiopental,Acenocoumarol,0
Nebivolol,Balsalazide,0
Pargyline,Carvedilol,0
Sitagliptin,Acetylsalicylic acid,1
Levodopa,Dronabinol,1
Alogliptin,Lumefantrine,0
Gliclazide,Sildenafil,0
Minaprine,Panobinostat,0
Rifapentine,Celecoxib,0
Rolapitant,Boceprevir,0
Vemurafenib,Efavirenz,0
Acebutolol,Desvenlafaxine,0
Pimozide,Formoterol,1
Tofacitinib,Telithromycin,0
Domperidone,Mexiletine,0
Toremifene,Dihydroergotamine,0
Tizanidine,Bromocriptine,0
Bopindolol,Silodosin,0
Acemetacin,Chlorothiazide,0
Phenobarbital,Escitalopram,0
Nevirapine,Digitoxin,0
Tofacitinib,Etravirine,0
Apixaban,Tibolone,1
Sildenafil,Acebutolol,0
Carbamazepine,Terbinafine,0
Domperidone,Dolasetron,1
Acenocoumarol,Fluvastatin,0
Pitavastatin,Cisapride,0
Mianserin,Isradipine,0
Minaprine,Carvedilol,1
Rifabutin,Pioglitazone,0
Nebivolol,Ticlopidine,0
Quinine,Lapatinib,1
Propofol,Stiripentol,0
Promazine,Luliconazole,0
Toremifene,Mexiletine,0
Enzalutamide,Donepezil,0
Fosphenytoin,Chlorpropamide,0
Nilotinib,Diltiazem,0
Fosphenytoin,Saquinavir,0
Dofetilide,Terbinafine,0
Naloxegol,Felodipine,0
Rifabutin,Rivaroxaban,0
Ethanol,Amobarbital,1
Esomeprazole,Verapamil,0
Ticlopidine,Simeprevir,0
Meloxicam,Ziprasidone,0
Granisetron,Delavirdine,0
Minaprine,Alprenolol,1
Prucalopride,Dronabinol,0
Hexobarbital,Sodium oxybate,1
Rifampicin,Parecoxib,0
Glyburide,Fluoxetine,0
Alogliptin,Mifepristone,0
Clomipramine,Doxylamine,1
Warfarin,Tramadol,1
Lumefantrine,Imipramine,1
Parecoxib,Iloprost,0
Atenolol,Tamsulosin,0
Digitoxin,Osimertinib,0
Rifapentine,Nilotinib,0
Saquinavir,Levofloxacin,1
Crizotinib,Protriptyline,1
Cinacalcet,Erythromycin,0
Rifaximin,Vincristine,0
Azelastine,Pioglitazone,0
Deferasirox,Acenocoumarol,0
Minaprine,Stiripentol,0
Ritonavir,Cobicistat,0
Loratadine,Stiripentol,0
Estrone,Omeprazole,0
Orphenadrine,Aprepitant,0
Dolasetron,Crisaborole,0
Thalidomide,Tibolone,1
Domperidone,Isavuconazonium,0
Dabigatran etexilate,Ranolazine,0
Tolterodine,Clemastine,0
Bisoprolol,Methylphenidate,0
Everolimus,Dronedarone,0
Pentobarbital,Aminophylline,0
Quazepam,Droperidol,1
Bosutinib,Propafenone,0
Topotecan,Ketoconazole,0
Rifabutin,Lidocaine,0
Etoricoxib,Bumetanide,0
Ciprofloxacin,Risperidone,1
Azelastine,Vemurafenib,0
Propranolol,Caffeine,0
Riociguat,Venlafaxine,0
Cilostazol,Isoniazid,0
Omeprazole,Mesalazine,0
Cisapride,Dasatinib,0
Arformoterol,Sertraline,0
Bupropion,Pioglitazone,0
Bosentan,Clonidine,0
Theophylline,Methotrimeprazine,0
Venlafaxine,Dabigatran etexilate,0
Rolapitant,Itraconazole,0
Oxprenolol,Macitentan,0
Bosentan,Fingolimod,0
Edoxaban,Quinidine,0
Tamoxifen,Topiroxostat,0
Domperidone,Olanzapine,1
Methadone,Clotrimazole,0
Felodipine,Mifepristone,0
Alfuzosin,Telithromycin,0
Iloperidone,Ciprofloxacin,1
Doxorubicin,Cocaine,0
Guanfacine,Selexipag,0
Enalaprilat,Etravirine,0
Mitotane,Panobinostat,0
Vemurafenib,Atomoxetine,1
Carbamazepine,Lapatinib,0
Meloxicam,Atomoxetine,0
Conivaptan,Cabergoline,0
Acetylsalicylic acid,Etravirine,0
Dicoumarol,Crisaborole,0
Sulfamethoxazole,Olaparib,0
Topotecan,Colchicine,0
Perampanel,Bortezomib,0
Formoterol,Darunavir,0
Citalopram,Toloxatone,1
Modafinil,Fluconazole,0
Enzalutamide,Everolimus,0
Diphenhydramine,Irbesartan,0
Granisetron,Ciprofloxacin,1
Aripiprazole,Riociguat,0
Rivaroxaban,Anagrelide,1
Pindolol,Venlafaxine,0
Nortriptyline,Ivacaftor,0
Desvenlafaxine,Guanfacine,0
Ticlopidine,Itraconazole,0
Clonidine,Metoprolol,1
Yohimbine,Eliglustat,0
Leflunomide,Chlorothiazide,0
Nortriptyline,Minaprine,1
Asenapine,Norfloxacin,1
Mirtazapine,Clozapine,1
Ergotamine,Propranolol,1
Edoxaban,Enalapril,0
Lidocaine,Vemurafenib,0
Thiopental,Irbesartan,0
Tolbutamide,Pargyline,1
Metoprolol,Ibuprofen,0
Haloperidol,Ticagrelor,0
Naloxegol,Ziprasidone,0
Lithium cation,Hydroflumethiazide,0
Methohexital,Atenolol,0
Propranolol,Telaprevir,0
Bosentan,Ivacaftor,0
Glyburide,Nicardipine,0
Quinidine,Promethazine,1
Zolpidem,Caffeine,0
Bosentan,Yohimbine,0
Mycophenolate mofetil,Ceritinib,0
Teriflunomide,Chlorpromazine,0
Carbamazepine,Mifepristone,0
Tolvaptan,Cisapride,0
Theophylline,Lithium cation,0
Rabeprazole,Itraconazole,0
Mefloquine,Imatinib,0
Mitotane,Fluvastatin,0
Tipranavir,Cholecalciferol,0
Daunorubicin,Ziprasidone,0
Quinine,Sulfamethoxazole,1
Edoxaban,Mifepristone,0
Nateglinide,Fluvoxamine,0
Rosiglitazone,Clopidogrel,1
Nitrendipine,Simeprevir,0
Ubidecarenone,Isoniazid,0
Haloperidol,Amitriptyline,1
Primidone,Mifepristone,0
Sertraline,Isavuconazonium,0
Granisetron,Cobicistat,0
Buspirone,Indinavir,0
Ziprasidone,Tolterodine,1
Dabrafenib,Mirabegron,0
Paliperidone,Formoterol,1
Mitotane,Ceritinib,0
Promazine,Ceritinib,0
Rosuvastatin,Isoniazid,0
Parecoxib,Ticagrelor,0
Perphenazine,Ceritinib,0
Tolbutamide,Desvenlafaxine,1
Buprenorphine,Sodium oxybate,1
Chloroquine,Isavuconazonium,0
Gliclazide,Propranolol,1
Fluconazole,Mifepristone,1
Losartan,Levodopa,0
Tipranavir,Netupitant,0
Colchicine,Atazanavir,0
Amprenavir,Rucaparib,0
Treprostinil,Trimethoprim,0
Rifaximin,Secobarbital,0
Venlafaxine,Toloxatone,1
Labetalol,Selexipag,0
Acebutolol,Balsalazide,0
Primaquine,Lithium cation,1
Sitagliptin,Levomilnacipran,1
Penbutolol,Ibuprofen,0
Chlorothiazide,Bepridil,0
Rosuvastatin,Pravastatin,0
Simvastatin,Lapatinib,0
Rifabutin,Ledipasvir,0
Carteolol,Artemether,0
Bosutinib,Desipramine,0
Celecoxib,Mifepristone,0
Chlorpromazine,Tizanidine,1
Rifapentine,Imipramine,0
Acemetacin,Nebivolol,0
Tacrolimus,Chloroquine,1
Dextroamphetamine,Quinidine,0
Doxepin,Duloxetine,1
Tranylcypromine,Metolazone,0
Tamsulosin,Clemastine,0
Carbamazepine,Doxorubicin,0
Metoprolol,Clotrimazole,0
Galantamine,Cimetidine,0
Tipranavir,Cocaine,0
Orphenadrine,Zuclopenthixol,1
Zuclopenthixol,Ketoconazole,0
Vemurafenib,Disopyramide,0
Alfuzosin,Dasatinib,0
Carvedilol,Osimertinib,0
Rivaroxaban,Ivacaftor,0
Moexipril,Acetylsalicylic acid,0
Buspirone,Terbinafine,0
Propafenone,Voriconazole,0
Dolasetron,Chloroquine,1
Cyclophosphamide,Cabergoline,1
Fingolimod,Isoniazid,0
Azelastine,Telaprevir,0
Methylphenidate,Pargyline,0
Digitoxin,Nelfinavir,0
Phenobarbital,Cilostazol,0
Orphenadrine,Fosamprenavir,0
Edoxaban,Verapamil,0
Cisapride,Droperidol,1
Sitagliptin,Estradiol,0
Timolol,Bortezomib,0
Dabrafenib,Phenoxybenzamine,0
Celiprolol,Carvedilol,0
Amitriptyline,Simeprevir,0
Bisoprolol,Aprepitant,0
Benzphetamine,Metoprolol,1
Meloxicam,Venlafaxine,0
Metoprolol,Digoxin,1
Crizotinib,Clozapine,1
Dabigatran etexilate,Delavirdine,0
Lumacaftor,Zileuton,0
Imipramine,Droperidol,1
Palbociclib,Fingolimod,0
Dosulepin,Dabigatran etexilate,0
Doxorubicin,Eliglustat,0
Pazopanib,Sertraline,0
Pentamidine,Amiodarone,0
Dabrafenib,Vemurafenib,0
Erythromycin,Galantamine,1
Sildenafil,Ticlopidine,0
Fingolimod,Nefazodone,0
Methadone,Ethanol,1
Nateglinide,Cyclosporine,0
Estrone,Bendroflumethiazide,0
Buspirone,Clozapine,0
Everolimus,Glipizide,0
Promazine,Osimertinib,0
Diltiazem,Nelfinavir,0
Methotrimeprazine,Paliperidone,1
Warfarin,Dosulepin,0
Bepridil,Thioridazine,0
Cabergoline,Carvedilol,0
Dofetilide,Methyclothiazide,1
Cinacalcet,Netupitant,0
Mirtazapine,Oxprenolol,1
Rifampicin,Sulfisoxazole,0
Naloxegol,Buprenorphine,0
Aminophylline,Lobeglitazone,0
Oxprenolol,Antipyrine,0
Seratrodast,Etravirine,0
Disopyramide,Ranolazine,1
Ondansetron,Ceritinib,0
Citalopram,Ceritinib,0
Terbinafine,Hydrocodone,0
Carbamazepine,Sulfamethoxazole,0
Zafirlukast,Lopinavir,0
Selexipag,Diltiazem,0
Lumefantrine,Tamoxifen,0
Timolol,Propafenone,0
Trimethoprim,Topiroxostat,0
Doxazosin,Arformoterol,0
Levomilnacipran,Telithromycin,0
Ethinylestradiol,Glimepiride,0
Cyclophosphamide,Pirlindole,1
Lumacaftor,Acenocoumarol,0
Paliperidone,Primaquine,1
Lorcaserin,Diphenhydramine,0
Artemether,Ceritinib,0
Lopinavir,Arformoterol,1
Secobarbital,Sildenafil,0
Mianserin,Primidone,0
Ibrutinib,Ceritinib,0
Epinastine,Cocaine,0
Lidocaine,Zafirlukast,0
Cisapride,Terbinafine,0
Warfarin,Zileuton,0
Indapamide,Imatinib,0
Zuclopenthixol,Imatinib,0
Fluvastatin,Olaparib,0
Nateglinide,Bupropion,0
Imatinib,Quinidine,0
Pazopanib,Tamoxifen,0
Isavuconazonium,Netupitant,0
Epoprostenol,Levodopa,0
Fosphenytoin,Lumacaftor,0
Fluvoxamine,Nabilone,1
Primidone,Dronabinol,1
Amoxapine,Nelfinavir,0
Lumacaftor,Glipizide,0
Lovastatin,Saquinavir,0
Warfarin,Iloprost,1
Rolapitant,Crizotinib,0
Rifapentine,Loratadine,0
Yohimbine,Duloxetine,0
Pseudoephedrine,Citalopram,0
Phenobarbital,Clarithromycin,0
Hydrochlorothiazide,Quinidine,0
Captopril,Trimethoprim,1
Ethanol,Ranolazine,0
Amprenavir,Ritonavir,0
Bupropion,Etravirine,0
Nilotinib,Glimepiride,0
Sotalol,Olsalazine,0
Zolpidem,Risperidone,1
Telithromycin,Ondansetron,1
Estrone,Diltiazem,0
Diclofenac,Fusidic acid,0
Imipramine,Fluconazole,0
Carteolol,Doxazosin,0
Macitentan,Crizotinib,0
Rifapentine,Nevirapine,0
Tramadol,Panobinostat,0
Ximelagatran,Chloroquine,1
Aminophylline,Abiraterone,0
Rotigotine,Lovastatin,0
Propafenone,Erythromycin,0
Fluvastatin,Zucapsaicin,0
Bepridil,Promazine,0
Hydrocodone,Cholecalciferol,0
Amoxapine,Nabilone,1
Orphenadrine,Azelastine,1
Vincristine,Voriconazole,0
Nortriptyline,Clobazam,0
Warfarin,Saquinavir,0
Cyproterone acetate,Domperidone,0
Ethanol,Tizanidine,1
Lidocaine,Topiroxostat,0
Edoxaban,Itraconazole,0
Tamoxifen,Dasatinib,0
Pimozide,Nelfinavir,0
Toloxatone,Selegiline,0
Nateglinide,Tranylcypromine,1
Aminophylline,Norfloxacin,0
Simvastatin,Gemfibrozil,1
Naloxegol,Ivacaftor,0
Nafamostat,Ibuprofen,1
Zileuton,Abiraterone,0
Pazopanib,Droperidol,1
Enalapril,Hydroflumethiazide,0
Pravastatin,Lapatinib,0
Venlafaxine,Mifepristone,0
Felodipine,Fosaprepitant,0
Silodosin,Lapatinib,0
Bosutinib,Lopinavir,0
Mifepristone,Minaprine,1
Acetylsalicylic acid,Sorafenib,0
Phenoxybenzamine,Polythiazide,0
Promethazine,Primaquine,0
Aliskiren,Nicorandil,1
Epoprostenol,Riociguat,0
Fluvoxamine,Simeprevir,0
Escitalopram,Mirabegron,1
Ticlopidine,Nefazodone,0
Pregabalin,Magnesium sulfate,1
Captopril,Dabigatran etexilate,0
Enzalutamide,Midostaurin,0
Nitrendipine,Fluconazole,0
Eliglustat,Isoniazid,0
Zuclopenthixol,Idelalisib,0
Furazolidone,Dorzolamide,0
Aminophylline,Nicotine,0
Sunitinib,Telaprevir,0
Eliglustat,Venlafaxine,0
Cimetidine,Atazanavir,0
Bupropion,Ticlopidine,0
Artemether,Mestranol,0
Etoricoxib,Theophylline,0
Promazine,Sevoflurane,1
Donepezil,Cobicistat,0
Disopyramide,Lovastatin,0
Bosentan,Caffeine,0
Methylphenobarbital,Labetalol,0
Quinine,Haloperidol,0
Phenindione,Zileuton,1
Rucaparib,Digitoxin,0
Repaglinide,Delavirdine,0
Granisetron,Fluoxetine,0
Rosuvastatin,Rolapitant,0
Rifampicin,Bisoprolol,0
Fluoxetine,Ropinirole,0
Asenapine,Sertraline,1
Primaquine,Indinavir,0
Quetiapine,Stiripentol,0
Lithium cation,Pimozide,1
Selexipag,Nilotinib,0
Rifaximin,Selegiline,0
Erythromycin,Fosaprepitant,0
Toremifene,Mifepristone,0
Amoxapine,Ticlopidine,0
Indapamide,Sertraline,0
Vincristine,Olaparib,0
Dihydroergotamine,Isradipine,0
Zolpidem,Loratadine,1
Bendroflumethiazide,Oxprenolol,0
Stiripentol,Perampanel,1
Promethazine,Midostaurin,0
Dronedarone,Ritonavir,1
Alogliptin,Netupitant,0
Lumacaftor,Pentobarbital,0
Rivaroxaban,Olaparib,0
Estradiol,Saxagliptin,0
Tofacitinib,Mifepristone,0
Nitrendipine,Luliconazole,0
Fosamprenavir,Ziprasidone,0
Enalaprilat,Acetylsalicylic acid,0
Carvedilol,Ticagrelor,0
Quetiapine,Rucaparib,0
Idelalisib,Saquinavir,0
Cabergoline,Ivacaftor,0
Hexobarbital,Lobeglitazone,0
Fosphenytoin,Deferasirox,0
Mexiletine,Simeprevir,0
Rifapentine,Etravirine,0
Cisapride,Methotrimeprazine,1
Pravastatin,Telaprevir,0
Thioridazine,Carteolol,0
Tizanidine,Sodium oxybate,1
Rilpivirine,Nefazodone,0
Seratrodast,Fluorouracil,0
Aripiprazole,Methadone,1
Canagliflozin,Torasemide,0
Ranolazine,Paroxetine,0
Paroxetine,Tramadol,0
Ixazomib,Sulfamethoxazole,0
Zolpidem,Osimertinib,0
Macitentan,Nelfinavir,0
Teriflunomide,Pentamidine,0
Ambrisentan,Voriconazole,0
Phenindione,Tipranavir,1
Ticlopidine,Quinidine,0
Toloxatone,Tranylcypromine,0
Primidone,Digoxin,0
Conivaptan,Tipranavir,0
Ziprasidone,Clotrimazole,0
Zafirlukast,Diltiazem,0
Parecoxib,Furosemide,0
Ciprofloxacin,Itraconazole,1
Amitriptyline,Pargyline,1
Phenprocoumon,Chlorpropamide,1
Sulfamethoxazole,Nefazodone,0
Diltiazem,Ixazomib,0
Formoterol,Cimetidine,0
Pseudoephedrine,Haloperidol,0
Prucalopride,Ivacaftor,0
Betaxolol,Ouabain,1
Methadone,Palbociclib,0
Guanfacine,Rotigotine,0
Nevirapine,Sitagliptin,0
Buprenorphine,Sertraline,0
Saquinavir,Gemifloxacin,1
Vemurafenib,Nelfinavir,0
Rifampicin,Benzphetamine,0
Lumacaftor,Darunavir,0
Tamsulosin,Cocaine,0
Celiprolol,Quinethazone,0
Rifapentine,Bopindolol,0
Boceprevir,Estrone sulfate,0
Naloxegol,Doxepin,0
Enzalutamide,Fluoxetine,0
Midostaurin,Erythromycin,0
Atenolol,Theophylline,0
Rosuvastatin,Thiopental,0
Carteolol,Enalaprilat,0
Felodipine,Atazanavir,0
Toremifene,Norfloxacin,1
Ondansetron,Olanzapine,1
Phenytoin,Imatinib,0
Aripiprazole,Palbociclib,0
Tolvaptan,Doxycycline,0
Guanfacine,Dasatinib,0
Chlorpropamide,Ticagrelor,0
Alogliptin,Dronedarone,0
Oxprenolol,Mycophenolate mofetil,0
Buspirone,Cholecalciferol,0
Lorcaserin,Cyclosporine,0
Ethinylestradiol,Ranolazine,0
Hydrocodone,Celecoxib,0
Rifapentine,Zuclopenthixol,0
Hydrocodone,Amphetamine,0
Fingolimod,Ticlopidine,0
Phenytoin,Irbesartan,0
Venlafaxine,Telithromycin,0
Fosphenytoin,Cyclophosphamide,0
Doxazosin,Epoprostenol,0
Metamfetamine,Oxprenolol,1
Galantamine,Orphenadrine,0
Ranolazine,Rucaparib,0
Propofol,Desipramine,0
Estrone sulfate,Quinethazone,0
Moclobemide,Ziprasidone,0
Zolpidem,Guanfacine,1
Rifabutin,Vincristine,0
Amiodarone,Iloperidone,0
Quinine,Venlafaxine,1
Sitagliptin,Etravirine,0
Zolpidem,Hexobarbital,1
Estrone,Sertraline,0
Rifampicin,Nicotine,0
Treprostinil,Nilvadipine,0
Progesterone,Phenindione,0
Selegiline,Fluconazole,0
Eliglustat,Azithromycin,1
Metolazone,Venlafaxine,0
Primaquine,Mirabegron,1
Idarubicin,Fingolimod,0
Silodosin,Ritonavir,0
Fluorouracil,Digoxin,0
Silodosin,Boceprevir,0
Mestranol,Gemfibrozil,0
Sildenafil,Valsartan,0
Cisapride,Fosaprepitant,0
Naloxegol,Rolapitant,0
Nefazodone,Fesoterodine,0
Atenolol,Teriflunomide,0
Lumefantrine,Ciprofloxacin,1
Levomilnacipran,Terbinafine,0
Verapamil,Alogliptin,0
Teriflunomide,Tizanidine,0
Bosentan,Fesoterodine,0
Nebivolol,Tipranavir,0
Phenytoin,Doxazosin,0
Cabergoline,Voriconazole,0
Clomipramine,Apixaban,0
Alprenolol,Midostaurin,0
Chloroquine,Ketoconazole,0
Primaquine,Sevoflurane,1
Pazopanib,Omeprazole,0
Omeprazole,Voriconazole,0
Quinine,Bepridil,0
Lapatinib,Pioglitazone,0
Mirabegron,Indinavir,0
Meloxicam,Leflunomide,0
Paliperidone,Bisoprolol,1
Everolimus,Buprenorphine,0
Promethazine,Clotrimazole,0
Methadone,Clobazam,1
Eliglustat,Clozapine,0
Vardenafil,Selexipag,0
Amprenavir,Mirabegron,0
Diphenhydramine,Perampanel,1
Ergotamine,Indinavir,0
Captopril,Artemether,0
Mianserin,Tipranavir,0
Formoterol,Leflunomide,0
Ranolazine,Progesterone,0
Cholecalciferol,Crizotinib,0
Sotalol,Ketoconazole,1
Venlafaxine,Nelfinavir,0
Olopatadine,Perampanel,1
Pseudoephedrine,Clotrimazole,0
Perphenazine,Cobicistat,0
Cyclophosphamide,Erythromycin,0
Sunitinib,Moclobemide,1
Glimepiride,Amiodarone,0
Hydrochlorothiazide,Oxprenolol,0
Clobazam,Doxycycline,0
Lidocaine,Eliglustat,0
Verapamil,Lopinavir,0
Pentobarbital,Pravastatin,0
Fluvoxamine,Metyrosine,0
Ibuprofen,Crisaborole,0
Promazine,Propafenone,0
Carvedilol,Tolbutamide,0
Digitoxin,Palbociclib,0
Haloperidol,Theophylline,0
Trichlormethiazide,Bupranolol,0
Ranolazine,Dronedarone,0
Clonidine,Lidocaine,0
Propofol,Brimonidine,1
Tipranavir,Etravirine,0
Duloxetine,Tamoxifen,0
Methadone,Caffeine,0
Chlorpromazine,Artemether,0
Hydrocodone,Valproic acid,1
Tizanidine,Ceritinib,1
Methotrimeprazine,Oxprenolol,1
Pioglitazone,Verapamil,0
Doxepin,Posaconazole,0
Simeprevir,Dabigatran etexilate,0
Vemurafenib,Clotrimazole,1
Bisoprolol,Acetylsalicylic acid,0
Dihydroergotamine,Ximelagatran,0
Cilostazol,Ziprasidone,0
Methylene blue,Nebivolol,0
Dihydroergotamine,Bisoprolol,1
Rifampicin,Lumefantrine,0
Venlafaxine,Cimetidine,0
Dabrafenib,Cyclophosphamide,0
Estradiol,Isoniazid,0
Mefloquine,Bopindolol,1
Seratrodast,Ceritinib,0
Celiprolol,Darunavir,0
Azelastine,Diltiazem,0
Enalapril,Ivacaftor,0
Hydrocodone,Fosaprepitant,0
Imatinib,Mifepristone,0
Saxagliptin,Fluconazole,0
Cinacalcet,Cobicistat,0
Clozapine,Cholecalciferol,0
Alprenolol,Indomethacin,0
Etravirine,Ivacaftor,0
Omeprazole,Zafirlukast,0
Argatroban,Bortezomib,0
Pentobarbital,Doxepin,0
Ibrutinib,Abiraterone,0
Labetalol,Mirabegron,0
Carbamazepine,Lorcaserin,0
Nortriptyline,Perampanel,1
Progesterone,Dicoumarol,0
Chlorpromazine,Nortriptyline,1
Cisapride,Tolbutamide,0
Thalidomide,Metyrosine,0
Indomethacin,Zucapsaicin,0
Bosutinib,Thiopental,0
Pazopanib,Losartan,0
Tolvaptan,Propofol,0
Itraconazole,Dabigatran etexilate,0
Silodosin,Amiodarone,0
Dorzolamide,Atomoxetine,0
Clobazam,Darunavir,0
Clarithromycin,Isoniazid,0
Ergotamine,Sitagliptin,0
Clomipramine,Dronabinol,1
Mianserin,Erythromycin,0
Losartan,Gemfibrozil,0
Tolterodine,Trimethoprim,0
Iloprost,Alprenolol,0
Antipyrine,Caffeine,0
Zuclopenthixol,Gemifloxacin,1
Dronedarone,Moexipril,1
Rosuvastatin,Idelalisib,0
Metoprolol,Ranolazine,0
Pindolol,Darunavir,0
Lidocaine,Brimonidine,1
Conivaptan,Modafinil,0
Clozapine,Perampanel,1
Clomipramine,Droperidol,1
Theophylline,Lobeglitazone,0
Rifabutin,Cyclobenzaprine,0
Eliglustat,Ziprasidone,0
Venlafaxine,Boceprevir,0
Dabigatran etexilate,Rilpivirine,0
Deferasirox,Toremifene,0
Bepridil,Delavirdine,0
Iloprost,Atenolol,0
Dronedarone,Sildenafil,0
Ivacaftor,Posaconazole,0
Rivaroxaban,Phenprocoumon,1
Clobazam,Dronedarone,0
Topotecan,Testosterone,0
Thioridazine,Dasatinib,1
Estrone,Cholecalciferol,0
Rifampicin,Glipizide,0
Verapamil,Clemastine,0
Netupitant,Ceritinib,0
Esomeprazole,Amphetamine,0
Anagrelide,Lidocaine,0
Carteolol,Stiripentol,0
Canagliflozin,Stiripentol,0
Diclofenac,Quazepam,0
Modafinil,Dasatinib,0
Tolbutamide,Lumacaftor,0
Vemurafenib,Amprenavir,0
Glyburide,Propranolol,1
Pitavastatin,Mirtazapine,0
Pimozide,Voriconazole,0
Caffeine,Terbinafine,0
Dasatinib,Simeprevir,0
Tolvaptan,Daunorubicin,0
Phenobarbital,Vemurafenib,0
Polythiazide,Oxprenolol,0
Tolvaptan,Testosterone,0
Nafamostat,Mestranol,0
Cabergoline,Bopindolol,0
Methylphenobarbital,Chlorthalidone,0
Lumefantrine,Olanzapine,1
Testosterone,Modafinil,0
Citalopram,Paroxetine,1
Amitriptyline,Duloxetine,1
Cyproterone acetate,Diclofenac,0
Ziprasidone,Abiraterone,0
Lapatinib,Dasatinib,0
Perampanel,Ceritinib,0
Hexobarbital,Fluoxetine,0
Primidone,Citalopram,0
Metolazone,Yohimbine,0
Acetylsalicylic acid,Dasatinib,1
Primidone,Cinacalcet,0
Vincristine,Ketoconazole,0
Bromocriptine,Saquinavir,0
Propofol,Cinacalcet,0
Glimepiride,Clotrimazole,0
Rosuvastatin,Caffeine,0
Rucaparib,Abiraterone,0
Dosulepin,Lopinavir,0
Colchicine,Fusidic acid,0
Enzalutamide,Phenoxybenzamine,0
Osimertinib,Duloxetine,0
Ledipasvir,Amitriptyline,0
Duloxetine,Cimetidine,0
Paliperidone,Propofol,1
Nevirapine,Phenytoin,0
Dihydroergotamine,Furazolidone,0
Rifampicin,Omeprazole,0
Acebutolol,Ambrisentan,0
Imatinib,Tipranavir,0
Tolbutamide,Indinavir,0
Clarithromycin,Ondansetron,1
Tizanidine,Doxylamine,1
Pindolol,Ritonavir,0
Nilotinib,Mirtazapine,1
Cisapride,Caffeine,0
Phenytoin,Ketoconazole,0
Yohimbine,Fosaprepitant,0
Dronedarone,Lithium cation,1
Ubidecarenone,Canagliflozin,0
Tranylcypromine,Valsartan,0
Mefloquine,Saquinavir,0
Vardenafil,Ranolazine,0
Sertraline,Gemfibrozil,0
Primidone,Felodipine,0
Phenprocoumon,Clomipramine,1
Topotecan,Trimethoprim,0
Teriflunomide,Anagrelide,0
Asenapine,Fusidic acid,0
Alprenolol,Panobinostat,0
Labetalol,Diclofenac,0
Minaprine,Eliglustat,0
Penbutolol,Zileuton,0
Etravirine,Crisaborole,0
Ticagrelor,Bortezomib,0
Rilpivirine,Nilvadipine,0
Quinidine,Bortezomib,1
Perphenazine,Delavirdine,0
Deferasirox,Voriconazole,0
Darifenacin,Delavirdine,0
Losartan,Clemastine,0
Verapamil,Valproic acid,0
Nefazodone,Enalaprilat,0
Zileuton,Bumetanide,0
Moclobemide,Darunavir,0
Nebivolol,Levodopa,0
Hydrocodone,Venlafaxine,0
Phenelzine,Bupranolol,0
Mitotane,Rifabutin,0
Imipramine,Modafinil,0
Phenobarbital,Voriconazole,0
Fosphenytoin,Doxylamine,1
Propofol,Rucaparib,0
Chloroquine,Protriptyline,1
Mesalazine,Furosemide,0
Mianserin,Fluvoxamine,0
Cyclophosphamide,Ceritinib,0
Conivaptan,Palbociclib,0
Tolazamide,Bopindolol,1
Omeprazole,Clemastine,0
Clomipramine,Ximelagatran,0
Metolazone,Sertraline,0
Nevirapine,Zafirlukast,0
Pentamidine,Ropinirole,0
Sunitinib,Tranylcypromine,1
Lidocaine,Pioglitazone,0
Sulfisoxazole,Mesalazine,1
Atomoxetine,Cinacalcet,0
Chloroquine,Droperidol,1
Mitotane,Imatinib,0
Saquinavir,Pantoprazole,0
Epinastine,Dasatinib,1
Pantoprazole,Erythromycin,0
Disopyramide,Canagliflozin,1
Selegiline,Leflunomide,0
Ticlopidine,Propafenone,0
Quinine,Trichlormethiazide,0
Benzphetamine,Amiodarone,0
Dextroamphetamine,Celecoxib,0
Cyclosporine,Enalapril,0
Lidocaine,Propranolol,0
Ledipasvir,Protriptyline,0
Dicoumarol,Phenytoin,1
Pentobarbital,Daunorubicin,0
Mexiletine,Methotrimeprazine,0
Phenytoin,Cyclosporine,0
Lumacaftor,Benzphetamine,0
Primaquine,Hydroxyzine,1
Dabrafenib,Saxagliptin,0
Treprostinil,Manidipine,0
Cyclobenzaprine,Lovastatin,0
Fingolimod,Indinavir,0
Deferasirox,Quazepam,0
Pseudoephedrine,Darunavir,0
Nilotinib,Lapatinib,1
Pravastatin,Norfloxacin,0
Quinethazone,Fluoxetine,0
Artemether,Paroxetine,1
Rifampicin,Cocaine,0
Thioridazine,Tamoxifen,0
Cyclosporine,Doxycycline,0
Levomilnacipran,Idelalisib,0
Darifenacin,Voriconazole,0
Bisoprolol,Diphenhydramine,0
Thioridazine,Rabeprazole,0
Fluvastatin,Methotrimeprazine,0
Sertraline,Vemurafenib,0
Atazanavir,Fesoterodine,0
Dorzolamide,Macitentan,0
Saquinavir,Ondansetron,1
Hydrocodone,Guanfacine,1
Indinavir,Iloperidone,0
Lumiracoxib,Fluoxetine,0
Quetiapine,Quinidine,0
Sulfisoxazole,Mifepristone,1
Progesterone,Eliglustat,0
Pentobarbital,Manidipine,0
Phenytoin,Nitrendipine,0
Cyclosporine,Enalaprilat,0
Modafinil,Clarithromycin,0
Olopatadine,Iloprost,0
Clonidine,Lopinavir,0
Diltiazem,Tibolone,0
Perphenazine,Primaquine,0
Rilpivirine,Telithromycin,0
Tolterodine,Tipranavir,0
Repaglinide,Stiripentol,0
Quazepam,Atomoxetine,0
Thioridazine,Sunitinib,1
Carbamazepine,Nefazodone,0
Enzalutamide,Sevoflurane,0
Rifampicin,Bupropion,0
Paliperidone,Atazanavir,1
Loratadine,Mifepristone,0
Phenindione,Tamoxifen,1
Darunavir,Clemastine,0
Mitotane,Vardenafil,0
Tofacitinib,Diltiazem,1
Alfuzosin,Apixaban,0
Propofol,Boceprevir,0
Treprostinil,Gemfibrozil,0
Isradipine,Ticlopidine,0
Terbinafine,Crisaborole,0
Zileuton,Crizotinib,0
Sertraline,Boceprevir,0
Quinine,Gemifloxacin,1
Pentobarbital,Erythromycin,0
Disopyramide,Osimertinib,0
Sulfamethoxazole,Telithromycin,0
Orphenadrine,Carbamazepine,1
Metoprolol,Panobinostat,0
Argatroban,Tibolone,1
Lithium cation,Tapentadol,1
Aripiprazole,Hydroxyzine,1
Quinine,Cyclosporine,0
Bosentan,Estrone,0
Pargyline,Methylphenidate,0
Carteolol,Azelastine,0
Ciprofloxacin,Aripiprazole,1
Phenobarbital,Olaparib,0
Cyclosporine,Lopinavir,0
Salicylic acid,Abiraterone,0
Indomethacin,Fluorouracil,0
Amphetamine,Prochlorperazine,0
Carteolol,Mycophenolate mofetil,0
Disopyramide,Metipranolol,1
Rasagiline,Mexiletine,0
Amitriptyline,Manidipine,0
Yohimbine,Ropinirole,0
Daunorubicin,Celecoxib,0
Idarubicin,Atomoxetine,0
Propranolol,Olaparib,0
Metoprolol,Verapamil,0
Olanzapine,Lorcaserin,0
Yohimbine,Fluconazole,0
Deferasirox,Guanfacine,0
Clopidogrel,Fluvastatin,0
Vincristine,Sertraline,0
Balsalazide,Salicylic acid,1
Rifampicin,Estrone sulfate,0
Ixazomib,Felodipine,0
Erythromycin,Quazepam,0
Rifapentine,Cilostazol,0
Sildenafil,Rivaroxaban,0
Asenapine,Rotigotine,0
Lidocaine,Ticagrelor,0
Moclobemide,Panobinostat,0
Nilvadipine,Crizotinib,0
Indinavir,Delavirdine,0
Yohimbine,Buspirone,0
Tacrolimus,Posaconazole,0
Anagrelide,Dronedarone,1
Esomeprazole,Isoniazid,0
Edoxaban,Selegiline,0
Macitentan,Ziprasidone,0
Dronabinol,Nilotinib,0
Metamfetamine,Indinavir,0
Mycophenolate mofetil,Lumacaftor,0
Sevoflurane,Boceprevir,0
Zolpidem,Methylphenobarbital,1
Diltiazem,Cobicistat,0
Secobarbital,Nortriptyline,0
Zuclopenthixol,Abiraterone,0
Sulfamethoxazole,Alogliptin,1
Rotigotine,Olaparib,0
Enalaprilat,Macitentan,0
Mitotane,Bupropion,0
Hexobarbital,Aminophylline,0
Estradiol,Tranylcypromine,0
Escitalopram,Atomoxetine,1
Perampanel,Dronedarone,0
Donepezil,Aprepitant,0
Fosphenytoin,Pioglitazone,0
Olsalazine,Iloprost,0
Pindolol,Balsalazide,0
Dabrafenib,Thalidomide,0
Labetalol,Rolapitant,0
Celecoxib,Chlorthalidone,0
Levomilnacipran,Pantoprazole,0
Betaxolol,Mycophenolate mofetil,0
Artemether,Clopidogrel,0
Bisoprolol,Rolapitant,0
Tramadol,Phenelzine,0
Fluvastatin,Bromocriptine,0
Pseudoephedrine,Clomipramine,0
Propofol,Fluorouracil,0
Cyclobenzaprine,Metyrosine,0
Tolazamide,Rosiglitazone,1
Bortezomib,Fusidic acid,0
Diclofenac,Venlafaxine,0
Methylphenobarbital,Tapentadol,1
Ketoconazole,Palbociclib,0
Amobarbital,Brimonidine,1
Ethanol,Nilotinib,0
Verapamil,Netupitant,0
Dofetilide,Eliglustat,1
Amitriptyline,Gemfibrozil,0
Iloperidone,Dolasetron,1
Cyclobenzaprine,Dosulepin,0
Bromocriptine,Dasatinib,0
Repaglinide,Topiroxostat,0
Buprenorphine,Netupitant,0
Zafirlukast,Sildenafil,0
Aripiprazole,Terbinafine,0
Salicylic acid,Indapamide,0
Amprenavir,Methotrimeprazine,0
Selexipag,Indinavir,0
Conivaptan,Carbamazepine,0
Hydrocodone,Nelfinavir,0
Ceritinib,Fesoterodine,0
Formoterol,Tolbutamide,0
Antipyrine,Diltiazem,0
Methylphenidate,Nevirapine,0
Donepezil,Chloroquine,0
Sulfamethoxazole,Pargyline,1
Paraldehyde,Secobarbital,1
Pimozide,Rotigotine,0
Guanfacine,Idelalisib,0
Phenytoin,Celiprolol,0
Lumiracoxib,Bendroflumethiazide,0
Pentobarbital,Chloroquine,0
Midostaurin,Lovastatin,0
Darunavir,Methadone,0
Amphetamine,Riociguat,0
Perampanel,Ketoconazole,0
Ledipasvir,Dronedarone,0
Tolterodine,Isavuconazonium,0
Pirlindole,Nadolol,0
Ondansetron,Sulfadiazine,0
Phenobarbital,Bepridil,0
Quetiapine,Primaquine,1
Tofacitinib,Citalopram,0
Propranolol,Fluvoxamine,0
Sitagliptin,Voriconazole,0
Simvastatin,Quinine,0
Fluvoxamine,Lobeglitazone,0
Carvedilol,Fluoxetine,0
Tamsulosin,Fluvoxamine,0
Carbamazepine,Quinidine,0
Aripiprazole,Bumetanide,0
Carbamazepine,Alfuzosin,0
Tolvaptan,Nefazodone,0
Betaxolol,Ziprasidone,0
Zileuton,Voriconazole,0
Amitriptyline,Amprenavir,0
Pravastatin,Progesterone,0
Primidone,Sertraline,0
Ethinylestradiol,Ketoconazole,0
Pentamidine,Ivacaftor,0
Suvorexant,Clotrimazole,0
Chloroquine,Etacrynic acid,0
Ziprasidone,Pramipexole,0
Bisoprolol,Acetyldigitoxin,1
Paraldehyde,Minocycline,1
Benzphetamine,Erythromycin,0
Propranolol,Ambrisentan,0
Cilostazol,Fluvastatin,0
Telithromycin,Clotrimazole,0
Carbamazepine,Tamsulosin,0
Efavirenz,Diltiazem,0
Apixaban,Mesalazine,1
Asenapine,Sildenafil,0
Bisoprolol,Doxazosin,0
Ondansetron,Ticagrelor,0
Treprostinil,Bupranolol,0
Mirtazapine,Thiamylal,1
Simvastatin,Fluconazole,0
Deferasirox,Celiprolol,0
Prucalopride,Cyclophosphamide,0
Tolazamide,Carteolol,1
Phenelzine,Carvedilol,0
Fosphenytoin,Ritonavir,0
Torasemide,Sulfadiazine,0
Antipyrine,Hydroflumethiazide,0
Nelfinavir,Atomoxetine,0
Pitavastatin,Clarithromycin,0
Rifabutin,Enalapril,0
Topotecan,Caffeine,0
Etoricoxib,Betaxolol,0
Quetiapine,Nilotinib,0
Brimonidine,Esmolol,1
Isradipine,Levodopa,0
Cocaine,Ropinirole,0
Mianserin,Mexiletine,0
Sevoflurane,Atomoxetine,0
Cyclosporine,Saxagliptin,0
Pseudoephedrine,Amiodarone,0
Chlorpromazine,Palbociclib,0
Tacrolimus,Aprepitant,0
Iloperidone,Magnesium sulfate,1
Rivaroxaban,Edoxaban,1
Clonidine,Bisoprolol,1
Phenindione,Chloroquine,1
Trichlormethiazide,Oxprenolol,0
Theophylline,Riociguat,0
Artemether,Darunavir,0
Edoxaban,Loratadine,0
Testosterone,Nefazodone,0
Mianserin,Ketoconazole,0
Aprepitant,Sulfisoxazole,0
Paroxetine,Terbinafine,0
Imipramine,Esomeprazole,0
Digoxin,Parecoxib,0
Theophylline,Sildenafil,0
Bumetanide,Sitagliptin,0
Fluvastatin,Chlorpromazine,0
Zolpidem,Sodium oxybate,1
Dronedarone,Dosulepin,0
Phenobarbital,Silodosin,0
Deslanoside,Amiodarone,0
Colchicine,Protriptyline,0
Alfuzosin,Metipranolol,0
Atenolol,Fingolimod,1
Progesterone,Quinine,0
Fluvoxamine,Tapentadol,1
Azithromycin,Mirtazapine,1
Carvedilol,Mycophenolate mofetil,0
Tolbutamide,Cyclosporine,0
Terbinafine,Telithromycin,0
Etoricoxib,Fluconazole,0
Tamoxifen,Tipranavir,0
Olaparib,Sildenafil,0
Seratrodast,Darunavir,0
Celiprolol,Riociguat,0
Mitotane,Phenytoin,0
Rifampicin,Salicylic acid,0
Cisapride,Nicardipine,1
Sulfadiazine,Abiraterone,0
Artemether,Ticlopidine,0
Estrone,Lopinavir,0
Cyclosporine,Ziprasidone,0
Epinastine,Ritonavir,0
Suvorexant,Fosphenytoin,1
Pargyline,Phenoxybenzamine,0
Mirtazapine,Fluconazole,0
Metoprolol,Aripiprazole,0
Dorzolamide,Lobeglitazone,0
Timolol,Tibolone,0
Sildenafil,Idelalisib,0
Perphenazine,Propranolol,0
Progesterone,Nicardipine,0
Pindolol,Lumefantrine,0
Cyclosporine,Testosterone,1
Rosuvastatin,Ziprasidone,0
Rilpivirine,Valproic acid,0
Rucaparib,Dronedarone,0
Cisapride,Telaprevir,0
Etoricoxib,Desipramine,0
Carbamazepine,Diclofenac,0
Moclobemide,Hydrochlorothiazide,0
Dronabinol,Sorafenib,0
Fluvastatin,Ticagrelor,0
Nortriptyline,Cocaine,0
Lumacaftor,Erythromycin,0
Eliglustat,Tramadol,0
Fluvastatin,Bortezomib,0
Chlorpromazine,Lumefantrine,0
Nicotine,Verapamil,0
Escitalopram,Terbinafine,0
Dolasetron,Betaxolol,0
Perphenazine,Pindolol,0
Primidone,Ziprasidone,0
Trimipramine,Rucaparib,0
Ixazomib,Mexiletine,0
Tamsulosin,Darifenacin,0
Posaconazole,Atomoxetine,0
Lorcaserin,Rolapitant,0
Methadone,Sertraline,0
Cinacalcet,Telithromycin,0
Estrone,Imatinib,0
Prucalopride,Daunorubicin,0
Dofetilide,Doxepin,1
Metoprolol,Gemfibrozil,0
Protriptyline,Ximelagatran,0
Seratrodast,Felodipine,0
Phenytoin,Sevoflurane,0
Carbamazepine,Seratrodast,0
Clomipramine,Ceritinib,0
Amphetamine,Dronedarone,0
Methylene blue,Nicorandil,0
Fosphenytoin,Zucapsaicin,0
Sotalol,Sulfisoxazole,1
Tolterodine,Fluconazole,0
Timolol,Olopatadine,0
Repaglinide,Clarithromycin,0
Theophylline,Vemurafenib,0
Rifaximin,Ergotamine,0
Rasagiline,Atenolol,0
Nortriptyline,Isoniazid,0
Rifampicin,Eliglustat,0
Mirabegron,Boceprevir,0
Venlafaxine,Crisaborole,0
Asenapine,Telithromycin,0
Fluorouracil,Lobeglitazone,0
Disopyramide,Labetalol,1
Levomilnacipran,Pseudoephedrine,0
Ethanol,Fluconazole,0
Captopril,Ambrisentan,0
Mitotane,Eliglustat,0
Phenindione,Doxycycline,1
Perphenazine,Ropinirole,0
Teriflunomide,Zolpidem,0
Quinine,Balsalazide,1
Sotalol,Levofloxacin,1
Phenindione,Omeprazole,0
Desvenlafaxine,Buspirone,1
Donepezil,Valsartan,0
Aripiprazole,Atenolol,0
Hydrocodone,Prochlorperazine,1
Rosiglitazone,Epoprostenol,1
Quinidine,Topiroxostat,0
Rifampicin,Primaquine,0
Hexobarbital,Aliskiren,0
Olaparib,Bortezomib,0
Levomilnacipran,Trimethoprim,0
Dabrafenib,Perampanel,0
Phenprocoumon,Gemfibrozil,1
Dofetilide,Lovastatin,0
Phenobarbital,Sevoflurane,0
Verapamil,Darunavir,0
Quetiapine,Moexipril,1
Carvedilol,Primaquine,0
Pazopanib,Protriptyline,0
Arformoterol,Ritonavir,0
Labetalol,Lorcaserin,0
Deferasirox,Phenprocoumon,0
Caffeine,Dosulepin,0
Valsartan,Fluconazole,0
Clonidine,Fluconazole,0
Everolimus,Carvedilol,0
Clonidine,Bortezomib,0
Clobazam,Clemastine,0
Doxepin,Isoniazid,0
Methotrimeprazine,Doxylamine,1
Lumiracoxib,Zafirlukast,0
Saquinavir,Rosiglitazone,0
Nicotine,Lumefantrine,0
Orphenadrine,Ceritinib,0
Levodopa,Cocaine,0
Prucalopride,Enzalutamide,0
Primidone,Alogliptin,0
Lidocaine,Cimetidine,0
Dicoumarol,Nafamostat,1
Alfuzosin,Fluconazole,0
Amoxapine,Pirlindole,1
Phenobarbital,Rotigotine,0
Seratrodast,Levofloxacin,0
Celiprolol,Lovastatin,0
Saxagliptin,Ivacaftor,0
Levomilnacipran,Pargyline,1
Rifabutin,Mianserin,0
Paliperidone,Sertraline,1
Rabeprazole,Mesalazine,0
Enzalutamide,Clobazam,0
Erythromycin,Formoterol,1
Bosentan,Timolol,0
Apixaban,Posaconazole,0
Aripiprazole,Sildenafil,0
Deferasirox,Estrone sulfate,0
Selegiline,Bupranolol,0
Sulfisoxazole,Risperidone,1
Bupropion,Fusidic acid,0
Ubidecarenone,Sitagliptin,0
Dofetilide,Delavirdine,0
Duloxetine,Lumefantrine,0
Sulfamethoxazole,Netupitant,0
Bortezomib,Clemastine,0
Clomipramine,Dabigatran etexilate,0
Progesterone,Phenprocoumon,0
Fosphenytoin,Valsartan,0
Levodopa,Metyrosine,0
Bosentan,Nicotine,0
Mirabegron,Terbinafine,0
Anagrelide,Itraconazole,1
Enzalutamide,Fluvoxamine,0
Nefazodone,Isavuconazonium,0
Progesterone,Citalopram,0
Bosentan,Aripiprazole,0
Sevoflurane,Ketoconazole,0
Rifaximin,Phenobarbital,0
Hexobarbital,Phenelzine,0
Protriptyline,Argatroban,0
Secobarbital,Trimipramine,0
Iloperidone,Abiraterone,0
Parecoxib,Valproic acid,0
Carvedilol,Rucaparib,0
Indomethacin,Nicardipine,0
Mirabegron,Bortezomib,0
Oxprenolol,Sodium oxybate,1
Amphetamine,Nitrendipine,0
Dosulepin,Rivaroxaban,0
Mesalazine,Seratrodast,1
Haloperidol,Imipramine,1
Dasatinib,Ketoconazole,0
Buprenorphine,Fosaprepitant,0
Phenytoin,Rilpivirine,0
Alprenolol,Rucaparib,0
Mianserin,Isavuconazonium,0
Conivaptan,Felodipine,0
Mirtazapine,Thioridazine,1
Ubidecarenone,Voriconazole,0
Asenapine,Pramipexole,0
Lapatinib,Abiraterone,0
Nevirapine,Etoricoxib,0
Dabrafenib,Ranolazine,0
Cyproterone acetate,Glyburide,0
Alogliptin,Amiodarone,0
Labetalol,Methotrimeprazine,0
Nortriptyline,Tolbutamide,0
Dofetilide,Tolterodine,1
Etravirine,Fluoxetine,0
Paroxetine,Isoniazid,0
Dicoumarol,Tipranavir,1
Rotigotine,Panobinostat,0
Lidocaine,Minocycline,1
Carbamazepine,Ondansetron,0
Clozapine,Droperidol,1
Nicotine,Irbesartan,0
Rucaparib,Dasatinib,0
Simvastatin,Sertraline,0
Yohimbine,Simeprevir,0
Citalopram,Rolapitant,0
Dabrafenib,Parecoxib,0
Diclofenac,Nelfinavir,0
Dextroamphetamine,Darifenacin,0
Bendroflumethiazide,Pioglitazone,0
Protriptyline,Ketoconazole,0
Vemurafenib,Paliperidone,1
Paraldehyde,Clonidine,1
Ibrutinib,Lovastatin,0
Asenapine,Droperidol,1
Everolimus,Ivacaftor,0
Timolol,Lercanidipine,0
Deferasirox,Nelfinavir,0
Ziprasidone,Saquinavir,0
Glyburide,Timolol,1
Bosentan,Mirabegron,0
Cyproterone acetate,Propofol,0
Warfarin,Ziprasidone,0
Fluvastatin,Diphenhydramine,0
Silodosin,Palbociclib,0
Methotrimeprazine,Celecoxib,0
Pioglitazone,Crisaborole,0
Quazepam,Ranolazine,0
Ropinirole,Saquinavir,0
Pazopanib,Indomethacin,0
Efavirenz,Fusidic acid,0
Dronedarone,Celiprolol,1
Antipyrine,Crizotinib,0
Prucalopride,Trimipramine,0
Torasemide,Treprostinil,0
Mitotane,Celiprolol,0
Dabrafenib,Fosphenytoin,0
Glyburide,Tolazamide,1
Ambrisentan,Idelalisib,0
Olopatadine,Erythromycin,0
Rifampicin,Saxagliptin,0
Celiprolol,Teriflunomide,0
Rasagiline,Fluvoxamine,0
Doxepin,Enalapril,0
Bosentan,Cholecalciferol,0
Seratrodast,Ticagrelor,0
Alprenolol,Cholecalciferol,0
Secobarbital,Trichlormethiazide,0
Clozapine,Ziprasidone,0
Iloperidone,Vardenafil,1
Pazopanib,Canagliflozin,0
Sertraline,Caffeine,0
Tipranavir,Pantoprazole,0
Ivacaftor,Dabigatran etexilate,0
Dorzolamide,Nicardipine,0
Itraconazole,Fluconazole,0
Celiprolol,Fluoxetine,0
Rilpivirine,Zafirlukast,0
Yohimbine,Ceritinib,0
Glipizide,Fluoxetine,1
Nefazodone,Luliconazole,0
Paliperidone,Nilotinib,1
Tamoxifen,Posaconazole,0
Mirtazapine,Edoxaban,0
Pimozide,Telithromycin,0
Tramadol,Droperidol,1
Fesoterodine,Fosaprepitant,0
Rucaparib,Vemurafenib,0
Mycophenolate mofetil,Dihydroergotamine,0
Parecoxib,Escitalopram,0
Acenocoumarol,Sulfisoxazole,0
Penbutolol,Nilvadipine,0
Primidone,Azithromycin,0
Cilostazol,Metoprolol,0
Hexobarbital,Cimetidine,0
Teriflunomide,Estrone sulfate,0
Loratadine,Aripiprazole,0
Suvorexant,Zuclopenthixol,1
Valproic acid,Stiripentol,0
Olanzapine,Dosulepin,0
Felodipine,Isavuconazonium,0
Pravastatin,Bortezomib,0
Bosutinib,Pimozide,0
Cabergoline,Lovastatin,0
Lorcaserin,Clobazam,0
Vardenafil,Bisoprolol,0
Phenindione,Salicylic acid,1
Apixaban,Atazanavir,0
Nitrendipine,Idelalisib,0
Warfarin,Pantoprazole,0
Mianserin,Itraconazole,0
Escitalopram,Posaconazole,0
Olsalazine,Deslanoside,0
Ibrutinib,Simvastatin,0
Toremifene,Sulfamethoxazole,1
Lercanidipine,Trichlormethiazide,0
Quazepam,Cobicistat,0
Colchicine,Amprenavir,0
Diclofenac,Stiripentol,0
Pimozide,Lumefantrine,1
Progesterone,Saquinavir,0
Glyburide,Alogliptin,1
Mexiletine,Fluvoxamine,0
Toloxatone,Manidipine,0
Clonidine,Imipramine,0
Minaprine,Citalopram,0
Ergotamine,Ondansetron,1
Chlorpromazine,Mirabegron,1
Losartan,Lobeglitazone,0
Conivaptan,Boceprevir,0
Celiprolol,Palbociclib,0
Boceprevir,Delavirdine,0
Acenocoumarol,Caffeine,0
Bosutinib,Palbociclib,0
Nicardipine,Telithromycin,0
Bisoprolol,Oxprenolol,0
Trimipramine,Panobinostat,0
Cholecalciferol,Cobicistat,0
Olsalazine,Acetyldigitoxin,0
Alogliptin,Delavirdine,0
Etravirine,Moclobemide,0
Propofol,Telaprevir,0
Alogliptin,Posaconazole,0
Valsartan,Sulfadiazine,0
Pentobarbital,Sotalol,0
Ranolazine,Clemastine,0
Rifapentine,Ibrutinib,0
Levofloxacin,Mefloquine,1
Etoricoxib,Ropinirole,0
Celecoxib,Voriconazole,0
Alogliptin,Cocaine,0
Doxorubicin,Isoniazid,0
Ritonavir,Mifepristone,1
Rifabutin,Thiopental,0
Hydrocodone,Osimertinib,0
Rifampicin,Methylphenobarbital,0
Zileuton,Methyclothiazide,0
Carbamazepine,Sevoflurane,0
Gemifloxacin,Mefloquine,1
Dasatinib,Promethazine,0
Riociguat,Celecoxib,0
Amphetamine,Phenoxybenzamine,0
Tamoxifen,Fluoxetine,0
Rotigotine,Doxycycline,0
Sulfisoxazole,Azithromycin,1
Terbinafine,Lumacaftor,0
Ixazomib,Esomeprazole,0
Deferasirox,Hydrocodone,0
Zileuton,Fluvastatin,0
Thiopental,Rotigotine,0
Valsartan,Macitentan,0
Nicotine,Methadone,0
Imatinib,Deslanoside,0
Primaquine,Dolasetron,1
Rolapitant,Propafenone,0
Caffeine,Telithromycin,0
Galantamine,Cyclosporine,0
Etoricoxib,Nefazodone,0
Primaquine,Zucapsaicin,0
Iloperidone,Protriptyline,1
Cyclobenzaprine,Ixazomib,0
Cilostazol,Midostaurin,0
Meloxicam,Indinavir,0
Granisetron,Cimetidine,0
Repaglinide,Celecoxib,0
Carvedilol,Azithromycin,0
Celiprolol,Etoricoxib,0
Gliclazide,Quinine,1
Propafenone,Crizotinib,0
Osimertinib,Ceritinib,0
Vincristine,Ziprasidone,0
Sitagliptin,Vemurafenib,0
Enalapril,Imatinib,0
Rifaximin,Tamoxifen,0
Ibrutinib,Nilotinib,0
Gliclazide,Dosulepin,0
Etoricoxib,Diltiazem,0
Eliglustat,Paroxetine,0
Propranolol,Nafamostat,0
Vemurafenib,Bisoprolol,0
Thioridazine,Sulfamethoxazole,1
Acetylsalicylic acid,Verapamil,1
Nortriptyline,Amprenavir,0
Stiripentol,Brimonidine,1
Quinidine,Sorafenib,1
Silodosin,Simvastatin,0
Phenprocoumon,Felodipine,0
Sevoflurane,Saquinavir,0
Losartan,Sulfisoxazole,0
Pindolol,Terbinafine,0
Fosphenytoin,Primaquine,0
Alogliptin,Estrone sulfate,0
Clopidogrel,Lopinavir,0
Anagrelide,Atazanavir,1
Rosiglitazone,Anagrelide,1
Azelastine,Rolapitant,0
Dronedarone,Amoxapine,1
Donepezil,Propranolol,1
Olopatadine,Chlorthalidone,0
Apixaban,Rosiglitazone,1
Phenytoin,Voriconazole,0
Methadone,Sevoflurane,1
Artemether,Bupropion,0
Warfarin,Chlorpropamide,1
Fosphenytoin,Rosiglitazone,0
Caffeine,Diltiazem,0
Nitrendipine,Isradipine,0
Fluoxetine,Delavirdine,0
Cabergoline,Simeprevir,0
Abiraterone,Crizotinib,0
Toremifene,Ivacaftor,0
Doxepin,Vemurafenib,0
Thiopental,Isradipine,0
Quinidine,Diltiazem,0
Efavirenz,Osimertinib,0
Doxepin,Fusidic acid,0
Valproic acid,Magnesium sulfate,1
Metamfetamine,Doxepin,0
Guanfacine,Hydroxyzine,1
Voriconazole,Topiroxostat,0
Domperidone,Formoterol,1
Indapamide,Fluconazole,0
Methylene blue,Atomoxetine,1
Dihydroergotamine,Trimipramine,0
Lopinavir,Norfloxacin,1
Salicylic acid,Cholecalciferol,0
Carteolol,Salicylic acid,0
Phenytoin,Chlorpromazine,0
Tofacitinib,Labetalol,1
Cilostazol,Rolapitant,0
Disopyramide,Diphenhydramine,1
Treprostinil,Riociguat,0
Saquinavir,Stiripentol,0
Moclobemide,Dorzolamide,0
Crizotinib,Ouabain,0
Tranylcypromine,Ondansetron,1
Lidocaine,Clarithromycin,0
Doxorubicin,Pantoprazole,0
Olaparib,Amiodarone,0
Theophylline,Cyclosporine,0
Sotalol,Indapamide,1
Ixazomib,Haloperidol,0
Tolazamide,Furazolidone,1
Mitotane,Rotigotine,0
Conivaptan,Carvedilol,0
Cinacalcet,Mifepristone,0
Epinastine,Nilotinib,0
Clozapine,Vardenafil,1
Hydrocodone,Luliconazole,0
Saquinavir,Granisetron,1
Efavirenz,Pramipexole,0
Nortriptyline,Lidocaine,0
Vincristine,Paroxetine,0
Phenytoin,Rotigotine,0
Tolbutamide,Cimetidine,0
Dronabinol,Losartan,0
Dosulepin,Levomilnacipran,0
Amitriptyline,Amiodarone,0
Rolapitant,Atomoxetine,0
Clonidine,Ketoconazole,0
Brimonidine,Metipranolol,0
Captopril,Manidipine,0
Tolterodine,Ticlopidine,0
Gemifloxacin,Tamoxifen,1
Rifapentine,Acetylsalicylic acid,0
Nadolol,Parecoxib,0
Quinine,Sevoflurane,1
Nicotine,Isradipine,0
Ondansetron,Quinine,0
Quazepam,Manidipine,0
Alprenolol,Haloperidol,0
Olsalazine,Verapamil,1
Olanzapine,Furazolidone,1
Rucaparib,Ouabain,0
Nevirapine,Perampanel,0
Rifaximin,Amobarbital,0
Lithium cation,Hydroxyzine,1
Efavirenz,Imatinib,0
Glipizide,Atazanavir,0
Nortriptyline,Fusidic acid,0
Zuclopenthixol,Conivaptan,0
Aminophylline,Rucaparib,0
Escitalopram,Levofloxacin,1
Trimipramine,Ivacaftor,0
Gliclazide,Metipranolol,1
Ondansetron,Aripiprazole,1
Nefazodone,Lopinavir,0
Lumacaftor,Donepezil,0
Fosphenytoin,Sulfamethoxazole,0
Pitavastatin,Sertraline,0
Propafenone,Fesoterodine,0
Perampanel,Itraconazole,0
Escitalopram,Tipranavir,0
Ticagrelor,Dihydroergotamine,0
Pindolol,Celiprolol,0
Asenapine,Lapatinib,1
Phenelzine,Risperidone,0
Primidone,Trichlormethiazide,0
Rifabutin,Doxorubicin,0
Deferasirox,Lumefantrine,0
Indomethacin,Esomeprazole,0
Pentobarbital,Rilpivirine,0
Primaquine,Pentamidine,1
Antipyrine,Nicotine,0
Rifabutin,Zuclopenthixol,0
Etravirine,Delavirdine,0
Lumiracoxib,Furosemide,0
Azelastine,Duloxetine,0
Fluvastatin,Quinine,0
Protriptyline,Perampanel,1
Diclofenac,Telaprevir,0
Amobarbital,Perampanel,1
Fluvastatin,Cabergoline,0
Glipizide,Nateglinide,1
Labetalol,Nitrendipine,0
Bosutinib,Fluconazole,0
Nevirapine,Fluvoxamine,0
Progesterone,Sulfamethoxazole,0
Alogliptin,Rasagiline,1
Aminophylline,Clarithromycin,0
Carvedilol,Etoricoxib,0
Lorcaserin,Indinavir,0
Fluvastatin,Vincristine,0
Teriflunomide,Hydrochlorothiazide,0
Pimozide,Alfuzosin,1
Teriflunomide,Norfloxacin,0
Ethanol,Ivacaftor,0
Toremifene,Crizotinib,0
Indinavir,Afatinib,0
Teriflunomide,Lumiracoxib,0
Antipyrine,Lovastatin,0
Ziprasidone,Nabilone,1
Pirlindole,Betaxolol,0
Repaglinide,Levofloxacin,1
Levomilnacipran,Fluvoxamine,0
Deferasirox,Telithromycin,0
Domperidone,Arformoterol,1
Enzalutamide,Theophylline,0
Apixaban,Idelalisib,0
Buspirone,Netupitant,0
Clobazam,Magnesium sulfate,1
Lumacaftor,Clonidine,0
Fosphenytoin,Conivaptan,0
Idarubicin,Rolapitant,0
Diphenhydramine,Sodium oxybate,1
Sorafenib,Netupitant,0
Ambrisentan,Simeprevir,0
Dolasetron,Cimetidine,0
Riociguat,Rucaparib,0
Carteolol,Lorcaserin,0
Losartan,Fosaprepitant,0
Ledipasvir,Sunitinib,0
Fluvastatin,Clarithromycin,0
Edoxaban,Mesalazine,1
Atazanavir,Irbesartan,0
Zuclopenthixol,Paroxetine,1
Methotrimeprazine,Valproic acid,1
Parecoxib,Simeprevir,0
Dextroamphetamine,Betaxolol,0
Pravastatin,Quinine,0
Lovastatin,Lopinavir,0
Apixaban,Olsalazine,1
Acenocoumarol,Crizotinib,0
Brimonidine,Selexipag,0
Ixazomib,Metoprolol,0
Methohexital,Betaxolol,0
Ledipasvir,Canagliflozin,0
Glimepiride,Testosterone,1
Mirabegron,Clarithromycin,0
Sevoflurane,Nelfinavir,0
Rifapentine,Orphenadrine,0
Rucaparib,Dosulepin,0
Metolazone,Nitrendipine,0
Nafamostat,Mycophenolate mofetil,1
Galantamine,Nelfinavir,0
Domperidone,Midostaurin,0
Deferasirox,Clozapine,0
Lorcaserin,Clopidogrel,0
Hydroflumethiazide,Dorzolamide,0
Artemether,Idelalisib,0
Dabrafenib,Glyburide,0
Testosterone,Nelfinavir,0
Rolapitant,Ticlopidine,0
Rifaximin,Pimozide,0
Fluorouracil,Deferasirox,0
Edoxaban,Cilostazol,1
Tramadol,Minaprine,0
Darifenacin,Luliconazole,0
Risperidone,Atazanavir,0
Mycophenolate mofetil,Amiodarone,0
Nicotine,Eliglustat,0
Repaglinide,Teriflunomide,0
Tipranavir,Cinacalcet,0
Cholecalciferol,Tramadol,0
Vemurafenib,Darifenacin,0
Pentobarbital,Tapentadol,1
Nelfinavir,Doxycycline,0
Diclofenac,Bumetanide,0
Dicoumarol,Indomethacin,1
Lumiracoxib,Luliconazole,0
Prucalopride,Chlorpromazine,0
Ropinirole,Estradiol,0
Vemurafenib,Everolimus,0
Acetyldigitoxin,Erythromycin,0
Gliclazide,Venlafaxine,1
Iloperidone,Fusidic acid,0
Fluvastatin,Erythromycin,0
Zolpidem,Nabilone,1
Ibuprofen,Trichlormethiazide,0
Clobazam,Pantoprazole,0
Cyclobenzaprine,Minocycline,1
Nevirapine,Omeprazole,0
Rifabutin,Rucaparib,0
Apixaban,Modafinil,0
Dosulepin,Moexipril,0
Aminophylline,Dronedarone,0
Furosemide,Pioglitazone,0
Trimethoprim,Abiraterone,0
Bromocriptine,Balsalazide,1
Valproic acid,Abiraterone,0
Methyclothiazide,Glyburide,0
Rosiglitazone,Norfloxacin,1
Minaprine,Orphenadrine,0
Nicotine,Artemether,0
Ibrutinib,Midostaurin,0
Phenytoin,Macitentan,0
Clonidine,Chloroquine,0
Vincristine,Atomoxetine,0
Deferasirox,Zileuton,0
Rosuvastatin,Lovastatin,0
Cobicistat,Ketoconazole,0
Primaquine,Theophylline,0
Dolasetron,Valproic acid,0
Losartan,Aprepitant,0
Perphenazine,Zafirlukast,0
Mitotane,Nevirapine,0
Fosamprenavir,Fluconazole,0
Lorcaserin,Zucapsaicin,0
Polythiazide,Levomilnacipran,0
Bepridil,Metyrosine,0
Toremifene,Asenapine,1
Gliclazide,Citalopram,0
Fosphenytoin,Fluconazole,0
Digoxin,Sotalol,1
Fluoxetine,Ticagrelor,0
Propafenone,Cimetidine,0
Ergotamine,Clarithromycin,0
Indomethacin,Ticlopidine,0
Pindolol,Levodopa,0
Thioridazine,Rilpivirine,1
Sotalol,Alfuzosin,1
Haloperidol,Indapamide,1
Macitentan,Simeprevir,0
Artemether,Clomipramine,1
Paraldehyde,Clobazam,1
Pimozide,Pramipexole,0
Meloxicam,Midostaurin,0
Imipramine,Delavirdine,0
Sulfisoxazole,Isradipine,1
Cabergoline,Isavuconazonium,0
Cilostazol,Rilpivirine,0
Sotalol,Venlafaxine,1
Posaconazole,Palbociclib,0
Pindolol,Tranylcypromine,0
Ibuprofen,Rucaparib,0
Chlorpropamide,Rasagiline,1
Apixaban,Fluoxetine,0
Pindolol,Clotrimazole,0
Quinidine,Erythromycin,1
Darunavir,Sulfisoxazole,0
Lorcaserin,Darunavir,0
Methadone,Brimonidine,1
Bepridil,Bupranolol,0
Esomeprazole,Osimertinib,0
Quetiapine,Haloperidol,0
Prochlorperazine,Droperidol,1
Naloxegol,Doxorubicin,0
Fosphenytoin,Toremifene,0
Sotalol,Propafenone,0
Cilostazol,Etravirine,0
Rivaroxaban,Saquinavir,0
Eliglustat,Promazine,0
Pitavastatin,Irbesartan,0
Acenocoumarol,Protriptyline,1
Clozapine,Rotigotine,0
Nicardipine,Fluvoxamine,0
Teriflunomide,Betaxolol,0
Zolpidem,Pregabalin,1
Quinidine,Lopinavir,1
Atenolol,Vemurafenib,0
Carbamazepine,Glipizide,0
Pseudoephedrine,Ticlopidine,0
Rifaximin,Atazanavir,0
Citalopram,Cyclosporine,0
Modafinil,Ziprasidone,0
Azithromycin,Voriconazole,0
Thiamylal,Selegiline,0
Phenytoin,Tolvaptan,0
Colchicine,Ticagrelor,0
Ondansetron,Tolbutamide,0
Rifampicin,Thiopental,0
Nefazodone,Clotrimazole,0
Fesoterodine,Ivacaftor,0
Oxprenolol,Manidipine,0
Bosutinib,Voriconazole,0
Metamfetamine,Pargyline,0
Carvedilol,Luliconazole,0
Antipyrine,Fesoterodine,0
Dorzolamide,Yohimbine,0
Labetalol,Lumiracoxib,0
Conivaptan,Ropinirole,0
Eliglustat,Fesoterodine,0
Pantoprazole,Olaparib,0
Darunavir,Warfarin,0
Diphenhydramine,Pramipexole,0
Vardenafil,Clarithromycin,0
Bisoprolol,Olsalazine,0
Etoricoxib,Fusidic acid,0
Methyclothiazide,Tolbutamide,0
Propafenone,Conivaptan,0
Domperidone,Cholecalciferol,0
Tizanidine,Clozapine,0
Mestranol,Chlorpropamide,0
Pimozide,Tolterodine,1
Asenapine,Caffeine,0
Sulfadiazine,Crizotinib,0
Azelastine,Leflunomide,0
Afatinib,Imipramine,0
Nortriptyline,Fosamprenavir,0
Etoricoxib,Voriconazole,0
Thioridazine,Amoxapine,1
Sunitinib,Digitoxin,0
Sorafenib,Darunavir,0
Toremifene,Ceritinib,0
Rilpivirine,Boceprevir,0
Tolvaptan,Buprenorphine,0
Progesterone,Argatroban,0
Ethanol,Risperidone,1
Disopyramide,Furazolidone,1
Indomethacin,Citalopram,0
Penbutolol,Teriflunomide,0
Diclofenac,Fosamprenavir,0
Nebivolol,Venlafaxine,0
Fluorouracil,Vemurafenib,0
Tizanidine,Mifepristone,1
Mirtazapine,Cyclosporine,0
Phenytoin,Pravastatin,0
Fluoxetine,Clopidogrel,0
Rifaximin,Bepridil,0
Alfuzosin,Trichlormethiazide,0
Betaxolol,Labetalol,0
Nevirapine,Ergotamine,0
Pirlindole,Polythiazide,0
Sulfadiazine,Mifepristone,0
Panobinostat,Fosaprepitant,0
Metolazone,Desvenlafaxine,0
Trichlormethiazide,Irbesartan,0
Guanfacine,Sodium oxybate,1
Cilostazol,Zafirlukast,0
Pantoprazole,Mexiletine,0
Secobarbital,Tamoxifen,0
Chlorpropamide,Manidipine,0
Thioridazine,Cyclosporine,0
Dosulepin,Telaprevir,0
Sulfisoxazole,Dasatinib,1
Guanfacine,Propranolol,1
Dronedarone,Norfloxacin,1
Phenobarbital,Tapentadol,1
Labetalol,Ceritinib,1
Cocaine,Boceprevir,0
Mirtazapine,Clarithromycin,0
Nicotine,Dronedarone,0
Alprenolol,Isoniazid,0
Naloxegol,Bortezomib,0
Warfarin,Pitavastatin,1
Isradipine,Treprostinil,0
Rifabutin,Nicardipine,0
Donepezil,Penbutolol,1
Etoricoxib,Methotrimeprazine,0
Cyclobenzaprine,Ondansetron,1
Diclofenac,Lapatinib,0
Ethanol,Posaconazole,0
Canagliflozin,Sertraline,1
Escitalopram,Sunitinib,1
Hexobarbital,Pantoprazole,0
Pentamidine,Aprepitant,0
Phenytoin,Isradipine,0
Estrone sulfate,Chlorothiazide,0
Bepridil,Venlafaxine,0
Diclofenac,Netupitant,0
Donepezil,Timolol,1
Protriptyline,Cinacalcet,0
Gliclazide,Rosiglitazone,1
Rucaparib,Chloroquine,0
Methotrimeprazine,Rolapitant,0
Colchicine,Dabigatran etexilate,0
Azelastine,Lopinavir,0
Fluoxetine,Stiripentol,0
Propofol,Rabeprazole,0
Azithromycin,Paroxetine,1
Bortezomib,Ketoconazole,0
Antipyrine,Rabeprazole,0
Cilostazol,Seratrodast,0
Clobazam,Posaconazole,0
Metamfetamine,Terbinafine,0
Estrone sulfate,Ziprasidone,0
Ibrutinib,Darunavir,0
Treprostinil,Dosulepin,0
Doxazosin,Cinacalcet,0
Torasemide,Lapatinib,0
Quinidine,Sertraline,1
Sotalol,Telithromycin,1
Zolpidem,Paliperidone,1
Mianserin,Lumefantrine,0
Rifampicin,Acenocoumarol,0
Azithromycin,Olanzapine,1
Quetiapine,Rosiglitazone,0
Gemifloxacin,Venlafaxine,1
Sotalol,Artemether,1
Tizanidine,Alprenolol,1
Zolpidem,Lumefantrine,0
Dasatinib,Ivacaftor,0
Rifampicin,Thioridazine,0
Pazopanib,Tolterodine,1
Lumefantrine,Ticlopidine,0
Mestranol,Sulfisoxazole,0
Deferasirox,Perphenazine,0
Caffeine,Artemether,0
Deferasirox,Ergotamine,0
Pseudoephedrine,Lithium cation,0
Dabrafenib,Clonidine,0
Nevirapine,Tolbutamide,0
Crizotinib,Telaprevir,0
Rifapentine,Propranolol,0
Thalidomide,Propofol,1
Nicotine,Crisaborole,0
Hexobarbital,Estradiol,0
Prucalopride,Pantoprazole,0
Pazopanib,Rolapitant,0
Phenprocoumon,Methylphenidate,0
Estrone,Ticlopidine,0
Thiamylal,Captopril,0
Tamoxifen,Crisaborole,0
Trimethoprim,Stiripentol,0
Polythiazide,Chlorpropamide,0
Fosphenytoin,Argatroban,0
Theophylline,Ivacaftor,0
Testosterone,Felodipine,0
Mexiletine,Manidipine,0
Polythiazide,Riociguat,0
Diclofenac,Fosaprepitant,0
Yohimbine,Stiripentol,0
Clopidogrel,Fluorouracil,0
Leflunomide,Manidipine,0
Methadone,Droperidol,1
Primidone,Dofetilide,0
Dabrafenib,Isavuconazonium,0
Boceprevir,Telithromycin,0
Fluoxetine,Mifepristone,0
Prochlorperazine,Metoprolol,0
Osimertinib,Fluvoxamine,0
Guanfacine,Imipramine,0
Metamfetamine,Acebutolol,1
Etravirine,Atomoxetine,0
Argatroban,Epinastine,1
Atenolol,Zileuton,0
Paliperidone,Pazopanib,1
Buspirone,Sildenafil,0
Timolol,Desipramine,0
Diltiazem,Bopindolol,0
Pazopanib,Boceprevir,0
Escitalopram,Gemfibrozil,0
Sertraline,Amiodarone,0
Cyclobenzaprine,Isradipine,0
Efavirenz,Palbociclib,0
Phenytoin,Crisaborole,0
Cabergoline,Amphetamine,0
Progesterone,Pioglitazone,0
Nicotine,Crizotinib,0
Methylphenobarbital,Bumetanide,0
Doxazosin,Moclobemide,0
Propofol,Valsartan,0
Efavirenz,Crizotinib,0
Rifampicin,Propofol,0
Afatinib,Caffeine,0
Nicardipine,Darunavir,0
Vincristine,Pimozide,0
Thalidomide,Moclobemide,0
Erythromycin,Voriconazole,0
Epinastine,Ledipasvir,0
Doxazosin,Metyrosine,0
Rolapitant,Dihydroergotamine,0
Sunitinib,Itraconazole,0
Pioglitazone,Sildenafil,0
Alfuzosin,Irbesartan,0
Canagliflozin,Moclobemide,1
Celecoxib,Sulfisoxazole,0
Crizotinib,Galantamine,1
Levofloxacin,Indapamide,1
Idarubicin,Lumefantrine,0
Minaprine,Clobazam,0
Propranolol,Methotrimeprazine,0
Panobinostat,Saquinavir,0
Dofetilide,Levofloxacin,1
Etravirine,Ketoconazole,0
Nateglinide,Metoprolol,0
Ritonavir,Clemastine,0
Pioglitazone,Losartan,0
Valsartan,Rucaparib,0
Hexobarbital,Manidipine,0
Clonidine,Olaparib,0
Nebivolol,Celiprolol,0
Nateglinide,Duloxetine,0
Atenolol,Chloroquine,0
Sulfadiazine,Dihydroergotamine,0
Vardenafil,Itraconazole,0
Balsalazide,Norfloxacin,0
Cinacalcet,Vemurafenib,0
Tizanidine,Verapamil,0
Eliglustat,Erythromycin,0
Etoricoxib,Nelfinavir,0
Celiprolol,Balsalazide,0
Saquinavir,Darunavir,0
Prochlorperazine,Acebutolol,0
Lumacaftor,Rolapitant,0
Haloperidol,Pantoprazole,0
Hydrocodone,Manidipine,0
Mirabegron,Clomipramine,0
Quetiapine,Cinacalcet,0
Tamoxifen,Fluorouracil,0
Loratadine,Chlorpromazine,0
Panobinostat,Granisetron,1
Methohexital,Cyclosporine,0
Mestranol,Glyburide,0
Mirtazapine,Thiopental,1
Tranylcypromine,Metyrosine,0
Darunavir,Atazanavir,0
Methohexital,Carvedilol,0
Canagliflozin,Posaconazole,0
Phenobarbital,Donepezil,0
Cisapride,Zuclopenthixol,1
Tibolone,Enalaprilat,0
Captopril,Nevirapine,0
Lopinavir,Chlorpropamide,0
Sevoflurane,Lovastatin,0
Escitalopram,Darunavir,0
Dronabinol,Itraconazole,0
Fosphenytoin,Nicotine,0
Perphenazine,Dronedarone,0
Thiamylal,Bumetanide,0
Dorzolamide,Simeprevir,0
Torasemide,Fluconazole,0
Tapentadol,Dolasetron,0
Propranolol,Fluconazole,0
Captopril,Celecoxib,0
Ranolazine,Darunavir,0
Gemifloxacin,Pentamidine,1
Clemastine,Selegiline,0
Delavirdine,Iloperidone,0
Rabeprazole,Venlafaxine,0
Rifabutin,Isradipine,0
Doxepin,Lovastatin,0
Secobarbital,Imipramine,0
Dabrafenib,Torasemide,0
Paroxetine,Cimetidine,0
Acetyldigitoxin,Telithromycin,0
Itraconazole,Fesoterodine,0
Diclofenac,Furosemide,0
Gliclazide,Methylene blue,1
Donepezil,Mifepristone,0
Clopidogrel,Midostaurin,0
Phenelzine,Tibolone,0
Rifabutin,Fingolimod,0
Etoricoxib,Clotrimazole,0
Esomeprazole,Fosaprepitant,0
Nilotinib,Aprepitant,0
Quinine,Toremifene,1
Quinine,Fluoxetine,0
Domperidone,Ketoconazole,0
Enzalutamide,Lorcaserin,0
Dabrafenib,Methadone,0
Tamoxifen,Dabigatran etexilate,0
Torasemide,Nitrendipine,0
Clonidine,Ambrisentan,0
Rifampicin,Clotrimazole,0
Ziprasidone,Mefloquine,1
Phenindione,Mestranol,0
Imipramine,Atomoxetine,0
Disopyramide,Methylene blue,1
Metamfetamine,Levomilnacipran,0
Phenobarbital,Progesterone,0
Valsartan,Teriflunomide,0
Riociguat,Rosiglitazone,0
Theophylline,Nefazodone,0
Deferasirox,Dronabinol,0
Ixazomib,Omeprazole,0
Benzphetamine,Dasatinib,0
Dihydroergotamine,Cobicistat,0
Azelastine,Azithromycin,0
Doxepin,Fluorouracil,0
Minaprine,Treprostinil,0
Deferasirox,Doxepin,0
Vemurafenib,Saxagliptin,0
Carvedilol,Omeprazole,0
Eliglustat,Amitriptyline,1
Chlorpromazine,Sodium oxybate,1
Doxorubicin,Glyburide,0
Haloperidol,Luliconazole,0
Rucaparib,Osimertinib,0
Cyclophosphamide,Desipramine,0
Phenobarbital,Celecoxib,0
Edoxaban,Imatinib,0
Pentobarbital,Minocycline,1
Pazopanib,Propofol,1
Polythiazide,Tolterodine,0
Chloroquine,Sulfamethoxazole,1
Nevirapine,Atazanavir,0
Vincristine,Osimertinib,0
Tamsulosin,Diltiazem,0
Zolpidem,Midostaurin,0
Isavuconazonium,Aprepitant,0
Methylphenidate,Fluoxetine,0
Pseudoephedrine,Cocaine,0
Ceritinib,Darunavir,0
Antipyrine,Gemfibrozil,0
Aliskiren,Luliconazole,0
Etoricoxib,Boceprevir,0
Apixaban,Cimetidine,0
Primaquine,Posaconazole,0
Omeprazole,Ivacaftor,0
Buprenorphine,Dextroamphetamine,0
Donepezil,Bisoprolol,1
Droperidol,Voriconazole,1
Mitotane,Losartan,0
Caffeine,Midostaurin,0
Apixaban,Balsalazide,1
Terbinafine,Trimethoprim,0
Primidone,Polythiazide,0
Rotigotine,Nefazodone,0
Panobinostat,Cyclosporine,0
Phenoxybenzamine,Nitrendipine,0
Phenobarbital,Netupitant,0
Asenapine,Posaconazole,0
Aripiprazole,Sevoflurane,0
Zolpidem,Doxylamine,1
Phenytoin,Tipranavir,0
Everolimus,Rifampicin,0
Tranylcypromine,Felodipine,0
Bendroflumethiazide,Ceritinib,1
Tramadol,Ivacaftor,0
Afatinib,Atazanavir,0
Testosterone,Lapatinib,0
Pregabalin,Stiripentol,0
Sotalol,Etoricoxib,0
Granisetron,Dosulepin,0
Chloroquine,Teriflunomide,0
Pimozide,Ceritinib,0
Eliglustat,Duloxetine,0
Crizotinib,Delavirdine,0
Seratrodast,Mifepristone,0
Secobarbital,Glipizide,0
Primidone,Carteolol,0
Sunitinib,Testosterone,1
Ethanol,Azithromycin,0
Cabergoline,Darunavir,0
Amobarbital,Indapamide,0
Fusidic acid,Saquinavir,0
Cyproterone acetate,Acenocoumarol,0
Simvastatin,Captopril,0
Nicorandil,Canagliflozin,0
Primidone,Quinethazone,0
Conivaptan,Clemastine,0
Idarubicin,Stiripentol,0
Ethinylestradiol,Olaparib,0
Verapamil,Cimetidine,0
Cisapride,Clotrimazole,0
Cimetidine,Dabigatran etexilate,0
Modafinil,Isavuconazonium,0
Conivaptan,Cyclobenzaprine,0
Donepezil,Lovastatin,0
Pantoprazole,Cobicistat,0
Donepezil,Erythromycin,0
Thalidomide,Quinine,0
Perphenazine,Clemastine,0
Chlorpropamide,Acetylsalicylic acid,1
Nicotine,Tolbutamide,0
Sertraline,Saquinavir,0
Sertraline,Clemastine,0
Rifabutin,Tamoxifen,0
Disopyramide,Nicardipine,1
Nafamostat,Teriflunomide,1
Aminophylline,Mexiletine,0
Ubidecarenone,Phenelzine,0
Cilostazol,Torasemide,0
Orphenadrine,Thalidomide,1
Promethazine,Fosamprenavir,0
Loratadine,Sulfamethoxazole,0
Zolpidem,Pimozide,1
Epinastine,Olaparib,0
Prochlorperazine,Telaprevir,0
Nicorandil,Torasemide,0
Argatroban,Lumiracoxib,1
Celiprolol,Ambrisentan,0
Tipranavir,Aprepitant,0
Rifapentine,Ximelagatran,0
Captopril,Panobinostat,0
Doxepin,Imatinib,0
Carbamazepine,Saquinavir,0
Simvastatin,Topiroxostat,0
Bortezomib,Fluorouracil,0
Cisapride,Efavirenz,0
Disopyramide,Sunitinib,1
Levofloxacin,Tizanidine,1
Dihydroergotamine,Osimertinib,0
Perphenazine,Trimethoprim,0
Perphenazine,Lopinavir,0
Methohexital,Bupranolol,0
Thioridazine,Iloperidone,0
Simvastatin,Chlorpromazine,0
Tamsulosin,Silodosin,0
Tipranavir,Ceritinib,0
Efavirenz,Luliconazole,0
Rifampicin,Palbociclib,0
Dorzolamide,Netupitant,0
Prucalopride,Lapatinib,0
Phenytoin,Domperidone,0
Bendroflumethiazide,Fesoterodine,0
Zolpidem,Voriconazole,0
Enzalutamide,Indapamide,0
Bromocriptine,Rucaparib,0
Pantoprazole,Darunavir,0
Orphenadrine,Itraconazole,0
Riociguat,Saquinavir,0
Ibrutinib,Delavirdine,0
Orphenadrine,Amoxapine,1
Chloroquine,Nefazodone,0
Thioridazine,Irbesartan,0
Rosuvastatin,Fluvastatin,0
Seratrodast,Iloprost,0
Perphenazine,Pramipexole,0
Metoprolol,Irbesartan,0
Ibuprofen,Ketoconazole,0
Dorzolamide,Voriconazole,0
Lumacaftor,Sulfamethoxazole,0
Pazopanib,Sildenafil,0
Celiprolol,Paroxetine,0
Mitotane,Disopyramide,0
Propranolol,Trichlormethiazide,0
Suvorexant,Lovastatin,0
Sevoflurane,Clarithromycin,0
Tipranavir,Cobicistat,0
Quinidine,Droperidol,1
Carbamazepine,Disopyramide,0
Zileuton,Ketoconazole,0
Pitavastatin,Sorafenib,0
Tolvaptan,Venlafaxine,0
Lumiracoxib,Omeprazole,0
Glipizide,Penbutolol,1
Rifaximin,Caffeine,0
Bosentan,Eliglustat,0
Glipizide,Omeprazole,0
Amitriptyline,Verapamil,0
Alprenolol,Nebivolol,0
Quinidine,Lumacaftor,0
Idarubicin,Mycophenolate mofetil,0
Amitriptyline,Lovastatin,0
Selegiline,Itraconazole,0
Toloxatone,Metyrosine,0
Buprenorphine,Mifepristone,0
Thioridazine,Nicardipine,0
Prucalopride,Carvedilol,0
Cyclophosphamide,Clopidogrel,0
Valsartan,Phenoxybenzamine,0
Bupropion,Quazepam,0
Tramadol,Benzphetamine,0
Nortriptyline,Diphenhydramine,0
Acetylsalicylic acid,Sulfisoxazole,0
Afatinib,Quinine,0
Nicorandil,Bisoprolol,0
Fluvoxamine,Zucapsaicin,0
Bepridil,Rolapitant,0
Topotecan,Diltiazem,0
Perampanel,Netupitant,0
Cyclophosphamide,Diltiazem,0
Dorzolamide,Lithium cation,0
Pregabalin,Clarithromycin,0
Clopidogrel,Fusidic acid,0
Diphenhydramine,Duloxetine,0
Pentobarbital,Perampanel,1
Stiripentol,Metyrosine,0
Haloperidol,Ivacaftor,0
Lidocaine,Atomoxetine,0
Parecoxib,Topiroxostat,0
Doxazosin,Pregabalin,0
Conivaptan,Lopinavir,0
Loratadine,Gemfibrozil,0
Simvastatin,Cholecalciferol,0
Ibrutinib,Duloxetine,0
Olanzapine,Itraconazole,0
Nortriptyline,Ritonavir,0
Pravastatin,Fesoterodine,0
Pseudoephedrine,Bupranolol,1
Nicorandil,Sevoflurane,0
Doxepin,Captopril,0
Clomipramine,Isoniazid,0
Clomipramine,Cholecalciferol,0
Cyclobenzaprine,Amprenavir,0
Ethanol,Doxepin,1
Clomipramine,Bortezomib,0
Metoprolol,Abiraterone,0
Labetalol,Nilvadipine,0
Venlafaxine,Fosamprenavir,0
Cholecalciferol,Isavuconazonium,0
Progesterone,Fosaprepitant,0
Fingolimod,Imipramine,0
Dabigatran etexilate,Treprostinil,1
Orphenadrine,Chlorpromazine,1
Bosentan,Indinavir,0
Clozapine,Tipranavir,0
Ethanol,Thiopental,1
Pentamidine,Boceprevir,0
Iloperidone,Cimetidine,0
Alfuzosin,Nilvadipine,0
Pramipexole,Bupropion,0
Fosphenytoin,Epoprostenol,0
Enzalutamide,Pimozide,0
Simvastatin,Dasatinib,0
Zuclopenthixol,Aripiprazole,1
Daunorubicin,Digitoxin,0
Metoprolol,Tapentadol,0
Sulfamethoxazole,Doxycycline,0
Artemether,Isoniazid,0
Pitavastatin,Dasatinib,0
Teriflunomide,Omeprazole,0
Alfuzosin,Bupranolol,0
Droperidol,Dabrafenib,1
Phenytoin,Magnesium sulfate,0
Phenytoin,Thioridazine,0
Hydrocodone,Metyrosine,0
Enalapril,Erythromycin,0
Buprenorphine,Risperidone,1
Conivaptan,Phenytoin,0
Amphetamine,Olanzapine,0
Bisoprolol,Promazine,0
Dabrafenib,Yohimbine,0
Nicotine,Efavirenz,0
Fosphenytoin,Parecoxib,0
Erythromycin,Posaconazole,0
Levodopa,Pramipexole,0
Rifapentine,Pravastatin,0
Dihydroergotamine,Desipramine,0
Olsalazine,Leflunomide,1
Quinidine,Osimertinib,0
Rasagiline,Bisoprolol,0
Progesterone,Clarithromycin,0
Rosuvastatin,Topotecan,0
Doxorubicin,Verapamil,0
Donepezil,Itraconazole,0
Fluvastatin,Abiraterone,0
Dronedarone,Idelalisib,0
Selegiline,Valsartan,0
Orphenadrine,Lopinavir,0
Chloroquine,Manidipine,0
Granisetron,Darunavir,0
Carvedilol,Leflunomide,0
Mitotane,Acetyldigitoxin,0
Cocaine,Doxycycline,0
Alfuzosin,Nicorandil,0
Topotecan,Clarithromycin,0
Dorzolamide,Crisaborole,0
Lovastatin,Mifepristone,0
Cholecalciferol,Ceritinib,0
Iloperidone,Doxylamine,1
Fluorouracil,Azithromycin,0
Ethinylestradiol,Lumiracoxib,1
Isradipine,Bortezomib,0
Cyclobenzaprine,Ivacaftor,0
Tamsulosin,Idelalisib,0
Primaquine,Netupitant,0
Dorzolamide,Ranolazine,0
Methohexital,Timolol,0
Mestranol,Tolazamide,0
Fosphenytoin,Lobeglitazone,0
Lumacaftor,Felodipine,0
Progesterone,Cholecalciferol,0
Dorzolamide,Fosamprenavir,0
Tipranavir,Voriconazole,0
Dicoumarol,Paroxetine,1
Cilostazol,Sevoflurane,1
Dronedarone,Lidocaine,1
Yohimbine,Fusidic acid,0
Phenindione,Posaconazole,0
Telithromycin,Abiraterone,0
Pantoprazole,Clotrimazole,0
Minaprine,Enalaprilat,0
Clopidogrel,Imatinib,0
Cilostazol,Epoprostenol,0
Pentamidine,Midostaurin,0
Rabeprazole,Rucaparib,0
Digitoxin,Clemastine,0
Tolvaptan,Imatinib,0
Acetylsalicylic acid,Fluvoxamine,0
Nevirapine,Toremifene,0
Artemether,Ticagrelor,0
Rifapentine,Vincristine,0
Nebivolol,Aminophylline,0
Desipramine,Moexipril,0
Enzalutamide,Mirtazapine,0
Carteolol,Midostaurin,0
Deferasirox,Yohimbine,0
Tofacitinib,Nefazodone,0
Idarubicin,Ketoconazole,0
Rifabutin,Nevirapine,0
Dronabinol,Metamfetamine,0
Tizanidine,Fluvoxamine,0
Primidone,Rivaroxaban,0
Pargyline,Isradipine,0
Phenprocoumon,Nilotinib,0
Guanfacine,Sulfisoxazole,0
Paraldehyde,Iloperidone,1
Methohexital,Dicoumarol,0
Telaprevir,Stiripentol,0
Tolvaptan,Zafirlukast,0
Deferasirox,Mirabegron,0
Methotrimeprazine,Diphenhydramine,1
Anagrelide,Lithium cation,1
Moclobemide,Granisetron,1
Captopril,Risperidone,0
Riociguat,Macitentan,0
Dihydroergotamine,Darunavir,0
Amprenavir,Amiodarone,0
Rabeprazole,Doxycycline,0
Azelastine,Aprepitant,0
Riociguat,Lovastatin,0
Sulfisoxazole,Indapamide,1
Etoricoxib,Desvenlafaxine,0
Zuclopenthixol,Voriconazole,0
Phenelzine,Captopril,0
Pitavastatin,Palbociclib,0
Cinacalcet,Verapamil,0
Riociguat,Topiroxostat,0
Azelastine,Clarithromycin,0
Selegiline,Pargyline,0
Etoricoxib,Clozapine,0
Metamfetamine,Furazolidone,0
Canagliflozin,Salicylic acid,1
Orphenadrine,Ivacaftor,0
Zolpidem,Paraldehyde,1
Clobazam,Atazanavir,0
Tamoxifen,Leflunomide,0
Loratadine,Leflunomide,0
Ambrisentan,Fosamprenavir,0
Pravastatin,Modafinil,0
Esmolol,Acemetacin,0
Methadone,Posaconazole,1
Buprenorphine,Nilotinib,0
Promazine,Olaparib,0
Digoxin,Guanfacine,1
Deferasirox,Zafirlukast,0
Conivaptan,Estrone sulfate,0
Chlorthalidone,Levomilnacipran,0
Lumacaftor,Risperidone,0
Hexobarbital,Tolbutamide,0
Olaparib,Nilotinib,0
Hydrocodone,Nicardipine,0
Metoprolol,Amphetamine,0
Itraconazole,Voriconazole,0
Lithium cation,Promazine,1
Quinine,Nadolol,0
Droperidol,Lapatinib,1
Oxprenolol,Levodopa,0
Diclofenac,Clarithromycin,0
Primidone,Estradiol,0
Cisapride,Aprepitant,0
Felodipine,Telithromycin,0
Antipyrine,Bortezomib,0
Nicotine,Ketoconazole,0
Metamfetamine,Amiodarone,0
Pravastatin,Abiraterone,0
Azelastine,Sorafenib,0
Celiprolol,Tibolone,0
Bosentan,Rucaparib,0
Sulfamethoxazole,Cobicistat,0
Saxagliptin,Furazolidone,1
Saquinavir,Fluconazole,1
Repaglinide,Venlafaxine,0
Deferasirox,Levomilnacipran,0
Glipizide,Furazolidone,1
Clobazam,Olaparib,0
Dolasetron,Alfuzosin,1
Losartan,Tolvaptan,1
Disopyramide,Tranylcypromine,1
Eliglustat,Galantamine,1
Tramadol,Dolasetron,0
Tolbutamide,Metipranolol,1
Lumiracoxib,Ropinirole,0
Minaprine,Rucaparib,0
Trimipramine,Imatinib,0
Tamoxifen,Irbesartan,0
Cyproterone acetate,Methadone,0
Sulfadiazine,Ceritinib,0
Sertraline,Atazanavir,0
Bendroflumethiazide,Lercanidipine,0
Cyclosporine,Idarubicin,1
Pitavastatin,Saquinavir,0
Iloperidone,Quinine,0
Tolterodine,Ticagrelor,0
Theophylline,Atazanavir,0
Nadolol,Labetalol,0
Dolasetron,Fusidic acid,0
Fluoxetine,Luliconazole,0
Furazolidone,Nicardipine,0
Thioridazine,Indapamide,1
Atomoxetine,Panobinostat,0
Olanzapine,Diphenhydramine,0
Fosamprenavir,Clotrimazole,0
Methylene blue,Clomipramine,1
Ondansetron,Venlafaxine,1
Timolol,Omeprazole,0
Sulfisoxazole,Sulfadiazine,0
Phenytoin,Granisetron,0
Terbinafine,Atazanavir,0
Protriptyline,Sodium oxybate,1
Meloxicam,Isavuconazonium,0
Bromocriptine,Thioridazine,0
Cholecalciferol,Ketoconazole,0
Aripiprazole,Propofol,0
Isavuconazonium,Delavirdine,0
Trimethoprim,Sorafenib,0
Pirlindole,Ambrisentan,0
Rosuvastatin,Doxycycline,0
Rasagiline,Lobeglitazone,0
Caffeine,Mirabegron,0
Sulfadiazine,Levofloxacin,1
Vincristine,Clarithromycin,0
Deferasirox,Mifepristone,0
Primaquine,Osimertinib,0
Naloxegol,Daunorubicin,0
Dasatinib,Fusidic acid,0
Citalopram,Formoterol,1
Pentamidine,Lumacaftor,0
Buspirone,Midostaurin,0
Nafamostat,Lumiracoxib,1
Lumacaftor,Lopinavir,0
Phenprocoumon,Cyclosporine,0
Phenobarbital,Pentamidine,0
Dronabinol,Ceritinib,0
Sertraline,Modafinil,0
Eliglustat,Saquinavir,0
Ambrisentan,Modafinil,0
Parecoxib,Etacrynic acid,0
Mirabegron,Paroxetine,0
Dolasetron,Imatinib,0
Warfarin,Ticlopidine,0
Ranolazine,Pravastatin,0
Buprenorphine,Rolapitant,0
Phenytoin,Rosiglitazone,0
Dronedarone,Erythromycin,0
Clonidine,Magnesium sulfate,1
Guanfacine,Pramipexole,0
Diltiazem,Tolbutamide,0
Sotalol,Diphenhydramine,1
Disopyramide,Itraconazole,0
Citalopram,Fosaprepitant,0
Nefazodone,Boceprevir,0
Digoxin,Sitagliptin,0
Rifaximin,Glyburide,0
Yohimbine,Atazanavir,0
Edoxaban,Colchicine,0
Nicardipine,Crisaborole,0
Fluoxetine,Manidipine,0
Nortriptyline,Doxycycline,0
Naloxegol,Amprenavir,0
Thioridazine,Doxylamine,1
Tacrolimus,Cobicistat,0
Nelfinavir,Osimertinib,0
Tolvaptan,Efavirenz,0
Rifabutin,Fluoxetine,0
Paraldehyde,Amoxapine,1
Rifabutin,Tolterodine,0
Methylene blue,Trimipramine,1
Acenocoumarol,Norfloxacin,1
Progesterone,Rosiglitazone,0
Bromocriptine,Nilotinib,0
Eliglustat,Quinine,0
Methotrimeprazine,Fesoterodine,0
Tolbutamide,Norfloxacin,1
Galantamine,Donepezil,1
Clomipramine,Midostaurin,0
Doxepin,Hydroxyzine,1
Phenytoin,Zafirlukast,0
Captopril,Clarithromycin,0
Warfarin,Apixaban,1
Nicotine,Quazepam,0
Phenytoin,Acetylsalicylic acid,0
Rosuvastatin,Abiraterone,0
Olanzapine,Duloxetine,1
Rabeprazole,Nilotinib,0
Dosulepin,Fosamprenavir,0
Tapentadol,Etravirine,0
Quinine,Imatinib,0
Atazanavir,Palbociclib,0
Iloperidone,Mifepristone,0
Quinine,Artemether,1
Gliclazide,Olsalazine,1
Lopinavir,Darunavir,0
Disopyramide,Dolasetron,1
Cyclophosphamide,Tranylcypromine,0
Dronedarone,Osimertinib,0
Ergotamine,Palbociclib,0
Phenobarbital,Tolbutamide,0
Dronedarone,Pindolol,1
Epinastine,Ticlopidine,0
Midostaurin,Fusidic acid,0
Pazopanib,Afatinib,0
Hydroflumethiazide,Venlafaxine,0
Phenytoin,Clarithromycin,0
Methylphenidate,Darifenacin,0
Nilvadipine,Isradipine,0
Rosiglitazone,Levomilnacipran,1
Cyproterone acetate,Asenapine,0
Sunitinib,Ticlopidine,0
Seratrodast,Sulfamethoxazole,0
Rifapentine,Tolbutamide,0
Modafinil,Clopidogrel,0
Rifabutin,Methadone,0
Phenobarbital,Rivaroxaban,0
Omeprazole,Clotrimazole,0
Estradiol,Esomeprazole,0
Vincristine,Clomipramine,0
Droperidol,Moexipril,1
Dronedarone,Quinidine,0
Dicoumarol,Sorafenib,0
Ciprofloxacin,Chlorpromazine,1
Lumacaftor,Estradiol,0
Progesterone,Sildenafil,0
Mianserin,Sulfisoxazole,0
Levodopa,Terbinafine,0
Enzalutamide,Ergotamine,0
Pentobarbital,Vincristine,0
Indomethacin,Tranylcypromine,0
Hydrocodone,Aprepitant,0
Hydrochlorothiazide,Darifenacin,0
Ivacaftor,Diltiazem,0
Dronedarone,Protriptyline,1
Metamfetamine,Cholecalciferol,0
Aripiprazole,Canagliflozin,0
Sertraline,Delavirdine,0
Cisapride,Cyclosporine,0
Enalapril,Tibolone,0
Ambrisentan,Zucapsaicin,0
Phenobarbital,Propofol,0
Glyburide,Rolapitant,0
Hydrocodone,Simeprevir,0
Rifampicin,Vemurafenib,0
Methylene blue,Felodipine,0
Imatinib,Dosulepin,0
Captopril,Ketoconazole,0
Donepezil,Chlorpromazine,0
Selexipag,Rucaparib,0
Dolasetron,Ivacaftor,0
Propofol,Clotrimazole,0
Enzalutamide,Cyclosporine,0
Lidocaine,Olaparib,0
Methyclothiazide,Escitalopram,0
Doxorubicin,Fosamprenavir,0
Pimozide,Cobicistat,0
Zuclopenthixol,Rucaparib,0
Idarubicin,Seratrodast,0
Nilotinib,Paroxetine,1
Ledipasvir,Sertraline,0
Bosentan,Fosamprenavir,0
Warfarin,Imatinib,1
Cyclophosphamide,Levofloxacin,1
Dofetilide,Polythiazide,1
Nevirapine,Delavirdine,0
Primaquine,Dihydroergotamine,0
Donepezil,Lobeglitazone,0
Fosamprenavir,Valproic acid,0
Repaglinide,Phenelzine,1
Cyclobenzaprine,Bupropion,0
Fluvastatin,Lapatinib,0
Antipyrine,Netupitant,0
Verapamil,Dronedarone,1
Moclobemide,Carteolol,0
Mestranol,Glipizide,0
Everolimus,Fluconazole,0
Dasatinib,Boceprevir,0
Chlorthalidone,Nateglinide,0
Mycophenolate mofetil,Rucaparib,0
Zuclopenthixol,Tizanidine,1
Primidone,Simvastatin,0
Seratrodast,Dasatinib,0
Cyclobenzaprine,Sodium oxybate,1
Edoxaban,Parecoxib,1
Phenindione,Phenytoin,1
Nicardipine,Vemurafenib,0
Sitagliptin,Saquinavir,0
Bepridil,Bupropion,0
Tamoxifen,Cocaine,0
Thioridazine,Naloxegol,0
Rilpivirine,Tamoxifen,0
Lumefantrine,Osimertinib,0
Tolbutamide,Citalopram,0
Furazolidone,Captopril,0
Escitalopram,Olanzapine,1
Formoterol,Chlorothiazide,0
Mirtazapine,Posaconazole,0
Bupropion,Telaprevir,0
Doxepin,Nelfinavir,0
Ethanol,Simeprevir,0
Hexobarbital,Fosaprepitant,0
Ondansetron,Sulfisoxazole,1
Clonidine,Manidipine,0
Celecoxib,Chlorothiazide,0
Lorcaserin,Saquinavir,0
Edoxaban,Chlorpromazine,0
Thiopental,Carteolol,0
Everolimus,Imatinib,0
Acenocoumarol,Mexiletine,0
Cabergoline,Boceprevir,0
Selegiline,Saquinavir,0
Tacrolimus,Nicardipine,0
Zolpidem,Itraconazole,0
Nebivolol,Cholecalciferol,0
Olanzapine,Tolbutamide,0
Primidone,Zafirlukast,0
Clopidogrel,Ceritinib,0
Azelastine,Mifepristone,0
Ceritinib,Droperidol,1
Rosuvastatin,Posaconazole,0
Mexiletine,Cobicistat,0
Phenytoin,Primidone,0
Ethinylestradiol,Venlafaxine,0
Azithromycin,Trimethoprim,1
Efavirenz,Verapamil,0
Dofetilide,Quetiapine,1
Ceritinib,Moexipril,1
Dabrafenib,Clarithromycin,0
Terbinafine,Gemfibrozil,0
Dorzolamide,Midostaurin,0
Sunitinib,Telithromycin,0
Olopatadine,Ketoconazole,0
Acebutolol,Sertraline,0
Alogliptin,Isoniazid,0
Pioglitazone,Efavirenz,0
Ibuprofen,Norfloxacin,0
Methotrimeprazine,Efavirenz,1
Phenobarbital,Ibrutinib,0
Colchicine,Quinidine,0
Clobazam,Aprepitant,0
Captopril,Levodopa,0
Diclofenac,Diltiazem,0
Bosentan,Nilvadipine,0
Etoricoxib,Isoniazid,0
Selexipag,Sulfamethoxazole,0
Paliperidone,Dosulepin,0
Darifenacin,Lumefantrine,0
Afatinib,Lapatinib,0
Zileuton,Leflunomide,0
Everolimus,Saquinavir,0
Topotecan,Tacrolimus,0
Furazolidone,Moexipril,0
Metolazone,Levomilnacipran,0
Pentamidine,Dihydroergotamine,0
Haloperidol,Isradipine,1
Trimipramine,Darifenacin,0
Methadone,Isoniazid,0
Mianserin,Guanfacine,0
Dicoumarol,Tibolone,1
Phenindione,Ethinylestradiol,0
Rosiglitazone,Fluvoxamine,0
Galantamine,Tipranavir,0
Imipramine,Isoniazid,0
Ritonavir,Ceritinib,0
Sorafenib,Clemastine,0
Selegiline,Omeprazole,0
Nilotinib,Tizanidine,1
Ubidecarenone,Chlorpropamide,0
Mirtazapine,Darifenacin,0
Bisoprolol,Cobicistat,0
Methadone,Minocycline,1
Rilpivirine,Posaconazole,0
Leflunomide,Simeprevir,0
Propranolol,Tipranavir,0
Acetylsalicylic acid,Lobeglitazone,0
Venlafaxine,Topiroxostat,0
Phenoxybenzamine,Yohimbine,0
Anagrelide,Mexiletine,0
Clonidine,Azithromycin,0
Thioridazine,Verapamil,0
Primidone,Cobicistat,0
Canagliflozin,Ceritinib,0
Atomoxetine,Paroxetine,0
Mirtazapine,Bupropion,0
Verapamil,Nefazodone,0
Enzalutamide,Dronabinol,0
Irbesartan,Nitrendipine,0
Zolpidem,Dosulepin,0
Quetiapine,Mifepristone,0
Bopindolol,Ouabain,1
Primaquine,Diphenhydramine,1
Cisapride,Simeprevir,0
Amphetamine,Propranolol,0
Sertraline,Theophylline,0
Primidone,Canagliflozin,0
Phenprocoumon,Mestranol,0
Venlafaxine,Pseudoephedrine,0
Amoxapine,Fosamprenavir,0
Trimethoprim,Sildenafil,0
Norfloxacin,Digitoxin,0
Everolimus,Pimozide,0
Nateglinide,Disopyramide,1
Amphetamine,Pirlindole,0
Methylphenobarbital,Protriptyline,0
Secobarbital,Carbamazepine,0
Delavirdine,Olanzapine,0
Ropinirole,Carvedilol,1
Lapatinib,Lovastatin,0
Glipizide,Doxycycline,0
Secobarbital,Epoprostenol,0
Quetiapine,Esomeprazole,0
Nilotinib,Nicardipine,1
Cyclobenzaprine,Eliglustat,0
Bosutinib,Fluoxetine,0
Olopatadine,Gemifloxacin,0
Suvorexant,Lidocaine,1
Hydrochlorothiazide,Metyrosine,0
Doxorubicin,Citalopram,0
Salicylic acid,Levofloxacin,0
Primidone,Magnesium sulfate,1
Bendroflumethiazide,Rosiglitazone,0
Azelastine,Ketoconazole,0
Rifampicin,Timolol,0
Quazepam,Sulfadiazine,0
Iloperidone,Alfuzosin,1
Bisoprolol,Bortezomib,0
Paliperidone,Trimethoprim,1
Rifampicin,Guanfacine,0
Doxazosin,Mirabegron,0
Esomeprazole,Venlafaxine,0
Macitentan,Lobeglitazone,0
Nicotine,Haloperidol,0
Enzalutamide,Vemurafenib,0
Bupropion,Irbesartan,0
Fosphenytoin,Lidocaine,0
Rilpivirine,Azithromycin,0
Tolbutamide,Saxagliptin,1
Disopyramide,Delavirdine,0
Nafamostat,Rosiglitazone,1
Betaxolol,Midostaurin,0
Dextroamphetamine,Terbinafine,0
Anagrelide,Imipramine,1
Naloxegol,Glyburide,0
Rosuvastatin,Netupitant,0
Trimipramine,Nelfinavir,0
Felodipine,Darunavir,0
Treprostinil,Yohimbine,0
Granisetron,Quinidine,0
Pazopanib,Vincristine,0
Ledipasvir,Trimipramine,0
Bosentan,Bromocriptine,0
Carbamazepine,Glyburide,0
Acetylsalicylic acid,Manidipine,0
Meloxicam,Cholecalciferol,0
Dolasetron,Trimipramine,1
Warfarin,Sulfisoxazole,0
Bosentan,Tolterodine,0
Indapamide,Epoprostenol,0
Citalopram,Lumefantrine,0
Bupropion,Midostaurin,0
Bupropion,Leflunomide,0
Clozapine,Fesoterodine,0
Aripiprazole,Tizanidine,0
Selexipag,Clarithromycin,0
Aripiprazole,Indinavir,0
Sildenafil,Abiraterone,0
Clozapine,Dihydroergotamine,0
Phenprocoumon,Chloroquine,1
Parecoxib,Chlorthalidone,0
Azelastine,Saquinavir,0
Asenapine,Tizanidine,1
Aprepitant,Ibuprofen,0
Buprenorphine,Paliperidone,1
Sunitinib,Phenelzine,1
Vincristine,Canagliflozin,0
Pitavastatin,Omeprazole,0
Gemifloxacin,Nicardipine,1
Enalapril,Trichlormethiazide,0
Amobarbital,Selegiline,0
Bosutinib,Cyclosporine,0
Primaquine,Clotrimazole,0
Promazine,Ivacaftor,0
Naloxegol,Cobicistat,0
Abiraterone,Ranolazine,0
Tamsulosin,Cimetidine,0
Zafirlukast,Lumacaftor,0
Thiamylal,Penbutolol,0
Acemetacin,Nicardipine,0
Eliglustat,Lopinavir,0
Methylene blue,Treprostinil,0
Dabrafenib,Selegiline,0
Bosentan,Acebutolol,0
Clobazam,Metyrosine,0
Dolasetron,Fluorouracil,0
Rifapentine,Venlafaxine,0
Rotigotine,Sulfisoxazole,0
Pitavastatin,Clemastine,0
Zafirlukast,Saquinavir,0
Bopindolol,Aminophylline,0
Epinastine,Simeprevir,0
Hydrocodone,Nortriptyline,1
Carbamazepine,Digitoxin,0
Clobazam,Abiraterone,0
Indapamide,Methylphenidate,0
Olanzapine,Desvenlafaxine,1
Acenocoumarol,Voriconazole,0
Arformoterol,Clotrimazole,0
Iloprost,Nebivolol,0
Amiodarone,Voriconazole,0
Olopatadine,Ivacaftor,0
Antipyrine,Irbesartan,0
Tamoxifen,Losartan,0
Vardenafil,Nefazodone,0
Topotecan,Tolvaptan,0
Gemfibrozil,Fluvoxamine,0
Donepezil,Luliconazole,0
Venlafaxine,Fesoterodine,0
Chlorpromazine,Risperidone,0
Pindolol,Bupranolol,0
Captopril,Bupropion,0
Hexobarbital,Rucaparib,0
Argatroban,Erythromycin,0
Nebivolol,Olsalazine,0
Artemether,Droperidol,1
Granisetron,Mefloquine,1
Rivaroxaban,Posaconazole,0
Dorzolamide,Irbesartan,0
Lithium cation,Leflunomide,0
Diphenhydramine,Cobicistat,0
Cisapride,Nicotine,0
Aliskiren,Yohimbine,0
Pazopanib,Chlorpropamide,0
Estrone,Fluconazole,0
Thioridazine,Ceritinib,1
Perampanel,Imatinib,0
Cyclobenzaprine,Manidipine,0
Vemurafenib,Ranolazine,0
Bupropion,Palbociclib,0
Pitavastatin,Sulfadiazine,0
Erythromycin,Atazanavir,0
Fluoxetine,Sulfadiazine,0
Ondansetron,Midostaurin,0
Etoricoxib,Sertraline,0
Progesterone,Quinidine,0
Vemurafenib,Etravirine,0
Tizanidine,Amitriptyline,0
Lumefantrine,Ranolazine,1
Arformoterol,Indinavir,0
Phenobarbital,Bosentan,0
Chloroquine,Tolterodine,1
Bosentan,Rolapitant,0
Phenelzine,Timolol,0
Methylene blue,Nortriptyline,1
Zolpidem,Amiodarone,0
Chloroquine,Venlafaxine,1
Acenocoumarol,Ziprasidone,0
Guanfacine,Tibolone,0
Rotigotine,Lopinavir,0
Phenobarbital,Digitoxin,0
Rifapentine,Phenoxybenzamine,0
Secobarbital,Tolterodine,0
Rosuvastatin,Tamoxifen,0
Paliperidone,Diphenhydramine,1
Sunitinib,Amphetamine,1
Simvastatin,Imipramine,0
Furazolidone,Hydroflumethiazide,0
Primidone,Atenolol,0
Lovastatin,Norfloxacin,0
Tolterodine,Clarithromycin,0
Pravastatin,Clemastine,0
Bosutinib,Ziprasidone,0
Risperidone,Glipizide,0
Boceprevir,Ketoconazole,0
Apixaban,Celecoxib,1
Tolterodine,Aprepitant,0
Mycophenolate mofetil,Nelfinavir,0
Nitrendipine,Captopril,0
Teriflunomide,Aprepitant,0
Tolterodine,Sertraline,0
Toremifene,Fusidic acid,0
Posaconazole,Voriconazole,0
Diltiazem,Isoniazid,0
Tizanidine,Mirtazapine,0
Parecoxib,Lopinavir,0
Bosentan,Mirtazapine,0
Propafenone,Moexipril,1
Colchicine,Telithromycin,0
Topotecan,Itraconazole,0
Phenoxybenzamine,Cyclosporine,0
Clarithromycin,Palbociclib,0
Amprenavir,Duloxetine,0
Hydrocodone,Paliperidone,1
Aminophylline,Ziprasidone,0
Zolpidem,Fluvoxamine,1
Anagrelide,Norfloxacin,1
Teriflunomide,Etacrynic acid,0
Chlorpropamide,Minaprine,1
Paraldehyde,Pentobarbital,1
Carvedilol,Topiroxostat,0
Cisapride,Amoxapine,1
Cyclobenzaprine,Lumefantrine,0
Quetiapine,Nefazodone,0
Phenytoin,Cholecalciferol,0
Pentobarbital,Ranolazine,0
Paliperidone,Nelfinavir,1
Panobinostat,Treprostinil,1
Sotalol,Methotrimeprazine,1
Indomethacin,Bumetanide,0
Toloxatone,Polythiazide,0
Levofloxacin,Sulfisoxazole,1
Saxagliptin,Imatinib,0
Azithromycin,Amitriptyline,1
Phenindione,Ubidecarenone,0
Bosutinib,Nevirapine,0
Prochlorperazine,Bupropion,0
Darifenacin,Rolapitant,0
Epoprostenol,Methylphenidate,0
Pentobarbital,Osimertinib,0
Propafenone,Idelalisib,0
Mycophenolate mofetil,Isradipine,0
Amprenavir,Rabeprazole,0
Cholecalciferol,Boceprevir,0
Pitavastatin,Cholecalciferol,0
Toremifene,Atomoxetine,1
Lumefantrine,Fluvoxamine,0
Etravirine,Clarithromycin,0
Clemastine,Droperidol,1
Haloperidol,Sulfadiazine,0
Toremifene,Palbociclib,0
Rifampicin,Losartan,0
Ethanol,Diphenhydramine,1
Diltiazem,Lobeglitazone,0
Rifabutin,Cilostazol,0
Fosamprenavir,Dihydroergotamine,0
Ondansetron,Sulfamethoxazole,1
Cabergoline,Mifepristone,0
Deferasirox,Losartan,0
Midostaurin,Ouabain,0
Mirtazapine,Dosulepin,0
Cyclosporine,Celecoxib,1
Aripiprazole,Atomoxetine,0
Phenindione,Ibuprofen,1
Glipizide,Norfloxacin,1
Macitentan,Ivacaftor,0
Antipyrine,Levofloxacin,0
Domperidone,Trimipramine,1
Midostaurin,Fosamprenavir,0
Sotalol,Clarithromycin,1
Thiamylal,Bortezomib,0
Pentamidine,Glimepiride,1
Conivaptan,Esomeprazole,0
Nebivolol,Methylphenidate,0
Efavirenz,Dronabinol,1
Torasemide,Ambrisentan,0
Rucaparib,Ropinirole,0
Cyclophosphamide,Sulfamethoxazole,0
Pregabalin,Asenapine,0
Zuclopenthixol,Chloroquine,0
Thioridazine,Mirabegron,0
Mefloquine,Fosphenytoin,0
Darifenacin,Panobinostat,0
Thioridazine,Sevoflurane,1
Ibuprofen,Luliconazole,0
Alfuzosin,Pargyline,0
Metoprolol,Ticlopidine,0
Arformoterol,Terbinafine,0
Antipyrine,Clozapine,0
Toremifene,Eliglustat,1
Telaprevir,Valproic acid,0
Timolol,Deslanoside,1
Dofetilide,Mirabegron,1
Paliperidone,Glipizide,0
Anagrelide,Abiraterone,0
Vemurafenib,Sevoflurane,0
Moexipril,Alprenolol,0
Dihydroergotamine,Ticlopidine,0
Dolasetron,Darunavir,0
Desipramine,Dosulepin,0
Fluoxetine,Gemfibrozil,0
Amitriptyline,Clarithromycin,0
Ibrutinib,Stiripentol,0
Olaparib,Digoxin,0
Estradiol,Sulfisoxazole,0
Pazopanib,Clemastine,0
Teriflunomide,Telithromycin,0
Diclofenac,Sorafenib,0
Benzphetamine,Risperidone,0
Propranolol,Haloperidol,0
Levodopa,Zuclopenthixol,0
Lumiracoxib,Lobeglitazone,0
Doxorubicin,Dronedarone,0
Warfarin,Sertraline,0
Mianserin,Atazanavir,0
Iloprost,Manidipine,0
Nateglinide,Darifenacin,0
Panobinostat,Doxycycline,0
Esomeprazole,Delavirdine,0
Torasemide,Fluvoxamine,0
Citalopram,Sulfamethoxazole,1
Indapamide,Paroxetine,0
Rivaroxaban,Telaprevir,0
Thiopental,Metolazone,0
Disopyramide,Gemifloxacin,1
Glimepiride,Minaprine,1
Sulfadiazine,Disopyramide,1
Bumetanide,Nateglinide,0
Lidocaine,Cobicistat,0
Promazine,Doxepin,1
Torasemide,Rucaparib,0
Dofetilide,Vardenafil,1
Apixaban,Efavirenz,0
Buprenorphine,Olaparib,0
Repaglinide,Cobicistat,0
Edoxaban,Lumiracoxib,1
Ethanol,Magnesium sulfate,1
Toremifene,Galantamine,1
Mefloquine,Carvedilol,1
Nicotine,Ticagrelor,0
Carbamazepine,Ropinirole,0
Cabergoline,Enalaprilat,0
Trichlormethiazide,Nilvadipine,0
Apixaban,Clarithromycin,0
Gemifloxacin,Fingolimod,1
Epinastine,Imipramine,0
Metipranolol,Deslanoside,1
Mianserin,Idelalisib,0
Chlorpropamide,Tolbutamide,0
Furazolidone,Bisoprolol,0
Paliperidone,Repaglinide,0
Pregabalin,Fluvoxamine,0
Galantamine,Rolapitant,0
Dronabinol,Acebutolol,0
Dicoumarol,Sulfadiazine,0
Pazopanib,Fluvoxamine,0
Lumefantrine,Tolterodine,1
Valsartan,Tibolone,0
Trichlormethiazide,Glyburide,0
Bosutinib,Nilvadipine,0
Tipranavir,Ixazomib,0
Ibuprofen,Voriconazole,0
Risperidone,Fluvoxamine,0
Dofetilide,Panobinostat,1
Buprenorphine,Eliglustat,0
Selegiline,Nilvadipine,0
Propranolol,Indomethacin,0
Dronedarone,Terbinafine,0
Bosentan,Celiprolol,0
Labetalol,Balsalazide,0
Amiodarone,Treprostinil,1
Orphenadrine,Clobazam,1
Buprenorphine,Protriptyline,1
Donepezil,Sorafenib,0
Risperidone,Pioglitazone,0
Enzalutamide,Celiprolol,0
Efavirenz,Pravastatin,0
Levodopa,Duloxetine,0
Teriflunomide,Iloprost,0
Olaparib,Diltiazem,0
Citalopram,Azithromycin,1
Galantamine,Levomilnacipran,0
Cyproterone acetate,Clonidine,0
Conivaptan,Nicotine,0
Loratadine,Tolbutamide,0
Vincristine,Bortezomib,0
Orphenadrine,Lidocaine,1
Ambrisentan,Olaparib,0
Cabergoline,Dasatinib,0
Pregabalin,Thalidomide,0
Lumiracoxib,Methyclothiazide,0
Moexipril,Polythiazide,0
Efavirenz,Fosamprenavir,0
Sildenafil,Isradipine,0
Amitriptyline,Quazepam,0
Thioridazine,Olanzapine,0
Moclobemide,Nevirapine,0
Pentobarbital,Midostaurin,0
Bisoprolol,Mycophenolate mofetil,0
Tramadol,Rotigotine,0
Trimethoprim,Boceprevir,0
Edoxaban,Leflunomide,1
Bosentan,Verapamil,0
Nevirapine,Desvenlafaxine,0
Rifabutin,Quetiapine,0
Apixaban,Treprostinil,1
Sulfisoxazole,Vardenafil,1
Secobarbital,Quinethazone,0
Thalidomide,Estrone,1
Cimetidine,Dabrafenib,0
Diclofenac,Tamoxifen,0
Meloxicam,Lopinavir,0
Cilostazol,Verapamil,0
Naloxegol,Sulfisoxazole,0
Rosuvastatin,Zafirlukast,0
Benzphetamine,Citalopram,0
Riociguat,Efavirenz,0
Mitotane,Ethanol,0
Tamoxifen,Boceprevir,0
Quinidine,Protriptyline,1
Ixazomib,Fosamprenavir,0
Azithromycin,Ticlopidine,0
Tamsulosin,Crizotinib,0
Zileuton,Gemifloxacin,0
Deferasirox,Asenapine,0
Sulfamethoxazole,Cholecalciferol,0
Bosentan,Lidocaine,0
Lithium cation,Olopatadine,0
Droperidol,Posaconazole,1
Tacrolimus,Ritonavir,0
Pentobarbital,Valsartan,0
Ranolazine,Imatinib,0
Promazine,Clemastine,0
Amiodarone,Alprenolol,1
Hydroflumethiazide,Yohimbine,0
Progesterone,Verapamil,0
Tamsulosin,Rolapitant,0
Pravastatin,Gemfibrozil,1
Felodipine,Bepridil,0
Tamsulosin,Promazine,0
Zileuton,Norfloxacin,0
Thioridazine,Panobinostat,0
Conivaptan,Venlafaxine,0
Alprenolol,Manidipine,0
Celecoxib,Hydrochlorothiazide,0
Fosphenytoin,Clomipramine,0
Celecoxib,Clarithromycin,0
Diltiazem,Gemfibrozil,0
Dabrafenib,Rifabutin,0
Phenprocoumon,Doxepin,1
Ledipasvir,Indinavir,0
Phenytoin,Buspirone,0
Rifapentine,Rosiglitazone,0
Valsartan,Canagliflozin,1
Azithromycin,Posaconazole,0
Pimozide,Metyrosine,0
Amitriptyline,Tamoxifen,0
Pimozide,Saquinavir,0
Atenolol,Olsalazine,0
Dabrafenib,Osimertinib,0
Valsartan,Fluvastatin,0
Abiraterone,Posaconazole,0
Escitalopram,Sorafenib,1
Primaquine,Isavuconazonium,0
Aliskiren,Furosemide,0
Tofacitinib,Aprepitant,0
Phenprocoumon,Itraconazole,0
Tamoxifen,Fosamprenavir,0
Estrone sulfate,Palbociclib,0
Ixazomib,Fluoxetine,0
Duloxetine,Clobazam,0
Rabeprazole,Dronedarone,0
Escitalopram,Ivacaftor,0
Felodipine,Luliconazole,0
Estrone sulfate,Estradiol,0
Dabrafenib,Meloxicam,0
Cisapride,Modafinil,0
Simvastatin,Mirtazapine,0
Edoxaban,Amitriptyline,0
Guanfacine,Labetalol,1
Asenapine,Rucaparib,0
Sitagliptin,Pargyline,1
Glimepiride,Etravirine,0
Carbamazepine,Torasemide,0
Lopinavir,Ticagrelor,0
Pindolol,Isoniazid,0
Tofacitinib,Ketoconazole,0
Amoxapine,Enalapril,0
Yohimbine,Lovastatin,0
Pazopanib,Ketoconazole,0
Paliperidone,Treprostinil,1
Bosutinib,Vemurafenib,0
Citalopram,Alfuzosin,1
Tamoxifen,Sulfisoxazole,0
Cyclophosphamide,Telithromycin,0
Eliglustat,Quinidine,0
Domperidone,Methadone,0
Lidocaine,Irbesartan,0
Ethanol,Quinethazone,0
Edoxaban,Methadone,0
Canagliflozin,Rasagiline,1
Prochlorperazine,Dosulepin,0
Parecoxib,Fluvoxamine,0
Selegiline,Ketoconazole,0
Fosphenytoin,Midostaurin,0
Escitalopram,Ziprasidone,0
Chloroquine,Stiripentol,0
Carbamazepine,Simvastatin,0
Caffeine,Tolbutamide,0
Chlorpromazine,Dronabinol,1
Fosphenytoin,Iloperidone,0
Protriptyline,Ticlopidine,0
Primaquine,Sorafenib,1
Bosentan,Doxorubicin,0
Enalapril,Etravirine,0
Phenobarbital,Bortezomib,0
Nevirapine,Rucaparib,0
Hydrochlorothiazide,Desvenlafaxine,0
Carteolol,Nefazodone,0
Fosphenytoin,Lorcaserin,0
Phenobarbital,Ticagrelor,0
Pimozide,Sodium oxybate,1
Galantamine,Stiripentol,0
Zuclopenthixol,Thioridazine,0
Dofetilide,Arformoterol,1
Nevirapine,Yohimbine,0
Seratrodast,Quinethazone,0
Methadone,Manidipine,0
Rifapentine,Ticagrelor,0
Methadone,Clemastine,0
Tofacitinib,Lovastatin,0
Clomipramine,Caffeine,0
Abiraterone,Luliconazole,0
Cyproterone acetate,Glipizide,0
Levofloxacin,Ritonavir,1
Desvenlafaxine,Tizanidine,0
Modafinil,Isradipine,0
Clopidogrel,Clarithromycin,0
Indomethacin,Isoniazid,0
Ubidecarenone,Sertraline,0
Sulfamethoxazole,Fusidic acid,0
Phenindione,Glyburide,1
Phenindione,Nafamostat,1
Anagrelide,Levofloxacin,1
Nilotinib,Nelfinavir,0
Vemurafenib,Tramadol,0
Sitagliptin,Tamoxifen,0
Bopindolol,Meloxicam,0
Panobinostat,Primaquine,1
Cinacalcet,Idelalisib,0
Alfuzosin,Polythiazide,0
Theophylline,Irbesartan,0
Colchicine,Dronabinol,0
Rosiglitazone,Levofloxacin,1
Phenindione,Selexipag,1
Cyclosporine,Clarithromycin,0
Toremifene,Olanzapine,1
Phenprocoumon,Tipranavir,1
Bosentan,Hydroflumethiazide,0
Pantoprazole,Cholecalciferol,0
Pimozide,Minocycline,1
Rilpivirine,Loratadine,0
Buprenorphine,Cinacalcet,0
Aliskiren,Leflunomide,0
Quinine,Nefazodone,0
Bupranolol,Silodosin,0
Carteolol,Desvenlafaxine,0
Colchicine,Tolvaptan,0
Cisapride,Lopinavir,0
Esmolol,Ouabain,1
Moexipril,Levodopa,0
Fosphenytoin,Ondansetron,0
Nicorandil,Clonidine,0
Promazine,Clomipramine,1
Idelalisib,Dabigatran etexilate,0
Ondansetron,Desipramine,1
Tapentadol,Sorafenib,0
Phenindione,Sulfadiazine,1
Idelalisib,Boceprevir,0
Amoxapine,Rolapitant,0
Bepridil,Mirabegron,0
Ledipasvir,Atenolol,0
Secobarbital,Haloperidol,0
Ondansetron,Quinidine,0
Propranolol,Chloroquine,0
Bortezomib,Tolbutamide,0
Donepezil,Venlafaxine,0
Erythromycin,Teriflunomide,0
Lumiracoxib,Norfloxacin,0
Quetiapine,Glyburide,0
Rucaparib,Lovastatin,0
Celecoxib,Ivacaftor,0
Isradipine,Clemastine,0
Disopyramide,Indinavir,0
Pirlindole,Pindolol,0
Sulfamethoxazole,Methylene blue,1
Formoterol,Hydrochlorothiazide,0
Iloperidone,Propofol,1
Primidone,Sulfadiazine,0
Methylphenobarbital,Citalopram,0
Darunavir,Fesoterodine,0
Chlorpromazine,Promethazine,1
Prucalopride,Enalapril,0
Indapamide,Boceprevir,0
Alogliptin,Terbinafine,0
Gliclazide,Celiprolol,1
Zuclopenthixol,Simeprevir,0
Glipizide,Fluconazole,0
Donepezil,Tolbutamide,0
Chloroquine,Luliconazole,0
Enzalutamide,Repaglinide,0
Methotrimeprazine,Pentobarbital,1
Dosulepin,Simeprevir,0
Telithromycin,Chloroquine,1
Tramadol,Toloxatone,0
Doxylamine,Furazolidone,0
Pitavastatin,Abiraterone,0
Gliclazide,Losartan,0
Donepezil,Telithromycin,0
Pentobarbital,Amoxapine,0
Nebivolol,Atomoxetine,0
Arformoterol,Moclobemide,0
Olanzapine,Minaprine,1
Methyclothiazide,Tolterodine,0
Phenindione,Mirtazapine,1
Haloperidol,Manidipine,0
Pitavastatin,Rabeprazole,0
Efavirenz,Fluconazole,0
Penbutolol,Labetalol,0
Idarubicin,Quinine,0
Nicardipine,Dosulepin,0
Droperidol,Sertraline,1
Escitalopram,Ciprofloxacin,1
Phenobarbital,Nilotinib,0
Lidocaine,Nelfinavir,0
Testosterone,Boceprevir,0
Vardenafil,Fluconazole,0
Modafinil,Darunavir,0
Rifampicin,Delavirdine,0
Rolapitant,Ceritinib,0
Nitrendipine,Voriconazole,0
Itraconazole,Isavuconazonium,0
Secobarbital,Omeprazole,0
Bosutinib,Rosuvastatin,0
Nilotinib,Mifepristone,0
Ritonavir,Zucapsaicin,0
Estrone sulfate,Trichlormethiazide,0
Lithium cation,Meloxicam,0
Hexobarbital,Etravirine,0
Imipramine,Osimertinib,0
Celecoxib,Furosemide,0
Apixaban,Lobeglitazone,0
Carbamazepine,Celiprolol,0
Desipramine,Rotigotine,0
Quinine,Disopyramide,1
Sildenafil,Stiripentol,0
Penbutolol,Tamsulosin,0
Iloperidone,Clemastine,0
Theophylline,Artemether,0
Ergotamine,Lovastatin,0
Loratadine,Idelalisib,0
Selegiline,Pindolol,0
Desipramine,Deferasirox,0
Dextroamphetamine,Fluoxetine,0
Pazopanib,Colchicine,0
Apixaban,Citalopram,0
Azithromycin,Sulfamethoxazole,1
Enzalutamide,Vardenafil,0
Yohimbine,Terbinafine,0
Nilotinib,Tolazamide,0
Perphenazine,Nilotinib,0
Estrone sulfate,Nateglinide,0
Prucalopride,Imatinib,0
Pentobarbital,Boceprevir,0
Protriptyline,Doxylamine,1
Dabrafenib,Citalopram,0
Protriptyline,Cholecalciferol,0
Phenytoin,Ubidecarenone,0
Glyburide,Lovastatin,0
Selexipag,Iloprost,1
Haloperidol,Bupropion,0
Anagrelide,Clotrimazole,0
Dolasetron,Paroxetine,0
Glipizide,Betaxolol,1
Buspirone,Ritonavir,0
Thalidomide,Methylphenobarbital,1
Ropinirole,Carteolol,1
Rabeprazole,Fluconazole,0
Phenobarbital,Lidocaine,0
Nortriptyline,Isavuconazonium,0
Everolimus,Clotrimazole,0
Bosentan,Seratrodast,0
Mitotane,Guanfacine,0
Epinastine,Methadone,0
Phenytoin,Mycophenolate mofetil,0
Mitotane,Quetiapine,0
Rivaroxaban,Dicoumarol,1
Lithium cation,Protriptyline,1
Imatinib,Tofacitinib,0
Haloperidol,Desipramine,1
Sulfamethoxazole,Luliconazole,0
Primidone,Fluoxetine,0
Atazanavir,Tolbutamide,0
Haloperidol,Dabigatran etexilate,0
Mefloquine,Venlafaxine,0
Propranolol,Selexipag,0
Ergotamine,Lidocaine,0
Domperidone,Nortriptyline,1
Dabigatran etexilate,Epoprostenol,1
Ropinirole,Bortezomib,0
Clobazam,Isavuconazonium,0
Lidocaine,Citalopram,0
Ixazomib,Cocaine,0
Venlafaxine,Irbesartan,0
Perphenazine,Indinavir,0
Yohimbine,Clobazam,0
Chlorpropamide,Gemifloxacin,1
Bosentan,Dofetilide,0
Trimethoprim,Fluvastatin,0
Dabigatran etexilate,Parecoxib,1
Indapamide,Lopinavir,0
Toloxatone,Valsartan,0
Betaxolol,Manidipine,0
Teriflunomide,Thioridazine,0
Loratadine,Clomipramine,0
Colchicine,Methadone,0
Thiamylal,Sodium oxybate,1
Sotalol,Protriptyline,1
Isradipine,Amiodarone,0
Ziprasidone,Indinavir,0
Dabrafenib,Benzphetamine,0
Nevirapine,Crisaborole,0
Lumefantrine,Lithium cation,1
Mitotane,Venlafaxine,0
Salicylic acid,Amiodarone,0
Dicoumarol,Anagrelide,1
Conivaptan,Phenoxybenzamine,0
Azithromycin,Dasatinib,0
Paraldehyde,Brimonidine,1
Aripiprazole,Lopinavir,0
Fluvoxamine,Dabigatran etexilate,0
Pindolol,Midostaurin,0
Azithromycin,Ziprasidone,0
Primaquine,Imatinib,0
Ondansetron,Ticlopidine,0
Nefazodone,Telaprevir,0
Amprenavir,Estrone sulfate,0
Acenocoumarol,Rucaparib,0
Aminophylline,Isradipine,0
Panobinostat,Lithium cation,1
Tolazamide,Toloxatone,1
Cyclobenzaprine,Telaprevir,0
Verapamil,Stiripentol,0
Loratadine,Abiraterone,0
Thioridazine,Propofol,0
Metoprolol,Desipramine,0
Trimethoprim,Clemastine,0
Bisoprolol,Saquinavir,0
Bosutinib,Cisapride,0
Phenelzine,Moexipril,0
Pentobarbital,Mefloquine,0
Primaquine,Ranolazine,1
Antipyrine,Bendroflumethiazide,0
Gemifloxacin,Chlorpromazine,1
Metolazone,Trichlormethiazide,0
Lorcaserin,Ivacaftor,0
Ranolazine,Isradipine,0
Lumiracoxib,Sertraline,0
Rosuvastatin,Nilvadipine,0
Aripiprazole,Clomipramine,0
Prochlorperazine,Posaconazole,0
Esmolol,Desvenlafaxine,0
Droperidol,Galantamine,1
Alprenolol,Epoprostenol,0
Pimozide,Telaprevir,0
Estradiol,Idelalisib,0
Captopril,Ziprasidone,0
Nevirapine,Glipizide,0
Minaprine,Penbutolol,1
Rosiglitazone,Escitalopram,1
Progesterone,Ceritinib,0
Selexipag,Boceprevir,0
Disopyramide,Sulfamethoxazole,1
Acetylsalicylic acid,Vemurafenib,0
Voriconazole,Stiripentol,0
Donepezil,Sildenafil,0
Aripiprazole,Brimonidine,0
Darifenacin,Fesoterodine,0
Panobinostat,Ranolazine,0
Mianserin,Diphenhydramine,0
Efavirenz,Ticlopidine,0
Primaquine,Fluconazole,1
Fluvastatin,Darifenacin,0
Daunorubicin,Sildenafil,0
Metoprolol,Teriflunomide,0
Netupitant,Methotrimeprazine,0
Guanfacine,Amoxapine,0
Protriptyline,Darunavir,0
Deferasirox,Caffeine,0
Acetylsalicylic acid,Valsartan,0
Bromocriptine,Nortriptyline,0
Naloxegol,Ketoconazole,0
Cyproterone acetate,Anagrelide,0
Tizanidine,Vemurafenib,0
Dofetilide,Sertraline,1
Ondansetron,Nilotinib,0
Pitavastatin,Lercanidipine,0
Mitotane,Phenprocoumon,0
Sulfisoxazole,Minaprine,1
Tizanidine,Pramipexole,0
Pseudoephedrine,Paliperidone,0
Pirlindole,Phenoxybenzamine,0
Phenindione,Diclofenac,1
Pentobarbital,Trimipramine,0
Ibrutinib,Fosaprepitant,0
Yohimbine,Rolapitant,0
Enzalutamide,Perphenazine,0
Bupranolol,Ibuprofen,0
Naloxegol,Diltiazem,0
Amphetamine,Abiraterone,0
Disopyramide,Bopindolol,1
Hydrocodone,Pregabalin,1
Amprenavir,Cholecalciferol,0
Hexobarbital,Methyclothiazide,0
Lorcaserin,Aprepitant,0
Minaprine,Ranolazine,0
Ubidecarenone,Warfarin,0
Selegiline,Ziprasidone,0
Topotecan,Saquinavir,0
Mexiletine,Fosaprepitant,0
Colchicine,Selegiline,0
Magnesium sulfate,Metyrosine,0
Ziprasidone,Clarithromycin,0
Idarubicin,Sertraline,0
Acemetacin,Polythiazide,0
Chlorpromazine,Amoxapine,1
Prochlorperazine,Abiraterone,0
Progesterone,Atazanavir,0
Trimipramine,Voriconazole,0
Estrone sulfate,Darunavir,0
Fluvastatin,Cholecalciferol,0
Nicotine,Valsartan,0
Vincristine,Azelastine,0
Alogliptin,Methotrimeprazine,0
Dofetilide,Diltiazem,0
Methadone,Quazepam,0
Silodosin,Darunavir,0
Thioridazine,Mefloquine,0
Ciprofloxacin,Treprostinil,1
Vardenafil,Acebutolol,0
Gemfibrozil,Atazanavir,0
Rosiglitazone,Toloxatone,1
Valsartan,Ambrisentan,0
Valproic acid,Rucaparib,0
Phenoxybenzamine,Ranolazine,0
Clomipramine,Lopinavir,0
Thioridazine,Risperidone,0
Balsalazide,Hydroflumethiazide,0
Edoxaban,Anagrelide,1
Levofloxacin,Ciprofloxacin,1
Lumacaftor,Ceritinib,0
Theophylline,Darifenacin,0
Testosterone,Tolbutamide,0
Fosphenytoin,Dolasetron,0
Citalopram,Vemurafenib,0
Dorzolamide,Celiprolol,0
Tolterodine,Leflunomide,0
Dextroamphetamine,Cimetidine,0
Chlorpropamide,Luliconazole,0
Domperidone,Sevoflurane,1
Amprenavir,Nilotinib,0
Digoxin,Luliconazole,0
Ibrutinib,Primaquine,0
Ethanol,Ticlopidine,0
Chloroquine,Ciprofloxacin,1
Nicardipine,Duloxetine,0
Etoricoxib,Dihydroergotamine,0
Tacrolimus,Rucaparib,0
Bosutinib,Quinine,0
Celecoxib,Manidipine,0
Bosentan,Epinastine,0
Lumefantrine,Dronedarone,0
Zolpidem,Diphenhydramine,1
Theophylline,Olaparib,0
Mitotane,Glyburide,0
Thiamylal,Dronabinol,1
Azithromycin,Moexipril,1
Aminophylline,Nelfinavir,0
Carbamazepine,Darifenacin,0
Rifabutin,Testosterone,0
Zuclopenthixol,Diltiazem,0
Pseudoephedrine,Propranolol,1
Rotigotine,Luliconazole,0
Toloxatone,Nitrendipine,0
Domperidone,Nicardipine,1
Formoterol,Ticlopidine,0
Abiraterone,Atazanavir,0
Ticagrelor,Fluvoxamine,0
Aliskiren,Simeprevir,0
Granisetron,Cholecalciferol,0
Dosulepin,Darunavir,0
Captopril,Indinavir,0
Omeprazole,Nelfinavir,0
Clonidine,Theophylline,0
Suvorexant,Olanzapine,1
Rifampicin,Lidocaine,0
Nevirapine,Simeprevir,0
Rifaximin,Indinavir,0
Vardenafil,Nicorandil,0
Sotalol,Nefazodone,0
Quinine,Tolbutamide,0
Selegiline,Crisaborole,0
Aliskiren,Dronedarone,0
Lumiracoxib,Gemifloxacin,0
Lumacaftor,Dolasetron,0
Primaquine,Haloperidol,1
Simvastatin,Amprenavir,0
Methadone,Lumefantrine,0
Desipramine,Ximelagatran,0
Etoricoxib,Valproic acid,0
Gemifloxacin,Amitriptyline,1
Metoprolol,Mifepristone,0
Ibuprofen,Deferasirox,0
Bosentan,Pantoprazole,0
Toremifene,Zucapsaicin,0
Thioridazine,Nortriptyline,0
Aripiprazole,Tolbutamide,0
Rucaparib,Nelfinavir,0
Quazepam,Osimertinib,0
Desipramine,Ritonavir,0
Conivaptan,Zileuton,0
Methadone,Trimethoprim,1
Digitoxin,Ceritinib,0
Warfarin,Nafamostat,1
Everolimus,Haloperidol,0
Sildenafil,Cinacalcet,0
Naloxegol,Captopril,0
Pantoprazole,Bosutinib,0
Rotigotine,Paroxetine,0
Metamfetamine,Rasagiline,0
Dorzolamide,Nicorandil,0
Duloxetine,Ondansetron,1
Chlorpromazine,Tolterodine,1
Levomilnacipran,Tramadol,0
Teriflunomide,Cilostazol,0
Mefloquine,Nadolol,1
Ondansetron,Promethazine,1
Domperidone,Azithromycin,0
Selexipag,Tamoxifen,0
Vincristine,Propranolol,0
Phenindione,Lovastatin,1
Bromocriptine,Carvedilol,1
Quinidine,Sunitinib,1
Imatinib,Terbinafine,0
Promethazine,Mifepristone,1
Nicotine,Fosamprenavir,0
Tipranavir,Ivacaftor,0
Nafamostat,Salicylic acid,1
Zuclopenthixol,Manidipine,0
Enzalutamide,Cobicistat,0
Lercanidipine,Ranolazine,0
Pioglitazone,Etravirine,0
Palbociclib,Clemastine,0
Aprepitant,Warfarin,0
Digitoxin,Luliconazole,0
Cyclosporine,Crizotinib,0
Tamoxifen,Sulfadiazine,0
Rifabutin,Rabeprazole,0
Promethazine,Dosulepin,0
Ixazomib,Vemurafenib,0
Ibrutinib,Imipramine,0
Yohimbine,Netupitant,0
Verapamil,Enalaprilat,0
Betaxolol,Carvedilol,0
Cinacalcet,Fesoterodine,0
Naloxegol,Loratadine,0
Promethazine,Cimetidine,0
Ziprasidone,Palbociclib,0
Enalapril,Amiodarone,0
Doxorubicin,Progesterone,0
Chloroquine,Lopinavir,0
Loratadine,Betaxolol,0
Dolasetron,Telaprevir,0
Phenprocoumon,Balsalazide,1
Mitotane,Colchicine,0
Eliglustat,Dasatinib,0
Phenytoin,Ibuprofen,0
Levomilnacipran,Amiodarone,0
Indapamide,Simeprevir,0
Tranylcypromine,Droperidol,1
Carvedilol,Darunavir,0
Chlorpromazine,Isradipine,1
Secobarbital,Amprenavir,0
Aprepitant,Torasemide,0
Riociguat,Mifepristone,0
Ixazomib,Simeprevir,0
Nicotine,Dihydroergotamine,0
Brimonidine,Nicardipine,0
Selegiline,Cyclosporine,0
Rifapentine,Bromocriptine,0
Tipranavir,Aminophylline,0
Pazopanib,Diclofenac,0
Thalidomide,Deslanoside,0
Glipizide,Bupranolol,1
Dabrafenib,Tolbutamide,0
Enalapril,Levodopa,0
Nilotinib,Lopinavir,0
Mitotane,Ziprasidone,0
Quinine,Clobazam,0
Disopyramide,Artemether,1
Cyclobenzaprine,Chloroquine,0
Progesterone,Cobicistat,0
Boceprevir,Clotrimazole,0
Cyclosporine,Moexipril,0
Orphenadrine,Fluvoxamine,1
Selegiline,Carteolol,0
Dolasetron,Quinine,0
Chlorpromazine,Doxylamine,1
Rifabutin,Azelastine,0
Captopril,Darunavir,0
Suvorexant,Tizanidine,1
Topotecan,Enzalutamide,0
Tipranavir,Tolbutamide,0
Colchicine,Bepridil,0
Acetylsalicylic acid,Tamoxifen,0
Daunorubicin,Olaparib,0
Meloxicam,Atazanavir,0
Silodosin,Quinine,0
Glyburide,Citalopram,0
Apixaban,Lidocaine,0
Acetylsalicylic acid,Fluorouracil,0
Haloperidol,Tamoxifen,0
Nortriptyline,Voriconazole,0
Glyburide,Mifepristone,0
Afatinib,Deslanoside,0
Methylene blue,Tibolone,0
Benzphetamine,Clemastine,0
Dihydroergotamine,Mirtazapine,0
Zuclopenthixol,Norfloxacin,1
Simeprevir,Clarithromycin,0
Dofetilide,Nelfinavir,0
Seratrodast,Quazepam,0
Bortezomib,Idelalisib,0
Moexipril,Hydroflumethiazide,0
Seratrodast,Crisaborole,0
Argatroban,Sevoflurane,1
Rifabutin,Clotrimazole,0
Mirabegron,Nelfinavir,0
Pimozide,Eliglustat,1
Zolpidem,Clozapine,1
Rucaparib,Dihydroergotamine,0
Benzphetamine,Osimertinib,0
Trimipramine,Enalapril,0
Fosamprenavir,Fosaprepitant,0
Vemurafenib,Buspirone,0
Tacrolimus,Delavirdine,0
Rifaximin,Desipramine,0
Diltiazem,Moexipril,0
Metamfetamine,Methotrimeprazine,0
Verapamil,Tipranavir,0
Warfarin,Cimetidine,1
Salicylic acid,Vemurafenib,0
Hexobarbital,Nitrendipine,0
Gemifloxacin,Haloperidol,1
Azelastine,Amitriptyline,1
Hydroflumethiazide,Felodipine,0
Saxagliptin,Paroxetine,1
Escitalopram,Tolterodine,1
Amoxapine,Celecoxib,0
Zolpidem,Verapamil,0
Orphenadrine,Telithromycin,0
Ethanol,Dronabinol,1
Amoxapine,Apixaban,0
Zolpidem,Fluconazole,0
Imipramine,Mifepristone,1
Aminophylline,Posaconazole,0
Etoricoxib,Caffeine,0
Saquinavir,Chlorpromazine,1
Prochlorperazine,Timolol,0
Eliglustat,Abiraterone,0
Timolol,Ranolazine,0
Estradiol,Darunavir,0
Repaglinide,Sulfadiazine,1
Phenobarbital,Amitriptyline,0
Lumiracoxib,Fluvastatin,0
Mirtazapine,Crisaborole,0
Pseudoephedrine,Nevirapine,0
Ambrisentan,Ceritinib,0
Dofetilide,Conivaptan,0
Prochlorperazine,Darifenacin,0
Simvastatin,Duloxetine,0
Nateglinide,Amphetamine,1
Pentobarbital,Nefazodone,0
Asenapine,Bosutinib,0
Escitalopram,Ritonavir,1
Atenolol,Levomilnacipran,0
Primidone,Levomilnacipran,0
Lercanidipine,Nefazodone,0
Trimipramine,Nicardipine,0
Etoricoxib,Indapamide,0
Ropinirole,Lovastatin,0
Mifepristone,Pirlindole,1
Nitrendipine,Nefazodone,0
Pindolol,Metyrosine,0
Theophylline,Cinacalcet,0
Amphetamine,Tipranavir,0
Glimepiride,Bopindolol,1
Salicylic acid,Delavirdine,0
Citalopram,Itraconazole,0
Phenytoin,Amitriptyline,0
Carvedilol,Nafamostat,0
Droperidol,Isradipine,1
Topotecan,Verapamil,0
Moclobemide,Cocaine,0
Domperidone,Telaprevir,0
Sildenafil,Dihydroergotamine,0
Panobinostat,Dolasetron,1
Carbamazepine,Protriptyline,0
Estrone sulfate,Gliclazide,0
Chlorpropamide,Irbesartan,0
Teriflunomide,Iloperidone,0
Mifepristone,Rasagiline,1
Doxepin,Voriconazole,0
Idarubicin,Indinavir,0
Seratrodast,Idelalisib,0
Rifampicin,Etoricoxib,0
Sunitinib,Stiripentol,0
Indomethacin,Fluvoxamine,0
Guanfacine,Duloxetine,0
Crizotinib,Darunavir,0
Risperidone,Magnesium sulfate,1
Cyclobenzaprine,Diltiazem,0
Timolol,Efavirenz,0
Quinine,Timolol,0
Rifaximin,Azithromycin,0
Prochlorperazine,Sertraline,0
Simeprevir,Cobicistat,0
Cobicistat,Isavuconazonium,0
Phenobarbital,Estrone sulfate,0
Carvedilol,Crisaborole,0
Buprenorphine,Chloroquine,0
Felodipine,Aprepitant,0
Phenobarbital,Manidipine,0
Donepezil,Zafirlukast,0
Amobarbital,Droperidol,1
Seratrodast,Rucaparib,0
Citalopram,Atazanavir,0
Ticlopidine,Indinavir,0
Disopyramide,Acetylsalicylic acid,1
Enalapril,Cobicistat,0
Ximelagatran,Salicylic acid,1
Pazopanib,Desipramine,0
Cyclosporine,Etoricoxib,1
Phenytoin,Doxylamine,1
Sildenafil,Trichlormethiazide,0
Venlafaxine,Indinavir,0
Pindolol,Quinidine,0
Metoprolol,Trichlormethiazide,0
Rucaparib,Posaconazole,0
Dextroamphetamine,Imipramine,0
Anagrelide,Riociguat,0
Simvastatin,Mirabegron,0
Pantoprazole,Voriconazole,0
Diclofenac,Quinethazone,0
Artemether,Sorafenib,1
Acetyldigitoxin,Azithromycin,0
Acenocoumarol,Etacrynic acid,0
Celecoxib,Saquinavir,0
Disopyramide,Primaquine,1
Captopril,Rolapitant,0
Riociguat,Trimethoprim,0
Rabeprazole,Telithromycin,0
Pitavastatin,Risperidone,0
Idelalisib,Cobicistat,0
Rosuvastatin,Azelastine,0
Argatroban,Ziprasidone,0
Buprenorphine,Clarithromycin,0
Polythiazide,Ambrisentan,0
Methadone,Sodium oxybate,1
Quinine,Fosamprenavir,0
Bisoprolol,Lumefantrine,0
Glipizide,Nebivolol,1
Tranylcypromine,Trichlormethiazide,0
Amprenavir,Indinavir,0
Quetiapine,Isavuconazonium,0
Darunavir,Phenytoin,0
Amprenavir,Lumefantrine,0
Tamoxifen,Valproic acid,0
Tamsulosin,Chloroquine,0
Bromocriptine,Granisetron,1
Quinine,Sildenafil,0
Bosentan,Chloroquine,0
Domperidone,Nefazodone,0
Rolapitant,Verapamil,0
Fluvastatin,Voriconazole,0
Lumefantrine,Nefazodone,0
Doxorubicin,Sunitinib,0
Mitotane,Primaquine,0
Nevirapine,Gemfibrozil,0
Mirtazapine,Zuclopenthixol,1
Lumiracoxib,Tranylcypromine,0
Phenindione,Quinine,1
Pimozide,Primaquine,1
Levomilnacipran,Losartan,0
Dabrafenib,Sertraline,0
Bosentan,Metyrosine,0
Tacrolimus,Celecoxib,1
Orphenadrine,Sulfisoxazole,0
Sotalol,Methadone,1
Rilpivirine,Fluoxetine,0
Deferasirox,Haloperidol,0
Rifampicin,Repaglinide,0
Phenindione,Chlorpropamide,1
Primidone,Aprepitant,0
Pindolol,Ticlopidine,0
Escitalopram,Fesoterodine,0
Doxepin,Ximelagatran,0
Haloperidol,Netupitant,0
Ixazomib,Amiodarone,0
Chlorpropamide,Phenelzine,1
Ergotamine,Metipranolol,0
Clozapine,Glyburide,0
Labetalol,Dosulepin,0
Sildenafil,Desipramine,0
Nateglinide,Posaconazole,0
Estradiol,Tamoxifen,0
Imatinib,Saquinavir,0
Conivaptan,Erythromycin,0
Parecoxib,Hydroflumethiazide,0
Glyburide,Indinavir,0
Aliskiren,Posaconazole,0
Losartan,Telaprevir,0
Rilpivirine,Tipranavir,0
Rifaximin,Quinidine,0
Cyclophosphamide,Fosaprepitant,0
Lopinavir,Fosaprepitant,0
Amprenavir,Afatinib,0
Chlorthalidone,Enalaprilat,0
Brimonidine,Methylphenidate,0
Nevirapine,Cimetidine,0
Moexipril,Phenoxybenzamine,0
Pazopanib,Cinacalcet,0
Pentamidine,Duloxetine,0
Cisapride,Promazine,1
Iloprost,Chlorothiazide,0
Phenobarbital,Quinethazone,0
Clopidogrel,Crisaborole,0
Fluoxetine,Bortezomib,1
Warfarin,Sulfadiazine,0
Lumacaftor,Clobazam,0
Ritonavir,Luliconazole,0
Clozapine,Fluoxetine,0
Desipramine,Nicorandil,0
Pazopanib,Ubidecarenone,1
Deferasirox,Cilostazol,0
Primidone,Clozapine,0
Mexiletine,Metoprolol,0
Tramadol,Telaprevir,0
Ondansetron,Telaprevir,0
Rifapentine,Daunorubicin,0
Cilostazol,Artemether,0
Seratrodast,Rilpivirine,0
Loratadine,Diphenhydramine,0
Edoxaban,Delavirdine,0
Clomipramine,Ritonavir,0
Mesalazine,Lumiracoxib,1
Bepridil,Dabigatran etexilate,0
Fingolimod,Venlafaxine,0
Rilpivirine,Manidipine,0
Tranylcypromine,Atomoxetine,1
Epinastine,Haloperidol,0
Aripiprazole,Ticlopidine,0
Pentamidine,Diphenhydramine,1
Seratrodast,Sorafenib,0
Bupranolol,Venlafaxine,0
Zolpidem,Primidone,1
Anagrelide,Fluvoxamine,0
Mefloquine,Lovastatin,0
Granisetron,Ticlopidine,0
Doxepin,Doxycycline,0
Balsalazide,Chlorothiazide,0
Ibrutinib,Methotrimeprazine,0
Clonidine,Erythromycin,0
Sunitinib,Mifepristone,1
Tolbutamide,Ticagrelor,0
Levomilnacipran,Quinine,0
Losartan,Palbociclib,0
Rifampicin,Amobarbital,0
Valproic acid,Pramipexole,0
Methylene blue,Amoxapine,1
Bisoprolol,Panobinostat,0
Ledipasvir,Fluconazole,0
Cabergoline,Bortezomib,0
Ubidecarenone,Lercanidipine,0
Lopinavir,Ketoconazole,0
Sitagliptin,Lumacaftor,0
Rotigotine,Sertraline,0
Propafenone,Mirtazapine,1
Rolapitant,Fluvoxamine,0
Methylene blue,Esmolol,0
Sildenafil,Bupranolol,0
Enzalutamide,Topiroxostat,0
Chlorpromazine,Diphenhydramine,1
Ergotamine,Delavirdine,0
Furazolidone,Guanfacine,0
Promazine,Topiroxostat,0
Bepridil,Abiraterone,0
Arformoterol,Lovastatin,0
Bepridil,Selexipag,0
Anagrelide,Treprostinil,1
Clobazam,Rilpivirine,0
Acenocoumarol,Dasatinib,1
Clonidine,Clotrimazole,0
Amitriptyline,Droperidol,1
Anagrelide,Isradipine,1
Enzalutamide,Quetiapine,0
Pitavastatin,Olanzapine,0
Rotigotine,Dronedarone,0
Fosphenytoin,Yohimbine,0
Cholecalciferol,Lopinavir,0
Guanfacine,Ceritinib,0
Hydrocodone,Doxylamine,1
Primidone,Darifenacin,0
Lumiracoxib,Etravirine,0
Alfuzosin,Diltiazem,0
Metamfetamine,Phenytoin,0
Zileuton,Clemastine,0
Prucalopride,Sorafenib,0
Estrone,Etoricoxib,1
Diclofenac,Etacrynic acid,0
Nitrendipine,Dabigatran etexilate,0
Dabrafenib,Seratrodast,0
Diphenhydramine,Midostaurin,0
Protriptyline,Clemastine,0
Haloperidol,Terbinafine,0
Protriptyline,Amprenavir,0
Deferasirox,Bupropion,0
Apixaban,Tamoxifen,0
Felodipine,Idelalisib,0
Lithium cation,Hydrochlorothiazide,0
Verapamil,Ximelagatran,0
Magnesium sulfate,Rotigotine,0
Imipramine,Omeprazole,0
Topotecan,Azelastine,0
Lopinavir,Voriconazole,0
Mefloquine,Netupitant,0
Ledipasvir,Ergotamine,0
Granisetron,Aprepitant,0
Aliskiren,Meloxicam,0
Doxepin,Bortezomib,0
Thiopental,Iloprost,0
Irbesartan,Metyrosine,0
Doxepin,Fluvastatin,0
Vemurafenib,Deslanoside,0
Edoxaban,Crizotinib,0
Nortriptyline,Edoxaban,0
Asenapine,Magnesium sulfate,1
Zolpidem,Luliconazole,0
Pazopanib,Nelfinavir,0
Nabilone,Perampanel,1
Imatinib,Venlafaxine,0
Ciprofloxacin,Moexipril,1
Amiodarone,Betaxolol,1
Primidone,Rabeprazole,0
Perphenazine,Bortezomib,0
Progesterone,Azithromycin,0
Granisetron,Darifenacin,0
Ziprasidone,Fingolimod,1
Timolol,Citalopram,0
Rifabutin,Fosaprepitant,0
Pseudoephedrine,Eliglustat,0
Methylene blue,Citalopram,1
Naloxegol,Tacrolimus,0
Quazepam,Rucaparib,0
Modafinil,Fosaprepitant,0
Lumacaftor,Isradipine,0
Seratrodast,Telaprevir,0
Carbamazepine,Pentamidine,0
Metoprolol,Darifenacin,0
Methotrimeprazine,Midostaurin,0
Eliglustat,Indinavir,0
Ticlopidine,Atazanavir,0
Selegiline,Trimethoprim,0
Rifampicin,Atazanavir,0
Tapentadol,Ropinirole,0
Buspirone,Cimetidine,0
Ciprofloxacin,Enalapril,1
Cyclosporine,Nafamostat,0
Primidone,Rolapitant,0
Pimozide,Fluoxetine,1
Methylene blue,Sotalol,0
Riociguat,Fluvoxamine,0
Mitotane,Doxorubicin,0
Disopyramide,Pindolol,1
Ranolazine,Rilpivirine,0
Hexobarbital,Propranolol,0
Dabrafenib,Dronabinol,0
Ziprasidone,Zucapsaicin,0
Torasemide,Pioglitazone,0
Rivaroxaban,Olsalazine,1
Olaparib,Osimertinib,0
Bortezomib,Acetyldigitoxin,0
Rotigotine,Cobicistat,0
Nitrendipine,Enalaprilat,0
Chlorothiazide,Metyrosine,0
Etoricoxib,Fesoterodine,0
Bisoprolol,Cocaine,0
Torasemide,Trimethoprim,0
Rifampicin,Lumiracoxib,0
Ibuprofen,Tranylcypromine,0
Simvastatin,Saquinavir,0
Ondansetron,Isradipine,1
Ubidecarenone,Ethanol,0
Sorafenib,Digitoxin,0
Ibrutinib,Conivaptan,0
Progesterone,Ziprasidone,0
Lumefantrine,Atazanavir,0
Methotrimeprazine,Promazine,1
Voriconazole,Progesterone,0
Tapentadol,Panobinostat,0
Doxorubicin,Celecoxib,0
Efavirenz,Canagliflozin,0
Dihydroergotamine,Enalaprilat,0
Crizotinib,Lapatinib,1
Chloroquine,Bendroflumethiazide,0
Donepezil,Ziprasidone,0
Dextroamphetamine,Tranylcypromine,0
Diphenhydramine,Simeprevir,0
Tranylcypromine,Dolasetron,1
Venlafaxine,Furazolidone,1
Fluorouracil,Clotrimazole,0
Lumefantrine,Fluconazole,1
Rosiglitazone,Tolbutamide,0
Dicoumarol,Ethinylestradiol,0
Phenindione,Telithromycin,0
Theophylline,Midostaurin,0
Tolazamide,Salicylic acid,1
Clonidine,Artemether,0
Ethinylestradiol,Isradipine,0
Pitavastatin,Amiodarone,0
Pazopanib,Amprenavir,0
Quetiapine,Magnesium sulfate,1
Carvedilol,Lovastatin,0
Carbamazepine,Chloroquine,0
Bortezomib,Risperidone,0
Tamoxifen,Lidocaine,0
Artemether,Fluorouracil,0
Nevirapine,Selexipag,0
Darifenacin,Celecoxib,0
Olopatadine,Dihydroergotamine,0
Conivaptan,Atazanavir,0
Ziprasidone,Luliconazole,0
Dofetilide,Fosaprepitant,0
Zileuton,Venlafaxine,0
Orphenadrine,Amiodarone,0
Lovastatin,Zucapsaicin,0
Guanfacine,Manidipine,0
Acenocoumarol,Idelalisib,0
Primaquine,Trimethoprim,1
Secobarbital,Etravirine,0
Tacrolimus,Netupitant,0
Carteolol,Formoterol,0
Argatroban,Netupitant,0
Orphenadrine,Tapentadol,1
Conivaptan,Sildenafil,0
Arformoterol,Celecoxib,0
Metipranolol,Primaquine,0
Lercanidipine,Alprenolol,0
Escitalopram,Propofol,1
Donepezil,Sulfamethoxazole,0
Nefazodone,Atomoxetine,0
Tamoxifen,Lopinavir,0
Thiamylal,Conivaptan,0
Phenprocoumon,Imipramine,1
Digoxin,Ranolazine,0
Ibuprofen,Hydrochlorothiazide,0
Phenytoin,Promazine,0
Nicardipine,Cocaine,0
Risperidone,Abiraterone,0
Ropinirole,Ranolazine,0
Saquinavir,Etravirine,0
Lidocaine,Disopyramide,1
Metoprolol,Promethazine,0
Imatinib,Crizotinib,0
Imatinib,Darunavir,0
Aripiprazole,Bepridil,0
Moclobemide,Eliglustat,0
Granisetron,Trimethoprim,1
Quinine,Clozapine,0
Cocaine,Dasatinib,0
Bosentan,Propranolol,0
Estradiol,Nilotinib,0
Dronedarone,Voriconazole,0
Cinacalcet,Sulfisoxazole,0
Dabrafenib,Ouabain,0
Guanfacine,Moclobemide,0
Citalopram,Abiraterone,0
Epoprostenol,Valsartan,0
Pazopanib,Chloroquine,0
Salicylic acid,Sildenafil,0
Secobarbital,Pitavastatin,0
Enzalutamide,Verapamil,0
Methylphenobarbital,Hydroflumethiazide,0
Telithromycin,Osimertinib,0
Selegiline,Ivacaftor,0
Methohexital,Phenoxybenzamine,0
Artemether,Imatinib,0
Torasemide,Trichlormethiazide,0
Sotalol,Gemifloxacin,1
Silodosin,Nicardipine,0
Glyburide,Salicylic acid,1
Perampanel,Telithromycin,0
Carvedilol,Cimetidine,0
Nicardipine,Ropinirole,0
Carbamazepine,Macitentan,0
Phenprocoumon,Mycophenolate mofetil,1
Pazopanib,Clotrimazole,0
Pentobarbital,Theophylline,0
Primaquine,Ceritinib,0
Rifaximin,Pindolol,0
Sotalol,Tamsulosin,0
Bopindolol,Formoterol,0
Fosphenytoin,Irbesartan,0
Polythiazide,Selexipag,0
Asenapine,Sodium oxybate,1
Rifampicin,Ranolazine,0
Sotalol,Parecoxib,0
Phenoxybenzamine,Aliskiren,0
Azelastine,Diphenhydramine,1
Prochlorperazine,Nadolol,0
Toremifene,Imipramine,1
Epoprostenol,Tolbutamide,0
Timolol,Cocaine,0
Rifabutin,Riociguat,0
Salicylic acid,Trimethoprim,0
Ethanol,Carbamazepine,1
Enzalutamide,Lumefantrine,0
Fluoxetine,Fluvoxamine,0
Formoterol,Valsartan,0
Phenindione,Teriflunomide,1
Pindolol,Lopinavir,0
Nicorandil,Chlorothiazide,0
Methylene blue,Artemether,0
Thioridazine,Primaquine,0
Chlorpropamide,Valsartan,0
Olopatadine,Imatinib,0
Estrone,Palbociclib,0
Nafamostat,Anagrelide,1
Edoxaban,Indinavir,0
Ergotamine,Enalaprilat,0
Levofloxacin,Formoterol,1
Timolol,Lorcaserin,0
Perampanel,Erythromycin,0
Methohexital,Valproic acid,0
Ketoconazole,Doxycycline,0
Nadolol,Ibuprofen,0
Polythiazide,Alogliptin,0
Alfuzosin,Betaxolol,0
Etoricoxib,Lorcaserin,0
Mianserin,Zucapsaicin,0
Quinidine,Hydrocodone,0
Omeprazole,Lidocaine,0
Haloperidol,Fosamprenavir,0
Bisoprolol,Isavuconazonium,0
Cocaine,Telaprevir,0
Tranylcypromine,Bosentan,0
Conivaptan,Parecoxib,0
Cimetidine,Tramadol,0
Alprenolol,Aminophylline,0
Midostaurin,Digitoxin,0
Carbamazepine,Fluvastatin,0
Acemetacin,Epoprostenol,0
Sulfamethoxazole,Idelalisib,0
Timolol,Balsalazide,0
Bromocriptine,Sildenafil,0
Vardenafil,Mifepristone,1
Lidocaine,Ticlopidine,0
Dofetilide,Mirtazapine,1
Balsalazide,Seratrodast,1
Cabergoline,Penbutolol,0
Celecoxib,Losartan,0
Parecoxib,Crizotinib,0
Quetiapine,Bromocriptine,0
Fesoterodine,Aprepitant,0
Rifabutin,Cocaine,0
Tofacitinib,Ticlopidine,0
Deferasirox,Pantoprazole,0
Ambrisentan,Itraconazole,0
Cocaine,Telithromycin,0
Thalidomide,Indinavir,0
Sitagliptin,Clarithromycin,0
Toremifene,Pazopanib,1
Deferasirox,Midostaurin,0
Trimethoprim,Ticagrelor,0
Dronabinol,Irbesartan,0
Cilostazol,Doxycycline,0
Esmolol,Acetylsalicylic acid,0
Rivaroxaban,Epoprostenol,1
Nevirapine,Dronedarone,0
Repaglinide,Abiraterone,0
Metamfetamine,Cyclobenzaprine,0
Nortriptyline,Sodium oxybate,1
Aripiprazole,Clarithromycin,0
Methadone,Sildenafil,0
Perphenazine,Cocaine,0
Alfuzosin,Fluvoxamine,0
Zuclopenthixol,Betaxolol,0
Galantamine,Pindolol,1
Crizotinib,Deslanoside,0
Olaparib,Simeprevir,0
Dabrafenib,Tipranavir,0
Progesterone,Lopinavir,0
Simvastatin,Ethanol,0
Crizotinib,Ziprasidone,0
Ibuprofen,Bortezomib,0
Perphenazine,Lumacaftor,0
Macitentan,Dihydroergotamine,0
Ritonavir,Saquinavir,0
Lumacaftor,Dasatinib,0
Vincristine,Ouabain,0
Fosphenytoin,Thioridazine,0
Repaglinide,Pentamidine,1
Rilpivirine,Luliconazole,0
Levomilnacipran,Mifepristone,0
Doxepin,Sorafenib,0
Anagrelide,Panobinostat,1
Quetiapine,Sitagliptin,0
Artemether,Amiodarone,0
Silodosin,Magnesium sulfate,0
Meloxicam,Celecoxib,0
Ledipasvir,Desipramine,0
Thioridazine,Chloroquine,0
Ziprasidone,Formoterol,1
Ixazomib,Delavirdine,0
Toloxatone,Betaxolol,0
Moclobemide,Moexipril,0
Etravirine,Ubidecarenone,0
Seratrodast,Atomoxetine,0
Cyclophosphamide,Thioridazine,0
Tolbutamide,Bupranolol,1
Imipramine,Clarithromycin,0
Rolapitant,Voriconazole,0
Mycophenolate mofetil,Trichlormethiazide,0
Tamoxifen,Netupitant,0
Idarubicin,Fluvastatin,0
Ethanol,Idelalisib,0
Cocaine,Clarithromycin,0
Chloroquine,Nilotinib,0
Idelalisib,Fingolimod,0
Bortezomib,Dasatinib,0
Sevoflurane,Brimonidine,1
Treprostinil,Phenoxybenzamine,0
Suvorexant,Metyrosine,0
Caffeine,Citalopram,0
Desvenlafaxine,Formoterol,0
Zolpidem,Salicylic acid,0
Disopyramide,Bortezomib,1
Rosiglitazone,Dosulepin,0
Repaglinide,Lopinavir,0
Lovastatin,Verapamil,0
Conivaptan,Escitalopram,0
Pseudoephedrine,Olanzapine,0
Loratadine,Simeprevir,0
Sulfamethoxazole,Isradipine,0
Meloxicam,Rosiglitazone,0
Sildenafil,Timolol,0
Clemastine,Dronabinol,1
Quinidine,Aprepitant,0
Fosphenytoin,Phenytoin,0
Chlorpropamide,Olsalazine,1
Nilotinib,Clarithromycin,0
Metolazone,Polythiazide,0
Sunitinib,Rasagiline,1
Fosphenytoin,Tolvaptan,0
Progesterone,Bortezomib,0
Doxylamine,Ethanol,1
Nicotine,Rabeprazole,0
Cyclosporine,Erythromycin,0
Propafenone,Midostaurin,0
Amprenavir,Valproic acid,0
Tamoxifen,Theophylline,0
Lidocaine,Manidipine,0
Metipranolol,Oxprenolol,0
Estrone,Dronedarone,0
Dabrafenib,Imipramine,0
Phenytoin,Losartan,0
Terbinafine,Isavuconazonium,0
Warfarin,Netupitant,0
Tolbutamide,Propranolol,1
Ivacaftor,Isavuconazonium,0
Rabeprazole,Mifepristone,0
Zafirlukast,Mifepristone,0
Phenelzine,Carteolol,0
Toremifene,Doxycycline,0
Rifaximin,Colchicine,0
Fluoxetine,Alfuzosin,1
Alogliptin,Quinine,0
Dolasetron,Posaconazole,0
Primidone,Isradipine,0
Cisapride,Salicylic acid,0
Mitotane,Pentamidine,0
Crizotinib,Ritonavir,1
Thalidomide,Tofacitinib,0
Clozapine,Abiraterone,0
Azithromycin,Darunavir,0
Guanfacine,Betaxolol,1
Loratadine,Omeprazole,0
Acenocoumarol,Theophylline,0
Naloxegol,Colchicine,0
Formoterol,Tranylcypromine,0
Clozapine,Atomoxetine,1
Deferasirox,Posaconazole,0
Atomoxetine,Mifepristone,1
Protriptyline,Duloxetine,1
Abiraterone,Fluconazole,0
Gemfibrozil,Simeprevir,0
Vincristine,Ceritinib,0
Clomipramine,Levodopa,0
Progesterone,Dasatinib,0
Ledipasvir,Rilpivirine,0
Gemifloxacin,Formoterol,1
Minaprine,Sotalol,1
Aminophylline,Dosulepin,0
Secobarbital,Idarubicin,0
Selexipag,Netupitant,0
Everolimus,Fusidic acid,0
Propafenone,Lithium cation,1
Deferasirox,Alogliptin,0
Brimonidine,Levodopa,0
Bosutinib,Buspirone,0
Nevirapine,Meloxicam,0
Perampanel,Nelfinavir,0
Ciprofloxacin,Irbesartan,1
Levofloxacin,Mifepristone,1
Phenoxybenzamine,Irbesartan,0
Rifapentine,Ceritinib,0
Bopindolol,Acetyldigitoxin,1
Teriflunomide,Toremifene,0
Doxorubicin,Saquinavir,0
Bromocriptine,Olaparib,0
Nilotinib,Darunavir,0
Imipramine,Terbinafine,0
Timolol,Clobazam,0
Venlafaxine,Tizanidine,0
Imatinib,Posaconazole,0
Mexiletine,Sildenafil,0
Irbesartan,Rabeprazole,0
Teriflunomide,Quinethazone,0
Olanzapine,Clemastine,0
Fingolimod,Mirabegron,0
Celiprolol,Seratrodast,0
Lercanidipine,Dasatinib,0
Orphenadrine,Posaconazole,0
Olopatadine,Indapamide,0
Guanfacine,Oxprenolol,1
Clozapine,Sulfamethoxazole,1
Telithromycin,Methotrimeprazine,1
Thioridazine,Quinidine,0
Sitagliptin,Darunavir,0
Treprostinil,Sorafenib,0
Perphenazine,Magnesium sulfate,1
Warfarin,Ibuprofen,1
Rosuvastatin,Diltiazem,0
Imipramine,Metyrosine,0
Pregabalin,Methohexital,0
Carbamazepine,Metoprolol,0
Valproic acid,Voriconazole,0
Rifapentine,Sulfamethoxazole,0
Citalopram,Simeprevir,0
Cyclobenzaprine,Luliconazole,0
Dosulepin,Argatroban,0
Telithromycin,Dolasetron,1
Phenytoin,Lobeglitazone,0
Rosuvastatin,Bortezomib,0
Tolvaptan,Modafinil,0
Nefazodone,Amprenavir,0
Ziprasidone,Propofol,1
Rifaximin,Loratadine,0
Doxazosin,Levodopa,0
Hexobarbital,Valsartan,0
Buprenorphine,Perphenazine,1
Sorafenib,Fluorouracil,0
Fosphenytoin,Osimertinib,0
Bosentan,Terbinafine,0
Glipizide,Amiodarone,0
Selegiline,Hydrochlorothiazide,0
Methylene blue,Betaxolol,0
Pimozide,Idelalisib,0
Zuclopenthixol,Haloperidol,0
Phenobarbital,Eliglustat,0
Pentobarbital,Modafinil,0
Timolol,Indomethacin,0
Ubidecarenone,Tolazamide,0
Disopyramide,Clotrimazole,0
Meloxicam,Nelfinavir,0
Torasemide,Epoprostenol,0
Conivaptan,Vardenafil,0
Artemether,Dosulepin,0
Enzalutamide,Daunorubicin,0
Indapamide,Trichlormethiazide,0
Acemetacin,Quinethazone,0
Vemurafenib,Naloxegol,0
Indomethacin,Topiroxostat,0
Etacrynic acid,Glipizide,0
Tolbutamide,Ticlopidine,0
Arformoterol,Manidipine,0
Olanzapine,Isoniazid,0
Dabrafenib,Tramadol,0
Buspirone,Cyclosporine,0
Etravirine,Palbociclib,0
Everolimus,Rosiglitazone,0
Granisetron,Methotrimeprazine,0
Edoxaban,Etravirine,0
Levomilnacipran,Verapamil,0
Doxepin,Cocaine,0
Primaquine,Fluvoxamine,0
Lumacaftor,Bosentan,0
Donepezil,Topiroxostat,0
Levofloxacin,Telithromycin,1
Paliperidone,Ropinirole,0
Tizanidine,Labetalol,1
Edoxaban,Tipranavir,1
Ritonavir,Saxagliptin,0
Methohexital,Trimipramine,0
Quinidine,Abiraterone,0
Phenobarbital,Nefazodone,0
Enzalutamide,Perampanel,0
Disopyramide,Erythromycin,1
Pregabalin,Secobarbital,0
Pazopanib,Pentamidine,1
Anagrelide,Nelfinavir,1
Treprostinil,Irbesartan,0
Sildenafil,Clotrimazole,0
Acenocoumarol,Boceprevir,0
Ritonavir,Quinine,0
Rifabutin,Lobeglitazone,0
Fluoxetine,Ritonavir,1
Cisapride,Doxepin,1
Sildenafil,Metolazone,0
Primaquine,Dasatinib,0
Quetiapine,Protriptyline,1
Bisoprolol,Deslanoside,1
Rosuvastatin,Olaparib,0
Mirabegron,Lorcaserin,0
Cyclophosphamide,Citalopram,0
Pitavastatin,Iloperidone,0
Repaglinide,Toloxatone,1
Hydrocodone,Aripiprazole,1
Methotrimeprazine,Terbinafine,0
Glyburide,Ticlopidine,0
Nebivolol,Cinacalcet,0
Glipizide,Ivacaftor,0
Cilostazol,Imatinib,0
Pseudoephedrine,Clemastine,0
Quinine,Atazanavir,0
Pimozide,Nabilone,1
Acenocoumarol,Luliconazole,0
Formoterol,Nelfinavir,0
Secobarbital,Artemether,0
Sitagliptin,Itraconazole,0
Metoprolol,Telithromycin,0
Artemether,Estradiol,0
Etacrynic acid,Nateglinide,0
Dasatinib,Fluvoxamine,0
Oxprenolol,Bupranolol,0
Rifaximin,Nebivolol,0
Selexipag,Clopidogrel,1
Midostaurin,Ketoconazole,0
Methylphenobarbital,Phenindione,0
Celecoxib,Etacrynic acid,0
Diclofenac,Ceritinib,0
Daunorubicin,Fluconazole,0
Dicoumarol,Ticlopidine,0
Pentamidine,Telaprevir,0
Fosphenytoin,Erythromycin,0
Dabrafenib,Fingolimod,0
Suvorexant,Bortezomib,0
Nebivolol,Clotrimazole,0
Dronedarone,Methotrimeprazine,1
Propofol,Risperidone,0
Methylphenobarbital,Sotalol,0
Toremifene,Hydrochlorothiazide,0
Lumacaftor,Ranolazine,0
Desvenlafaxine,Nebivolol,0
Pentamidine,Sulfisoxazole,1
Dolasetron,Doxycycline,0
Diphenhydramine,Ketoconazole,0
Enalapril,Dorzolamide,0
Alogliptin,Eliglustat,0
Pentobarbital,Amitriptyline,0
Rifaximin,Warfarin,0
Simvastatin,Lumefantrine,0
Leflunomide,Rucaparib,0
Carvedilol,Quinidine,0
Sunitinib,Chlorpropamide,1
Erythromycin,Mefloquine,1
Pentamidine,Olaparib,0
Rifapentine,Digoxin,0
Galantamine,Simeprevir,0
Dofetilide,Darunavir,0
Saquinavir,Betaxolol,0
Bepridil,Rucaparib,0
Testosterone,Fosamprenavir,0
Pindolol,Ketoconazole,0
Isradipine,Fusidic acid,0
Testosterone,Lopinavir,0
Crizotinib,Granisetron,1
Carvedilol,Fingolimod,1
Dicoumarol,Cholecalciferol,0
Telaprevir,Sulfisoxazole,0
Risperidone,Ranolazine,0
Rivaroxaban,Crizotinib,0
Naloxegol,Quinine,0
Omeprazole,Cholecalciferol,0
Doxepin,Panobinostat,0
Iloperidone,Clozapine,0
Alfuzosin,Pseudoephedrine,0
Perphenazine,Tapentadol,1
Conivaptan,Disopyramide,0
Hydroflumethiazide,Nebivolol,0
Thiopental,Amiodarone,0
Captopril,Oxprenolol,0
Paraldehyde,Buspirone,1
Primidone,Phenindione,0
Tipranavir,Terbinafine,0
Nevirapine,Dosulepin,0
Repaglinide,Sitagliptin,1
Rucaparib,Simeprevir,0
Olsalazine,Azelastine,1
Antipyrine,Ropinirole,0
Aripiprazole,Desipramine,0
Thioridazine,Zucapsaicin,0
Enzalutamide,Fingolimod,0
Alprenolol,Cocaine,0
Losartan,Telithromycin,0
Cilostazol,Esomeprazole,0
Bosutinib,Carvedilol,0
Buprenorphine,Ropinirole,0
Carbamazepine,Pitavastatin,0
Amoxapine,Sitagliptin,0
Fosphenytoin,Lapatinib,0
Rifampicin,Azelastine,0
Anagrelide,Ritonavir,1
Saxagliptin,Simeprevir,0
Pregabalin,Ondansetron,0
Fluoxetine,Nelfinavir,0
Bortezomib,Sulfisoxazole,0
Valsartan,Lovastatin,0
Phenytoin,Amiodarone,0
Silodosin,Luliconazole,0
Carvedilol,Lumiracoxib,0
Pirlindole,Chlorthalidone,0
Iloperidone,Nabilone,1
Pioglitazone,Fusidic acid,0
Lumacaftor,Asenapine,0
Timolol,Formoterol,0
Dihydroergotamine,Carteolol,1
Primaquine,Sulfisoxazole,1
Amprenavir,Olaparib,0
Lopinavir,Palbociclib,0
Doxorubicin,Selegiline,0
Treprostinil,Sulfamethoxazole,0
Bupranolol,Chloroquine,0
Mianserin,Amiodarone,0
Ximelagatran,Voriconazole,0
Pazopanib,Theophylline,0
Apixaban,Nevirapine,0
Doxazosin,Methotrimeprazine,0
Betaxolol,Bupranolol,0
Imipramine,Ceritinib,0
Olopatadine,Hydrochlorothiazide,0
Ubidecarenone,Venlafaxine,0
Diltiazem,Teriflunomide,0
Rosiglitazone,Moclobemide,1
Tolvaptan,Simeprevir,0
Prochlorperazine,Darunavir,0
Galantamine,Guanfacine,1
Pregabalin,Hydroxyzine,1
Benzphetamine,Atazanavir,0
Lumefantrine,Indapamide,1
Tolazamide,Tranylcypromine,1
Tipranavir,Dihydroergotamine,0
Dofetilide,Nilotinib,0
Methadone,Tapentadol,1
Pravastatin,Clozapine,0
Sulfamethoxazole,Repaglinide,1
Rosuvastatin,Doxorubicin,0
Saxagliptin,Dihydroergotamine,0
Iloprost,Celiprolol,0
Pentobarbital,Phenoxybenzamine,0
Pregabalin,Levodopa,0
Digitoxin,Ziprasidone,0
Dronedarone,Clemastine,0
Phenytoin,Pitavastatin,0
Toremifene,Risperidone,1
Nateglinide,Gemifloxacin,1
Tacrolimus,Apixaban,0
Esmolol,Mycophenolate mofetil,0
Fosamprenavir,Telaprevir,0
Azithromycin,Isavuconazonium,0
Arformoterol,Trichlormethiazide,0
Rifabutin,Tacrolimus,0
Chlorpropamide,Mesalazine,1
Mitotane,Orphenadrine,0
Cilostazol,Clemastine,0
Verapamil,Lumacaftor,0
Chlorthalidone,Glimepiride,0
Furosemide,Nateglinide,0
Hydrocodone,Ivacaftor,0
Lumacaftor,Tolvaptan,0
Phenytoin,Indapamide,0
Pazopanib,Diphenhydramine,1
Losartan,Oxprenolol,0
Orphenadrine,Clemastine,1
Ondansetron,Tipranavir,0
Delavirdine,Ziprasidone,0
Phenobarbital,Carvedilol,0
Rosiglitazone,Nicardipine,0
Pazopanib,Estradiol,0
Timolol,Lumefantrine,0
Promazine,Sodium oxybate,1
Levodopa,Stiripentol,0
Cyclosporine,Acetylsalicylic acid,1
Droperidol,Norfloxacin,1
Cabergoline,Moexipril,0
Carteolol,Haloperidol,0
Metoprolol,Paroxetine,0
Phenobarbital,Alogliptin,0
Bupranolol,Aminophylline,0
Quetiapine,Clemastine,0
Celiprolol,Silodosin,0
Argatroban,Selexipag,1
Thalidomide,Protriptyline,1
Bepridil,Yohimbine,0
Phenindione,Protriptyline,1
Primidone,Ximelagatran,0
Bisoprolol,Ivacaftor,0
Nateglinide,Selegiline,1
Phenytoin,Glimepiride,0
Verapamil,Bopindolol,0
Ergotamine,Carvedilol,1
Amphetamine,Valsartan,0
Antipyrine,Idelalisib,0
Nicorandil,Amiodarone,0
Pioglitazone,Netupitant,0
Ixazomib,Lapatinib,0
Duloxetine,Abiraterone,0
Donepezil,Indinavir,0
Nicardipine,Clobazam,0
Timolol,Abiraterone,0
Silodosin,Colchicine,0
Dicoumarol,Lumiracoxib,1
Glyburide,Cimetidine,0
Edoxaban,Dihydroergotamine,0
Glyburide,Idelalisib,0
Valsartan,Levodopa,0
Erythromycin,Fosamprenavir,0
Sertraline,Clopidogrel,0
Cilostazol,Ticlopidine,0
Yohimbine,Diphenhydramine,0
Clonidine,Telaprevir,0
Erythromycin,Sorafenib,1
Phenelzine,Acebutolol,0
Eliglustat,Netupitant,0
Pregabalin,Prochlorperazine,0
Ondansetron,Indapamide,1
Conivaptan,Voriconazole,0
Torasemide,Phenoxybenzamine,0
Warfarin,Testosterone,1
Bosutinib,Azithromycin,0
Sildenafil,Carteolol,0
Desvenlafaxine,Pirlindole,1
Cisapride,Levofloxacin,1
Diphenhydramine,Gemfibrozil,0
Captopril,Cholecalciferol,0
Mianserin,Rolapitant,0
Alfuzosin,Alprenolol,0
Vincristine,Indomethacin,0
Nilvadipine,Fosamprenavir,0
Apixaban,Olopatadine,1
Idarubicin,Crisaborole,0
Vardenafil,Saquinavir,0
Enalaprilat,Aliskiren,1
Dabrafenib,Digitoxin,0
Warfarin,Atomoxetine,0
Polythiazide,Fluoxetine,0
Artemether,Fluoxetine,0
Fluoxetine,Venlafaxine,1
Nelfinavir,Mestranol,0
Toremifene,Arformoterol,1
Olanzapine,Paroxetine,0
Sotalol,Silodosin,0
Promazine,Treprostinil,1
Dofetilide,Posaconazole,0
Celecoxib,Leflunomide,0
Rifabutin,Ambrisentan,0
Chlorpropamide,Stiripentol,0
Asenapine,Brimonidine,1
Carbamazepine,Phenindione,0
Progesterone,Nafamostat,0
Midostaurin,Mifepristone,0
Afatinib,Pimozide,0
Apixaban,Seratrodast,1
Pentobarbital,Doxorubicin,0
Bosentan,Chlorothiazide,0
Acenocoumarol,Lovastatin,0
Primidone,Digitoxin,0
Naloxegol,Clemastine,0
Isavuconazonium,Bortezomib,0
Dextroamphetamine,Chloroquine,0
Felodipine,Ziprasidone,0
Sotalol,Ouabain,1
Bupranolol,Tibolone,0
Methadone,Darifenacin,0
Bopindolol,Propafenone,0
Ticlopidine,Epoprostenol,0
Chloroquine,Ceritinib,0
Secobarbital,Furosemide,0
Alogliptin,Telaprevir,0
Isavuconazonium,Fosamprenavir,0
Dosulepin,Saxagliptin,0
Rifabutin,Dihydroergotamine,0
Penbutolol,Paroxetine,0
Rucaparib,Tramadol,0
Leflunomide,Levofloxacin,0
Macitentan,Isradipine,0
Dronabinol,Fluvastatin,0
Amphetamine,Metyrosine,0
Fluvoxamine,Brimonidine,1
Clobazam,Fosaprepitant,0
Doxazosin,Clobazam,0
Mirtazapine,Isavuconazonium,0
Promazine,Clotrimazole,0
Zolpidem,Tipranavir,0
Alfuzosin,Clemastine,0
Cyclophosphamide,Quazepam,0
Fluvoxamine,Deferasirox,0
Cyproterone acetate,Promazine,0
Etoricoxib,Mirabegron,0
Desipramine,Fesoterodine,0
Carteolol,Lumefantrine,0
Phenindione,Estrone sulfate,0
Nicardipine,Oxprenolol,0
Prochlorperazine,Nefazodone,0
Zolpidem,Chlorpromazine,1
Cyclosporine,Lumiracoxib,1
Primidone,Bromocriptine,0
Toremifene,Escitalopram,1
Ticlopidine,Clarithromycin,0
Quazepam,Irbesartan,0
Hexobarbital,Bupranolol,0
Galantamine,Terbinafine,0
Repaglinide,Levomilnacipran,1
Nateglinide,Lumefantrine,0
Ivacaftor,Telithromycin,0
Thioridazine,Lidocaine,0
Apixaban,Bortezomib,0
Metoprolol,Carteolol,0
Pargyline,Enalapril,0
Gliclazide,Tolazamide,1
Telithromycin,Nelfinavir,0
Venlafaxine,Ritonavir,0
Promethazine,Rotigotine,0
Citalopram,Verapamil,0
Nebivolol,Fluoxetine,0
Orphenadrine,Risperidone,1
Ondansetron,Brimonidine,1
Eliglustat,Amiodarone,0
Benzphetamine,Rasagiline,0
Diltiazem,Dasatinib,0
Deferasirox,Quetiapine,0
Quinidine,Terbinafine,0
Prochlorperazine,Tipranavir,0
Dofetilide,Lidocaine,1
Losartan,Sorafenib,0
Paliperidone,Valproic acid,0
Zolpidem,Posaconazole,0
Cyclobenzaprine,Osimertinib,0
Cholecalciferol,Delavirdine,0
Citalopram,Sertraline,0
Clonidine,Methadone,0
Clonidine,Sulfisoxazole,0
Theophylline,Sulfamethoxazole,0
Celecoxib,Tramadol,0
Metamfetamine,Perphenazine,0
Canagliflozin,Fluvoxamine,0
Fosphenytoin,Apixaban,0
Estrone,Fosamprenavir,0
Crizotinib,Idelalisib,0
Clonidine,Posaconazole,0
Phenprocoumon,Telithromycin,0
Clemastine,Hydroxyzine,1
Etoricoxib,Imatinib,0
Aprepitant,Indomethacin,0
Carvedilol,Sulfamethoxazole,0
Deferasirox,Cholecalciferol,0
Rifapentine,Glipizide,0
Bupropion,Trimethoprim,0
Digoxin,Quinidine,0
Bosentan,Pitavastatin,0
Hydrocodone,Thioridazine,1
Glyburide,Methylene blue,1
Ethanol,Tramadol,1
Digitoxin,Sildenafil,0
Sulfamethoxazole,Boceprevir,0
Betaxolol,Indomethacin,0
Cyproterone acetate,Sevoflurane,0
Dabrafenib,Diclofenac,0
Desvenlafaxine,Ivacaftor,0
Moclobemide,Nadolol,0
Carbamazepine,Methylphenobarbital,0
Yohimbine,Desipramine,0
Silodosin,Carbamazepine,0
Pravastatin,Crisaborole,0
Artemether,Protriptyline,1
Chlorothiazide,Risperidone,0
Buprenorphine,Tapentadol,1
Metoprolol,Dosulepin,0
Theophylline,Idelalisib,0
Warfarin,Felodipine,0
Riociguat,Rivaroxaban,0
Cinacalcet,Crizotinib,0
Salicylic acid,Fluvoxamine,0
Dicoumarol,Mirtazapine,1
Domperidone,Erythromycin,0
Lumacaftor,Esomeprazole,0
Rifampicin,Tramadol,0
Epinastine,Tipranavir,0
Ergotamine,Itraconazole,0
Dolasetron,Tolterodine,1
Tolterodine,Venlafaxine,0
Aripiprazole,Nateglinide,0
Imipramine,Nelfinavir,0
Loratadine,Tamoxifen,0
Trimipramine,Cocaine,0
Gliclazide,Sitagliptin,1
Dolasetron,Lobeglitazone,0
Thiamylal,Bromocriptine,0
Bupranolol,Diclofenac,0
Midostaurin,Saxagliptin,0
Esmolol,Acetyldigitoxin,1
Rotigotine,Clotrimazole,0
Hydrocodone,Haloperidol,1
Alfuzosin,Lopinavir,0
Clopidogrel,Netupitant,0
Quinidine,Itraconazole,0
Rucaparib,Lidocaine,0
Rosuvastatin,Antipyrine,0
Oxprenolol,Selexipag,0
Ziprasidone,Sunitinib,1
Darifenacin,Cobicistat,0
Esmolol,Teriflunomide,0
Nilvadipine,Risperidone,0
Donepezil,Leflunomide,0
Quinine,Fluvoxamine,0
Etravirine,Imatinib,0
Amobarbital,Bortezomib,0
Cyclophosphamide,Dosulepin,0
Buprenorphine,Ethanol,1
Zolpidem,Crizotinib,0
Riociguat,Posaconazole,0
Clozapine,Nefazodone,0
Moclobemide,Nelfinavir,0
Bosutinib,Quinidine,0
Sotalol,Primaquine,0
Iloperidone,Lovastatin,0
Clobazam,Estradiol,0
Clonidine,Acetyldigitoxin,1
Amphetamine,Atenolol,0
Buprenorphine,Simeprevir,0
Efavirenz,Artemether,0
Lopinavir,Moexipril,1
Sunitinib,Indinavir,0
Pazopanib,Nortriptyline,1
Saquinavir,Atazanavir,0
Deferasirox,Simvastatin,0
Ritonavir,Palbociclib,0
Hexobarbital,Captopril,0
Clarithromycin,Formoterol,1
Trimipramine,Telaprevir,0
Guanfacine,Tolbutamide,0
Sitagliptin,Ranolazine,0
Thiamylal,Magnesium sulfate,1
Nicardipine,Propafenone,0
Antipyrine,Clobazam,0
Tolterodine,Methotrimeprazine,0
Progesterone,Canagliflozin,0
Phenytoin,Lercanidipine,0
Pitavastatin,Venlafaxine,0
Ranolazine,Boceprevir,0
Buprenorphine,Artemether,0
Risperidone,Simeprevir,0
Promazine,Tamoxifen,0
Ritonavir,Doxycycline,0
Asenapine,Sorafenib,1
Bortezomib,Abiraterone,0
Rasagiline,Midostaurin,0
Darunavir,Delavirdine,0
Thioridazine,Norfloxacin,1
Lidocaine,Chloroquine,0
Pentobarbital,Benzphetamine,0
Minaprine,Midostaurin,0
Protriptyline,Hydroxyzine,1
Daunorubicin,Telithromycin,0
Dicoumarol,Glyburide,1
Paliperidone,Erythromycin,1
Alogliptin,Telithromycin,0
Darunavir,Rosiglitazone,0
Mesalazine,Ibuprofen,1
Esomeprazole,Mifepristone,0
Propofol,Doxorubicin,0
Cinacalcet,Osimertinib,0
Phenindione,Zafirlukast,0
Esomeprazole,Doxycycline,0
Benzphetamine,Dosulepin,0
Nateglinide,Boceprevir,0
Rifapentine,Dicoumarol,0
Doxorubicin,Antipyrine,0
Rifampicin,Ropinirole,0
Epoprostenol,Fluvoxamine,0
Sertraline,Esomeprazole,0
Metoprolol,Nilotinib,0
Bupranolol,Mesalazine,0
Mycophenolate mofetil,Lopinavir,0
Perphenazine,Cimetidine,0
Clonidine,Epoprostenol,0
Dihydroergotamine,Carvedilol,1
Omeprazole,Amiodarone,0
Rosiglitazone,Tranylcypromine,1
Pravastatin,Fluvastatin,0
Carvedilol,Methadone,0
Carvedilol,Olaparib,0
Mestranol,Lovastatin,0
Methylphenidate,Rucaparib,0
Primidone,Donepezil,0
Nevirapine,Isoniazid,0
Enalapril,Ethinylestradiol,0
Esmolol,Doxazosin,0
Esomeprazole,Dronedarone,0
Rifampicin,Phenytoin,0
Levodopa,Ticlopidine,0
Tolbutamide,Tolazamide,1
Iloperidone,Aprepitant,0
Zileuton,Delavirdine,0
Enzalutamide,Desvenlafaxine,0
Suvorexant,Amoxapine,1
Amiodarone,Afatinib,0
Bisoprolol,Methotrimeprazine,0
Cisapride,Olanzapine,1
Conivaptan,Clobazam,0
Estradiol,Abiraterone,0
Bosentan,Stiripentol,0
Indapamide,Alprenolol,0
Metoprolol,Zileuton,0
Desvenlafaxine,Voriconazole,0
Lumacaftor,Pantoprazole,0
Ranolazine,Itraconazole,0
Pioglitazone,Lovastatin,0
Clozapine,Propofol,1
Parecoxib,Cobicistat,0
Metamfetamine,Azelastine,0
Zuclopenthixol,Propofol,1
Quinine,Gemfibrozil,0
Lidocaine,Pramipexole,0
Caffeine,Cyclosporine,0
Vemurafenib,Telithromycin,0
Nevirapine,Chloroquine,0
Irbesartan,Fluorouracil,0
Estrone,Boceprevir,0
Phenobarbital,Posaconazole,0
Bromocriptine,Verapamil,0
Phenytoin,Desipramine,0
Zafirlukast,Felodipine,0
Fluoxetine,Cholecalciferol,0
Selegiline,Cobicistat,0
Imipramine,Alogliptin,0
Doxorubicin,Lumefantrine,0
Buprenorphine,Atomoxetine,0
Phenobarbital,Theophylline,0
Cyclosporine,Alogliptin,0
Estrone,Ceritinib,0
Epinastine,Nelfinavir,0
Amitriptyline,Dronabinol,1
Dorzolamide,Palbociclib,0
Dronabinol,Dronedarone,0
Phenobarbital,Promethazine,0
Acemetacin,Pindolol,0
Secobarbital,Testosterone,0
Selegiline,Nefazodone,0
Rifapentine,Lovastatin,0
Olanzapine,Brimonidine,1
Treprostinil,Crisaborole,0
Disopyramide,Clozapine,1
Dabigatran etexilate,Ticagrelor,1
Enalaprilat,Valproic acid,0
Mexiletine,Doxycycline,0
Mitotane,Digitoxin,0
Sunitinib,Delavirdine,0
Gemifloxacin,Nortriptyline,1
Nevirapine,Cinacalcet,0
Cisapride,Dihydroergotamine,0
Dosulepin,Tramadol,0
Thiopental,Losartan,0
Rifabutin,Felodipine,0
Ziprasidone,Glimepiride,0
Progesterone,Isavuconazonium,0
Yohimbine,Boceprevir,0
Lidocaine,Boceprevir,0
Glyburide,Crizotinib,0
Fluvastatin,Topotecan,0
Everolimus,Venlafaxine,0
Methadone,Erythromycin,1
Seratrodast,Stiripentol,0
Eliglustat,Fusidic acid,0
Esomeprazole,Ziprasidone,0
Sulfadiazine,Lopinavir,0
Azithromycin,Isradipine,1
Bosutinib,Glyburide,0
Mefloquine,Fusidic acid,0
Testosterone,Olaparib,0
Rifampicin,Vardenafil,0
Glyburide,Rasagiline,1
Olopatadine,Mifepristone,0
Rilpivirine,Levofloxacin,0
Deferasirox,Chloroquine,0
Isavuconazonium,Mifepristone,0
Atazanavir,Valproic acid,0
Daunorubicin,Azithromycin,0
Donepezil,Tipranavir,0
Rosuvastatin,Enalapril,0
Ubidecarenone,Mirtazapine,0
Vardenafil,Manidipine,0
Bisoprolol,Lopinavir,0
Lovastatin,Dabigatran etexilate,0
Apixaban,Aminophylline,0
Metoprolol,Lopinavir,0
Clomipramine,Ticlopidine,0
Progesterone,Diphenhydramine,0
Pseudoephedrine,Zuclopenthixol,0
Enalapril,Delavirdine,0
Dolasetron,Azithromycin,1
Diltiazem,Dihydroergotamine,0
Rosiglitazone,Valproic acid,0
Aliskiren,Olopatadine,0
Rosuvastatin,Fluorouracil,0
Amprenavir,Crisaborole,0
Lorcaserin,Netupitant,0
Apixaban,Dronedarone,0
Rosuvastatin,Crisaborole,0
Ondansetron,Isavuconazonium,0
Telithromycin,Ciprofloxacin,1
Rifapentine,Cyclobenzaprine,0
Moclobemide,Clonidine,0
Nateglinide,Crisaborole,0
Rifapentine,Ubidecarenone,0
Azelastine,Ticagrelor,0
Ziprasidone,Trimethoprim,1
Lumiracoxib,Trichlormethiazide,0
Ibuprofen,Chlorthalidone,0
Terbinafine,Aprepitant,0
Metolazone,Risperidone,0
Metolazone,Rosiglitazone,0
Bisoprolol,Ceritinib,0
Ergotamine,Dronedarone,0
Amprenavir,Lumacaftor,0
Hexobarbital,Nicardipine,0
Tapentadol,Lumefantrine,0
Repaglinide,Clopidogrel,0
Ondansetron,Clotrimazole,0
Alogliptin,Atazanavir,0
Doxorubicin,Ropinirole,0
Alfuzosin,Acebutolol,0
Acebutolol,Fesoterodine,0
Vincristine,Afatinib,0
Macitentan,Clemastine,0
Vemurafenib,Zuclopenthixol,1
Hexobarbital,Isavuconazonium,0
Ergotamine,Midostaurin,0
Lorcaserin,Osimertinib,0
Naloxegol,Aprepitant,0
Rucaparib,Bupropion,0
Ritonavir,Vincristine,0
Domperidone,Cimetidine,0
Rifampicin,Clomipramine,0
Gliclazide,Nefazodone,1
Leflunomide,Mifepristone,0
Propranolol,Ritonavir,0
Cyclophosphamide,Venlafaxine,0
Selegiline,Guanfacine,0
Ixazomib,Rolapitant,0
Ondansetron,Abiraterone,0
Benzphetamine,Bupranolol,1
Riociguat,Enalapril,0
Acetylsalicylic acid,Gemfibrozil,0
Phenytoin,Vincristine,0
Methylphenobarbital,Timolol,0
Bupropion,Ivacaftor,0
Estradiol,Ticagrelor,0
Phenytoin,Pioglitazone,0
Rifabutin,Fluvoxamine,0
Tipranavir,Idelalisib,0
Quinine,Luliconazole,0
Acemetacin,Hydrochlorothiazide,0
Nefazodone,Fosamprenavir,0
Pioglitazone,Quinine,0
Phenoxybenzamine,Imatinib,0
Ibrutinib,Isavuconazonium,0
Bosentan,Dihydroergotamine,0
Labetalol,Imipramine,0
Acenocoumarol,Mestranol,0
Omeprazole,Lobeglitazone,0
Epinastine,Epoprostenol,0
Secobarbital,Netupitant,0
Rosiglitazone,Methylene blue,1
Celecoxib,Boceprevir,0
Bupranolol,Digoxin,1
Lovastatin,Enalapril,0
Suvorexant,Buspirone,1
Disopyramide,Indapamide,1
Mirtazapine,Doxycycline,0
Metoprolol,Doxepin,0
Anagrelide,Caffeine,0
Rifampicin,Bepridil,0
Enzalutamide,Nortriptyline,0
Colchicine,Azithromycin,0
Rifampicin,Irbesartan,0
Phenindione,Testosterone,1
Nateglinide,Testosterone,1
Rucaparib,Desipramine,0
Propofol,Mexiletine,0
Ergotamine,Furazolidone,0
Pitavastatin,Rosiglitazone,0
Thalidomide,Tranylcypromine,1
Glyburide,Aprepitant,0
Rifabutin,Everolimus,0
Lumacaftor,Silodosin,0
Granisetron,Artemether,0
Methylphenobarbital,Tamsulosin,0
Testosterone,Dabigatran etexilate,0
Topotecan,Loratadine,0
Epinastine,Verapamil,0
Artemether,Cholecalciferol,0
Fluoxetine,Moexipril,1
Mirtazapine,Telaprevir,0
Manidipine,Macitentan,0
Amitriptyline,Sitagliptin,0
Primidone,Apixaban,0
Tramadol,Darunavir,0
Azithromycin,Sertraline,1
Citalopram,Bortezomib,0
Nafamostat,Metolazone,0
Stiripentol,Doxylamine,1
Mirtazapine,Omeprazole,0
Epoprostenol,Ketoconazole,0
Clonidine,Diltiazem,1
Sitagliptin,Crizotinib,0
Escitalopram,Granisetron,1
Afatinib,Lidocaine,0
Chlorothiazide,Selexipag,0
Phenprocoumon,Acemetacin,1
Clobazam,Ticlopidine,0
Omeprazole,Aprepitant,0
Dabrafenib,Propranolol,0
Anagrelide,Atomoxetine,1
Panobinostat,Isavuconazonium,0
Rivaroxaban,Zileuton,1
Mycophenolate mofetil,Rabeprazole,0
Methyclothiazide,Sertraline,0
Diclofenac,Isavuconazonium,0
Disopyramide,Levomilnacipran,1
Hydroflumethiazide,Penbutolol,0
Zolpidem,Pentobarbital,1
Tacrolimus,Felodipine,0
Amphetamine,Phenobarbital,0
Dronedarone,Propofol,1
Verapamil,Ixazomib,0
Aripiprazole,Betaxolol,0
Nilotinib,Dasatinib,0
Mesalazine,Meloxicam,1
Riociguat,Crizotinib,0
Telithromycin,Isavuconazonium,0
Cinacalcet,Lovastatin,0
Bepridil,Dosulepin,0
Argatroban,Seratrodast,1
Clomipramine,Atazanavir,0
Minaprine,Nevirapine,0
Everolimus,Mefloquine,0
Ranolazine,Erythromycin,0
Mirtazapine,Voriconazole,0
Erythromycin,Lithium cation,1
Stiripentol,Droperidol,1
Cisapride,Gemfibrozil,0
Promazine,Sulfamethoxazole,1
Zuclopenthixol,Fluoxetine,0
Risperidone,Ropinirole,0
Fosphenytoin,Rotigotine,0
Amphetamine,Alprenolol,0
Enalapril,Dasatinib,0
Pitavastatin,Trimethoprim,0
Azithromycin,Methotrimeprazine,1
Celecoxib,Ceritinib,0
Lidocaine,Diltiazem,0
Enzalutamide,Rolapitant,0
Omeprazole,Ledipasvir,0
Apixaban,Clemastine,0
Ambrisentan,Ziprasidone,0
Sorafenib,Desipramine,0
Modafinil,Telaprevir,0
Ibrutinib,Voriconazole,0
Bosentan,Riociguat,0
Prochlorperazine,Palbociclib,0
Idarubicin,Olsalazine,0
Cyproterone acetate,Pantoprazole,0
Vardenafil,Fluvoxamine,0
Phenprocoumon,Azelastine,1
Amprenavir,Erythromycin,0
Selegiline,Efavirenz,0
Fluvastatin,Darunavir,0
Phenytoin,Perphenazine,0
Perampanel,Dasatinib,0
Cyclosporine,Stiripentol,0
Sorafenib,Lapatinib,0
Enalapril,Mifepristone,0
Dicoumarol,Cyclosporine,0
Alfuzosin,Voriconazole,0
Chlorpromazine,Hydroxyzine,1
Furazolidone,Oxprenolol,0
Fluvastatin,Isoniazid,0
Ambrisentan,Palbociclib,0
Levomilnacipran,Ritonavir,0
Ticagrelor,Isavuconazonium,0
Phenobarbital,Prochlorperazine,0
Ketoconazole,Propafenone,0
Macitentan,Cobicistat,0
Cisapride,Promethazine,1
Yohimbine,Posaconazole,0
Nilotinib,Clotrimazole,0
Zileuton,Sulfamethoxazole,0
Nilotinib,Droperidol,1
Chlorpromazine,Indinavir,0
Zolpidem,Olopatadine,1
Conivaptan,Quinidine,0
Erythromycin,Protriptyline,1
Naloxegol,Sunitinib,0
Seratrodast,Chlorothiazide,0
Perphenazine,Clozapine,0
Citalopram,Sildenafil,0
Esomeprazole,Nelfinavir,0
Anagrelide,Quinine,1
Digitoxin,Sulfisoxazole,0
Gemifloxacin,Telithromycin,1
Acetylsalicylic acid,Fluoxetine,0
Rifapentine,Ethinylestradiol,0
Rilpivirine,Gemfibrozil,0
Mitotane,Rilpivirine,0
Sildenafil,Clemastine,0
Methotrimeprazine,Nabilone,1
Moclobemide,Cinacalcet,0
Dolasetron,Losartan,0
Sunitinib,Sulfamethoxazole,1
Cyclophosphamide,Olaparib,1
Ethanol,Phenobarbital,1
Phenindione,Mesalazine,1
Granisetron,Tolterodine,1
Mexiletine,Indinavir,0
Mianserin,Pseudoephedrine,0
Fluvastatin,Ticlopidine,0
Buprenorphine,Mirtazapine,1
Propafenone,Ondansetron,1
Suvorexant,Ticlopidine,0
Sulfamethoxazole,Atazanavir,0
Dronabinol,Nefazodone,0
Phenobarbital,Hydroflumethiazide,0
Pentamidine,Ticlopidine,0
Atenolol,Olopatadine,0
Imipramine,Idelalisib,0
Nabilone,Sodium oxybate,1
Pentobarbital,Lopinavir,0
Ivacaftor,Telaprevir,0
Amprenavir,Ropinirole,0
Naloxegol,Quinidine,0
Olanzapine,Darunavir,0
Amphetamine,Iloperidone,0
Ibrutinib,Dihydroergotamine,0
Panobinostat,Ivacaftor,0
Lumiracoxib,Trimethoprim,0
Fosphenytoin,Pimozide,0
Testosterone,Quinine,0
Etravirine,Buprenorphine,0
Olopatadine,Bortezomib,0
Bortezomib,Itraconazole,0
Testosterone,Paroxetine,0
Galantamine,Methotrimeprazine,0
Pravastatin,Sulfisoxazole,0
Vemurafenib,Erythromycin,0
Cholecalciferol,Stiripentol,0
Lorcaserin,Crizotinib,0
Macitentan,Isoniazid,0
Zuclopenthixol,Cimetidine,0
Mefloquine,Clarithromycin,0
Mirtazapine,Valsartan,0
Rucaparib,Cocaine,0
Pimozide,Abiraterone,0
Azithromycin,Luliconazole,0
Diclofenac,Chlorthalidone,0
Silodosin,Dronedarone,0
Trimipramine,Fosaprepitant,0
Suvorexant,Clomipramine,1
Betaxolol,Chloroquine,0
Hexobarbital,Ceritinib,0
Sulfadiazine,Amphetamine,1
Progesterone,Darunavir,0
Nevirapine,Nilvadipine,0
Esomeprazole,Nicardipine,0
Mirabegron,Amiodarone,0
Toremifene,Treprostinil,1
Azelastine,Tamoxifen,0
Losartan,Salicylic acid,0
Tolterodine,Isoniazid,0
Epoprostenol,Voriconazole,0
Idarubicin,Desipramine,0
Ranolazine,Terbinafine,0
Treprostinil,Lercanidipine,0
Primaquine,Ivacaftor,0
Crizotinib,Dronedarone,0
Imipramine,Dabigatran etexilate,0
Treprostinil,Cholecalciferol,0
Valproic acid,Ticagrelor,0
Repaglinide,Atomoxetine,0
Levomilnacipran,Manidipine,0
Imipramine,Pramipexole,0
Yohimbine,Verapamil,0
Nitrendipine,Ticlopidine,0
Doxazosin,Risperidone,0
Nevirapine,Testosterone,0
Hexobarbital,Luliconazole,0
Ropinirole,Venlafaxine,0
Nevirapine,Fluconazole,0
Eliglustat,Hydroxyzine,1
Vemurafenib,Modafinil,0
Paraldehyde,Diphenhydramine,1
Thiamylal,Cyclosporine,0
Nicotine,Mexiletine,0
Diphenhydramine,Clotrimazole,0
Lorcaserin,Mifepristone,0
Ibuprofen,Bendroflumethiazide,0
Pseudoephedrine,Iloperidone,0
Eliglustat,Ropinirole,0
Betaxolol,Lumefantrine,0
Haloperidol,Nilotinib,0
Cyclosporine,Ledipasvir,0
Ondansetron,Crisaborole,0
Rifabutin,Domperidone,0
Hydroflumethiazide,Metipranolol,0
Perphenazine,Tipranavir,0
Doxylamine,Toloxatone,0
Perphenazine,Lidocaine,0
Escitalopram,Betaxolol,0
Glimepiride,Gemfibrozil,0
Azelastine,Caffeine,0
Propranolol,Clarithromycin,0
Bortezomib,Terbinafine,0
Balsalazide,Meloxicam,1
Dofetilide,Imipramine,1
Bromocriptine,Amitriptyline,0
Telithromycin,Zucapsaicin,0
Azelastine,Isradipine,0
Asenapine,Fluconazole,1
Pazopanib,Hydroxyzine,1
Azelastine,Stiripentol,0
Iloperidone,Pazopanib,1
Lapatinib,Fusidic acid,0
Acenocoumarol,Antipyrine,1
Sotalol,Lithium cation,1
Nilotinib,Gemifloxacin,1
Metamfetamine,Promazine,0
Pentamidine,Fosaprepitant,0
Lumiracoxib,Efavirenz,0
Antipyrine,Fluvastatin,0
Methylphenobarbital,Diltiazem,0
Amoxapine,Atazanavir,0
Azelastine,Darifenacin,0
Treprostinil,Labetalol,0
Trimipramine,Lobeglitazone,0
Telaprevir,Fluconazole,0
Secobarbital,Bromocriptine,0
Lopinavir,Tolazamide,0
Methylene blue,Irbesartan,0
Ethanol,Luliconazole,0
Fingolimod,Netupitant,0
Mirabegron,Fluconazole,0
Bosutinib,Trimethoprim,0
Dronedarone,Tizanidine,1
Alprenolol,Bepridil,0
Prochlorperazine,Telithromycin,0
Methotrimeprazine,Rosiglitazone,0
Simvastatin,Desipramine,0
Edoxaban,Doxepin,0
Diclofenac,Dronedarone,0
Zuclopenthixol,Bupropion,0
Thiopental,Hydrochlorothiazide,0
Mexiletine,Rolapitant,0
Zafirlukast,Itraconazole,0
Lercanidipine,Indapamide,0
Azelastine,Droperidol,1
Crizotinib,Diltiazem,0
Phenytoin,Felodipine,0
Quinine,Glimepiride,1
Acenocoumarol,Olsalazine,1
Pitavastatin,Dosulepin,0
Celiprolol,Ivacaftor,0
Zuclopenthixol,Ticlopidine,0
Penbutolol,Mesalazine,0
Phenytoin,Fusidic acid,0
Asenapine,Tolazamide,0
Ethinylestradiol,Nateglinide,0
Alfuzosin,Cobicistat,0
Minaprine,Polythiazide,0
Warfarin,Antipyrine,1
Pentamidine,Nortriptyline,1
Canagliflozin,Erythromycin,0
Lovastatin,Cyproterone acetate,0
Epinastine,Celecoxib,0
Primidone,Rilpivirine,0
Bosentan,Clobazam,0
Cabergoline,Idelalisib,0
Furosemide,Glyburide,0
Lumacaftor,Disopyramide,0
Quazepam,Bortezomib,0
Dorzolamide,Oxprenolol,0
Sitagliptin,Dronedarone,0
Iloperidone,Ivacaftor,0
Esomeprazole,Amiodarone,0
Cyproterone acetate,Antipyrine,0
Abiraterone,Voriconazole,0
Sulfamethoxazole,Paroxetine,1
Iloperidone,Lobeglitazone,0
Tamoxifen,Etravirine,0
Asenapine,Sevoflurane,1
Deferasirox,Primaquine,0
Rifaximin,Manidipine,0
Methylene blue,Doxepin,1
Alfuzosin,Rucaparib,0
Silodosin,Voriconazole,0
Verapamil,Fluconazole,0
Silodosin,Imatinib,0
Rifampicin,Moclobemide,0
Prochlorperazine,Clomipramine,0
Nilotinib,Deslanoside,0
Metipranolol,Paroxetine,0
Aliskiren,Canagliflozin,1
Mefloquine,Isradipine,0
Everolimus,Repaglinide,0
Imatinib,Acetyldigitoxin,0
Indomethacin,Chlorthalidone,0
Canagliflozin,Pirlindole,1
Diltiazem,Acetyldigitoxin,1
Sotalol,Sertraline,1
Metamfetamine,Pimozide,0
Glimepiride,Sertraline,1
Celecoxib,Fosamprenavir,0
Doxazosin,Epinastine,0
Ranolazine,Doxazosin,0
Ambrisentan,Lovastatin,0
Ticlopidine,Midostaurin,0
Hexobarbital,Atazanavir,0
Arformoterol,Isoniazid,0
Cyclosporine,Argatroban,0
Tolvaptan,Posaconazole,0
Lumefantrine,Droperidol,1
Clonidine,Ropinirole,0
Mestranol,Quinine,0
Nevirapine,Pentamidine,0
Fosphenytoin,Levodopa,0
Diphenhydramine,Venlafaxine,0
Secobarbital,Estradiol,0
Paroxetine,Rolapitant,0
Rolapitant,Aprepitant,0
Doxorubicin,Mifepristone,0
Carbamazepine,Toremifene,0
Mitotane,Olopatadine,0
Saquinavir,Clemastine,0
Rosuvastatin,Mefloquine,0
Salicylic acid,Indinavir,0
Pantoprazole,Luliconazole,0
Polythiazide,Venlafaxine,0
Methadone,Nicardipine,0
Labetalol,Ranolazine,0
Rasagiline,Metoprolol,0
Mirtazapine,Clomipramine,1
Toremifene,Metolazone,0
Colchicine,Indomethacin,0
Cisapride,Chloroquine,1
Ethinylestradiol,Gliclazide,0
Deferasirox,Celecoxib,0
Dicoumarol,Etoricoxib,1
Toremifene,Protriptyline,1
Amiodarone,Ritonavir,0
Deferasirox,Dasatinib,0
Clomipramine,Amprenavir,0
Cimetidine,Teriflunomide,0
Aripiprazole,Celecoxib,0
Hydrocodone,Quinine,0
Glipizide,Ziprasidone,0
Etoricoxib,Sulfamethoxazole,0
Clonidine,Cobicistat,0
Afatinib,Erythromycin,0
Chlorpromazine,Dronedarone,0
Sorafenib,Telaprevir,0
Ibrutinib,Fluvoxamine,0
Isradipine,Tibolone,0
Tipranavir,Sitagliptin,0
Pravastatin,Cobicistat,0
Promazine,Sildenafil,0
Hydrocodone,Fosamprenavir,0
Promethazine,Nelfinavir,0
Ethanol,Nelfinavir,0
Pentamidine,Simeprevir,0
Metoprolol,Isoniazid,0
Sertraline,Methotrimeprazine,0
Hydroflumethiazide,Orphenadrine,0
Tramadol,Amphetamine,0
Quinine,Clonidine,0
Quinine,Aprepitant,0
Quinine,Ambrisentan,0
Orphenadrine,Diltiazem,0
Nicotine,Dasatinib,0
Mestranol,Tolbutamide,0
Celecoxib,Cholecalciferol,0
Propofol,Ropinirole,0
Pentobarbital,Verapamil,0
Prochlorperazine,Isavuconazonium,0
Methadone,Netupitant,0
Toremifene,Delavirdine,0
Ambrisentan,Boceprevir,0
Fluvastatin,Atazanavir,0
Metipranolol,Seratrodast,0
Haloperidol,Telaprevir,0
Nicotine,Fosaprepitant,0
Sildenafil,Penbutolol,0
Trichlormethiazide,Saxagliptin,0
Dabrafenib,Mestranol,0
Pargyline,Manidipine,0
Idarubicin,Deslanoside,0
Quazepam,Moclobemide,0
Pentobarbital,Everolimus,0
Doxorubicin,Bromocriptine,0
Mianserin,Thiopental,0
Chlorpropamide,Moclobemide,1
Dolasetron,Nicardipine,0
Rasagiline,Nitrendipine,0
Celecoxib,Erythromycin,0
Lidocaine,Amiodarone,0
Zileuton,Metolazone,0
Apixaban,Topiroxostat,0
Idarubicin,Clotrimazole,0
Amobarbital,Mestranol,0
Theophylline,Posaconazole,0
Ledipasvir,Pravastatin,0
Glimepiride,Fluconazole,0
Galantamine,Diltiazem,0
Lorcaserin,Sulfisoxazole,0
Orphenadrine,Darunavir,0
Bendroflumethiazide,Metyrosine,0
Darunavir,Cobicistat,0
Conivaptan,Rifabutin,0
Estrone sulfate,Tolazamide,0
Nilvadipine,Dronedarone,0
Lidocaine,Ropinirole,0
Amitriptyline,Panobinostat,0
Stiripentol,Ethanol,0
Etravirine,Ceritinib,0
Perphenazine,Perampanel,1
Clozapine,Ritonavir,0
Macitentan,Dronedarone,0
Hexobarbital,Metoprolol,0
Conivaptan,Nortriptyline,0
Aminophylline,Levofloxacin,0
Argatroban,Nafamostat,1
Pimozide,Palbociclib,0
Olanzapine,Sodium oxybate,1
Diltiazem,Ketoconazole,0
Dabrafenib,Darunavir,0
Cocaine,Simeprevir,0
Acetylsalicylic acid,Trimethoprim,0
Azelastine,Desipramine,1
Epinastine,Fluvoxamine,0
Fingolimod,Nicotine,0
Estrone,Dasatinib,0
Mianserin,Benzphetamine,0
Estrone,Dosulepin,0
Ibuprofen,Lovastatin,0
Deferasirox,Clarithromycin,0
Levomilnacipran,Cobicistat,0
Chlorothiazide,Darifenacin,0
Timolol,Macitentan,0
Galantamine,Dihydroergotamine,0
Perampanel,Simeprevir,0
Seratrodast,Zafirlukast,0
Clopidogrel,Dosulepin,0
Rifapentine,Ergotamine,0
Carteolol,Desipramine,0
Levomilnacipran,Tipranavir,0
Pentobarbital,Hydrochlorothiazide,0
Furazolidone,Nilvadipine,0
Chlorthalidone,Paroxetine,0
Glipizide,Sulfamethoxazole,1
Penbutolol,Azelastine,0
Diphenhydramine,Cocaine,0
Domperidone,Luliconazole,0
Perampanel,Osimertinib,0
Etoricoxib,Luliconazole,0
Rifabutin,Phenindione,0
Hydroflumethiazide,Carvedilol,0
Doxorubicin,Delavirdine,0
Mefloquine,Primidone,0
Ziprasidone,Nefazodone,0
Promazine,Zafirlukast,0
Buprenorphine,Aripiprazole,1
Hydroflumethiazide,Alogliptin,0
Cyclosporine,Doxorubicin,1
Methylene blue,Metolazone,0
Dabrafenib,Acenocoumarol,0
Cilostazol,Quinine,0
Etoricoxib,Mexiletine,0
Quinidine,Nortriptyline,1
Ticagrelor,Iloprost,1
Iloperidone,Cyclosporine,0
Celecoxib,Crizotinib,0
Rifapentine,Colchicine,0
Azelastine,Nortriptyline,1
Simvastatin,Sorafenib,0
Pentobarbital,Venlafaxine,0
Mexiletine,Ceritinib,0
Sotalol,Tamoxifen,1
Cobicistat,Estradiol,0
Nafamostat,Fingolimod,0
Toremifene,Bendroflumethiazide,0
Moclobemide,Irbesartan,0
Formoterol,Ergotamine,0
Levodopa,Cholecalciferol,0
Mianserin,Clomipramine,0
Testosterone,Moclobemide,0
Pentamidine,Vardenafil,1
Tramadol,Olaparib,0
Ethanol,Cobicistat,0
Phenobarbital,Tamoxifen,0
Bortezomib,Cinacalcet,0
Gemfibrozil,Fluconazole,0
Asenapine,Alfuzosin,1
Olsalazine,Meloxicam,1
Valsartan,Trichlormethiazide,0
Metyrosine,Ambrisentan,0
Carvedilol,Fosamprenavir,0
Omeprazole,Theophylline,0
Quinine,Losartan,0
Pseudoephedrine,Isoniazid,0
Zolpidem,Metyrosine,0
Indapamide,Telithromycin,0
Silodosin,Bosutinib,0
Abiraterone,Telaprevir,0
Timolol,Gemfibrozil,0
Tolazamide,Fluoxetine,1
Carvedilol,Clobazam,0
Selegiline,Dorzolamide,0
Disopyramide,Escitalopram,1
Rifabutin,Clobazam,0
Phenytoin,Argatroban,0
Aminophylline,Ticlopidine,0
Lidocaine,Timolol,0
Pentobarbital,Vardenafil,0
Propafenone,Panobinostat,0
Chlorpropamide,Crisaborole,0
Teriflunomide,Bendroflumethiazide,0
Rabeprazole,Ketoconazole,0
Bupranolol,Indomethacin,0
Phenindione,Fluoxetine,1
Paraldehyde,Thalidomide,1
Disopyramide,Droperidol,1
Lidocaine,Celiprolol,0
Bosutinib,Ouabain,0
Estrone sulfate,Erythromycin,0
Atomoxetine,Propafenone,0
Disopyramide,Nefazodone,0
Salicylic acid,Mifepristone,0
Pentobarbital,Panobinostat,0
Celecoxib,Epoprostenol,0
Arformoterol,Mifepristone,0
Omeprazole,Fluconazole,0
Iloprost,Diltiazem,0
Diphenhydramine,Tramadol,0
Acemetacin,Iloprost,0
Ergotamine,Celiprolol,1
Fingolimod,Telithromycin,0
Cyclophosphamide,Bortezomib,1
Sildenafil,Dasatinib,0
Quazepam,Dronedarone,0
Nafamostat,Tibolone,1
Torasemide,Hydroflumethiazide,0
Penbutolol,Nefazodone,0
Ethanol,Fosaprepitant,0
Pantoprazole,Idelalisib,0
Lithium cation,Metyrosine,0
Naloxegol,Methadone,0
Thiopental,Chlorothiazide,0
Rifapentine,Apixaban,0
Ubidecarenone,Glimepiride,0
Glyburide,Rucaparib,0
Methotrimeprazine,Esmolol,0
Rifampicin,Luliconazole,0
Antipyrine,Fluoxetine,0
Ibuprofen,Omeprazole,0
Aliskiren,Chloroquine,0
Benzphetamine,Trimipramine,0
Terbinafine,Celecoxib,0
Ibrutinib,Nelfinavir,0
Cyclophosphamide,Etravirine,0
Diphenhydramine,Pantoprazole,0
Secobarbital,Zafirlukast,0
Cinacalcet,Nefazodone,0
Citalopram,Efavirenz,0
Tamsulosin,Simeprevir,0
Orphenadrine,Delavirdine,0
Glyburide,Diltiazem,0
Granisetron,Mirabegron,1
Carbamazepine,Lopinavir,0
Sitagliptin,Pregabalin,1
Propafenone,Telithromycin,0
Bosentan,Hydrocodone,0
Argatroban,Ticagrelor,1
Quazepam,Nelfinavir,0
Glyburide,Sitagliptin,1
Methyclothiazide,Tolazamide,0
Estradiol,Sertraline,0
Epinastine,Fosaprepitant,0
Boceprevir,Ticagrelor,0
Iloperidone,Tolbutamide,0
Hydrocodone,Thiopental,1
Repaglinide,Dronedarone,0
Celecoxib,Telaprevir,0
Primaquine,Boceprevir,0
Lidocaine,Erythromycin,0
Pitavastatin,Topiroxostat,0
Esmolol,Digitoxin,1
Zolpidem,Palbociclib,0
Bosentan,Domperidone,0
Primidone,Estrone,0
Nicotine,Aprepitant,0
Chlorpromazine,Manidipine,0
Saxagliptin,Netupitant,0
Labetalol,Olsalazine,0
Parecoxib,Clemastine,0
Etoricoxib,Zucapsaicin,0
Nafamostat,Delavirdine,0
Quazepam,Idelalisib,0
Dronedarone,Promethazine,1
Methylphenidate,Cocaine,0
Selegiline,Oxprenolol,0
Lumacaftor,Netupitant,0
Boceprevir,Palbociclib,0
Methadone,Clopidogrel,0
Thiamylal,Bupranolol,0
Sertraline,Ticagrelor,0
Vardenafil,Olaparib,0
Doxorubicin,Chlorpromazine,0
Daunorubicin,Clotrimazole,0
Cabergoline,Esmolol,0
Simvastatin,Omeprazole,0
Metamfetamine,Rolapitant,0
Aliskiren,Doxycycline,0
Phenytoin,Estrone sulfate,0
Diclofenac,Etravirine,0
Macitentan,Idelalisib,0
Sunitinib,Levomilnacipran,1
Bromocriptine,Furazolidone,1
Dabrafenib,Acetyldigitoxin,0
Dorzolamide,Saquinavir,0
Primidone,Mirabegron,0
Doxazosin,Darifenacin,0
Zuclopenthixol,Lapatinib,1
Carteolol,Terbinafine,0
Propranolol,Macitentan,0
Chloroquine,Clomipramine,1
Hydroflumethiazide,Quinidine,0
Thalidomide,Desipramine,1
Levomilnacipran,Promazine,0
Idarubicin,Delavirdine,0
Olaparib,Fosamprenavir,0
Methadone,Rosiglitazone,0
Zolpidem,Quazepam,1
Phenprocoumon,Sulfadiazine,0
Lumacaftor,Tamsulosin,0
Indapamide,Ranolazine,0
Bopindolol,Carvedilol,0
Metolazone,Methylphenidate,0
Mitotane,Cilostazol,0
Lopinavir,Saquinavir,1
Ziprasidone,Atomoxetine,1
Erythromycin,Ziprasidone,0
Primidone,Aliskiren,0
Rifaximin,Nilotinib,0
Azelastine,Fesoterodine,0
Argatroban,Indomethacin,1
Etoricoxib,Dosulepin,0
Minaprine,Sertraline,0
Perampanel,Fluconazole,0
Ropinirole,Bopindolol,1
Quinethazone,Quinidine,0
Rifampicin,Lovastatin,0
Colchicine,Clemastine,0
Valproic acid,Moclobemide,0
Phenobarbital,Zucapsaicin,0
Dabrafenib,Glimepiride,0
Sorafenib,Isradipine,0
Fosphenytoin,Esomeprazole,0
Enzalutamide,Toremifene,0
Chlorpropamide,Nefazodone,1
Itraconazole,Iloperidone,0
Promethazine,Bosutinib,0
Etacrynic acid,Repaglinide,0
Imatinib,Tolbutamide,0
Parecoxib,Verapamil,0
Clopidogrel,Crizotinib,0
Telaprevir,Fesoterodine,0
Edoxaban,Azelastine,0
Bupropion,Mexiletine,0
Alfuzosin,Epinastine,0
Propranolol,Crizotinib,0
Valproic acid,Irbesartan,0
Delavirdine,Cobicistat,0
Nevirapine,Rabeprazole,0
Bepridil,Methylphenidate,0
Mitotane,Dolasetron,0
Ethanol,Cocaine,1
Quetiapine,Lopinavir,0
Ciprofloxacin,Diphenhydramine,1
Sorafenib,Crisaborole,0
Fosphenytoin,Losartan,0
Treprostinil,Propranolol,0
Ethanol,Isradipine,0
Alfuzosin,Bortezomib,0
Saquinavir,Dosulepin,0
Macitentan,Pantoprazole,0
Pazopanib,Digitoxin,0
Suvorexant,Netupitant,0
Ritonavir,Iloperidone,0
Toremifene,Rilpivirine,1
Pentobarbital,Timolol,0
Lumacaftor,Quetiapine,0
Losartan,Zafirlukast,0
Pazopanib,Buprenorphine,0
Yohimbine,Midostaurin,0
Ergotamine,Desipramine,0
Mitotane,Estradiol,0
Saquinavir,Pravastatin,0
Acenocoumarol,Saquinavir,0
Tapentadol,Delavirdine,0
Escitalopram,Diltiazem,0
Pirlindole,Nicardipine,0
Cyclophosphamide,Dasatinib,1
Eliglustat,Betaxolol,0
Promazine,Sertraline,1
Topotecan,Clomipramine,0
Phenobarbital,Bosutinib,0
Methylene blue,Macitentan,0
Tizanidine,Fluconazole,0
Quinine,Vemurafenib,0
Chlorpropamide,Carvedilol,1
Sunitinib,Terbinafine,0
Quetiapine,Sunitinib,1
Timolol,Epoprostenol,0
Buprenorphine,Valproic acid,1
Voriconazole,Lobeglitazone,0
Escitalopram,Tamoxifen,1
Rosuvastatin,Ivacaftor,0
Methylene blue,Cyclobenzaprine,1
Tolterodine,Cinacalcet,0
Ixazomib,Modafinil,0
Acenocoumarol,Olopatadine,1
Clonidine,Mifepristone,0
Cyclobenzaprine,Nefazodone,0
Mestranol,Valproic acid,0
Methotrimeprazine,Tizanidine,1
Nelfinavir,Glimepiride,0
Amphetamine,Chloroquine,0
Carvedilol,Isoniazid,0
Thiamylal,Canagliflozin,0
Tolbutamide,Pentamidine,1
Levomilnacipran,Topiroxostat,0
Phenobarbital,Chlorthalidone,0
Donepezil,Osimertinib,0
Methyclothiazide,Fesoterodine,0
Azelastine,Tranylcypromine,1
Erythromycin,Sevoflurane,1
Salicylic acid,Metolazone,0
Antipyrine,Zucapsaicin,0
Cyproterone acetate,Sertraline,0
Dolasetron,Pentamidine,1
Bupranolol,Selexipag,0
Acenocoumarol,Escitalopram,1
Metoprolol,Sorafenib,0
Fluvastatin,Pimozide,0
Crizotinib,Alfuzosin,1
Pimozide,Amoxapine,1
Olaparib,Dronedarone,0
Alogliptin,Osimertinib,0
Rosiglitazone,Ketoconazole,0
Mefloquine,Paraldehyde,0
Amiodarone,Manidipine,0
Itraconazole,Ticagrelor,0
Haloperidol,Citalopram,0
Nefazodone,Doxycycline,0
Promethazine,Tipranavir,0
Sulfadiazine,Dasatinib,0
Amoxapine,Cholecalciferol,0
Dabigatran etexilate,Iloprost,1
Alfuzosin,Clotrimazole,0
Afatinib,Simvastatin,0
Labetalol,Delavirdine,0
Phenindione,Leflunomide,1
Cisapride,Isavuconazonium,0
Cholecalciferol,Indinavir,0
Quetiapine,Brimonidine,1
Olsalazine,Diltiazem,1
Mitotane,Ticagrelor,0
Moclobemide,Bepridil,0
Rifabutin,Etravirine,0
Phenprocoumon,Sulfisoxazole,0
Fingolimod,Darunavir,0
Propafenone,Risperidone,1
Azelastine,Amobarbital,1
Secobarbital,Diltiazem,0
Eliglustat,Nicardipine,0
Toremifene,Vemurafenib,0
Aminophylline,Isoniazid,0
Everolimus,Atazanavir,0
Acenocoumarol,Minocycline,1
Aripiprazole,Lorcaserin,0
Thiopental,Epoprostenol,0
Antipyrine,Quinidine,0
Clomipramine,Terbinafine,0
Clomipramine,Saxagliptin,0
Tolterodine,Itraconazole,0
Felodipine,Itraconazole,0
Tolterodine,Efavirenz,0
Azelastine,Telithromycin,0
Ximelagatran,Olopatadine,1
Apixaban,Aprepitant,0
Warfarin,Seratrodast,1
Pentobarbital,Tolvaptan,0
Levodopa,Fluvoxamine,0
Fosamprenavir,Mestranol,0
Warfarin,Salicylic acid,1
Amitriptyline,Delavirdine,0
Losartan,Vemurafenib,0
Stiripentol,Pramipexole,0
Phenindione,Epinastine,1
Suvorexant,Nortriptyline,1
Imatinib,Fusidic acid,0
Glipizide,Nicardipine,0
Amiodarone,Itraconazole,0
Mirabegron,Panobinostat,0
Cyclobenzaprine,Dronabinol,1
Dorzolamide,Enalaprilat,0
Telithromycin,Netupitant,0
Lumacaftor,Simeprevir,0
Rifampicin,Propranolol,0
Thiamylal,Nadolol,0
Sertraline,Manidipine,0
Sotalol,Moexipril,1
Deferasirox,Atazanavir,0
Clomipramine,Isradipine,0
Sulfamethoxazole,Sildenafil,0
Fluvastatin,Tranylcypromine,0
Amitriptyline,Rucaparib,0
Tolazamide,Phenelzine,1
Tolazamide,Metipranolol,1
Ixazomib,Saquinavir,0
Conivaptan,Terbinafine,0
Carvedilol,Macitentan,0
Esomeprazole,Darunavir,0
Domperidone,Lovastatin,0
Cyclophosphamide,Imatinib,1
Yohimbine,Promazine,0
Conivaptan,Daunorubicin,0
Aliskiren,Risperidone,0
Phenelzine,Bendroflumethiazide,0
Selegiline,Lobeglitazone,0
Amiodarone,Aprepitant,0
Colchicine,Paroxetine,0
Panobinostat,Osimertinib,0
Asenapine,Bromocriptine,0
Granisetron,Betaxolol,0
Metoprolol,Ondansetron,0
Canagliflozin,Nelfinavir,0
Atazanavir,Rifabutin,0
Escitalopram,Aripiprazole,1
Carteolol,Macitentan,0
Domperidone,Tolterodine,1
Arformoterol,Ergotamine,0
Cilostazol,Lovastatin,0
Ibuprofen,Torasemide,0
Cilostazol,Simvastatin,0
Pitavastatin,Stiripentol,0
Quetiapine,Pazopanib,1
Pentobarbital,Hydroflumethiazide,0
Mifepristone,Ledipasvir,0
Clobazam,Nelfinavir,0
Darifenacin,Saquinavir,0
Voriconazole,Clotrimazole,0
Clobazam,Sildenafil,0
Ledipasvir,Buspirone,0
Zafirlukast,Rucaparib,0
Bendroflumethiazide,Nilvadipine,0
Lumacaftor,Hydrocodone,0
Etoricoxib,Levofloxacin,0
Labetalol,Ouabain,1
Pargyline,Celiprolol,0
Meloxicam,Fusidic acid,0
Zuclopenthixol,Cholecalciferol,0
Buprenorphine,Pentobarbital,1
Estrone,Valproic acid,0
Rifabutin,Citalopram,0
Celiprolol,Yohimbine,0
Quazepam,Telithromycin,0
Fosphenytoin,Aliskiren,0
Phenytoin,Tapentadol,1
Nateglinide,Ivacaftor,0
Rifabutin,Palbociclib,0
Yohimbine,Darunavir,0
Fosphenytoin,Nelfinavir,0
Fluvastatin,Cimetidine,0
Ledipasvir,Nelfinavir,0
Fluvastatin,Aprepitant,0
Nevirapine,Erythromycin,0
Fluoxetine,Crizotinib,0
Colchicine,Cimetidine,0
Rifabutin,Ubidecarenone,0
Metipranolol,Metyrosine,0
Estrone sulfate,Ropinirole,0
Seratrodast,Sulfisoxazole,0
Mitotane,Bisoprolol,0
Sulfamethoxazole,Fosaprepitant,0
Acenocoumarol,Clotrimazole,0
Primaquine,Dronedarone,0
Thiopental,Dosulepin,0
Metamfetamine,Minaprine,0
Pravastatin,Ceritinib,0
Methadone,Cimetidine,0
Methylphenobarbital,Etacrynic acid,0
Zolpidem,Fluorouracil,0
Bepridil,Clarithromycin,0
Pravastatin,Ciprofloxacin,0
Sertraline,Ceritinib,0
Alogliptin,Aprepitant,0
Labetalol,Haloperidol,0
Clozapine,Chlorpropamide,0
Mitotane,Azithromycin,0
Perphenazine,Fluvoxamine,0
Naloxegol,Indinavir,0
Estrone sulfate,Chlorthalidone,0
Clomipramine,Modafinil,0
Secobarbital,Iloprost,0
Tamsulosin,Nicardipine,0
Lumiracoxib,Crisaborole,0
Acemetacin,Conivaptan,0
Aripiprazole,Darunavir,0
Hexobarbital,Doxylamine,1
Vemurafenib,Seratrodast,0
Dronabinol,Sertraline,0
Moclobemide,Ticagrelor,0
Tipranavir,Telithromycin,0
Lumacaftor,Metoprolol,0
Promazine,Tolbutamide,0
Dorzolamide,Phenoxybenzamine,0
Levodopa,Paroxetine,0
Sildenafil,Metipranolol,0
Trimipramine,Isoniazid,0
Nebivolol,Clomipramine,0
Ethinylestradiol,Ticlopidine,0
Atenolol,Labetalol,0
Midostaurin,Telaprevir,0
Tamoxifen,Ledipasvir,0
Secobarbital,Venlafaxine,0
Imipramine,Diltiazem,0
Prochlorperazine,Isoniazid,0
Carbamazepine,Clemastine,0
Cyclobenzaprine,Tapentadol,1
Mianserin,Caffeine,0
Nilvadipine,Riociguat,0
Hydrocodone,Lorcaserin,0
Acenocoumarol,Cyclobenzaprine,1
Enzalutamide,Imatinib,0
Nebivolol,Stiripentol,0
Naloxegol,Cyclosporine,0
Domperidone,Isradipine,0
Sildenafil,Boceprevir,0
Quinine,Saquinavir,0
Parecoxib,Ziprasidone,0
Rifabutin,Sulfadiazine,0
Selegiline,Minaprine,0
Rasagiline,Indapamide,0
Carbamazepine,Epinastine,0
Pentobarbital,Apixaban,0
Aliskiren,Diclofenac,0
Chlorpropamide,Nicardipine,0
Phenobarbital,Glipizide,0
Risperidone,Cimetidine,0
Glyburide,Quinine,1
Levomilnacipran,Diphenhydramine,0
Deferasirox,Cocaine,0
Darifenacin,Isradipine,0
Midostaurin,Ceritinib,0
Quinidine,Valsartan,0
Venlafaxine,Ketoconazole,0
Acenocoumarol,Ticlopidine,0
Rifapentine,Magnesium sulfate,0
Bromocriptine,Luliconazole,0
Quazepam,Sulfisoxazole,0
Telithromycin,Olanzapine,1
Methadone,Leflunomide,0
Phenobarbital,Fluvoxamine,0
Methylphenidate,Toloxatone,0
Nortriptyline,Cyclosporine,0
Canagliflozin,Rucaparib,0
Pravastatin,Itraconazole,0
Repaglinide,Pioglitazone,0
Saquinavir,Duloxetine,0
Methotrimeprazine,Clemastine,1
Nateglinide,Palbociclib,0
Escitalopram,Eliglustat,0
Ticlopidine,Dasatinib,1
Furazolidone,Acebutolol,0
Hydroxyzine,Rotigotine,0
Alfuzosin,Delavirdine,0
Pentamidine,Mirabegron,1
Clomipramine,Perampanel,1
Tipranavir,Rifabutin,0
Rifabutin,Mirabegron,0
Rabeprazole,Simeprevir,0
Rotigotine,Zucapsaicin,0
Olanzapine,Saxagliptin,0
Doxorubicin,Diclofenac,0
Verapamil,Palbociclib,0
Nicorandil,Isradipine,0
Sulfisoxazole,Amoxapine,1
Pimozide,Olanzapine,1
Everolimus,Doxepin,0
Sulfamethoxazole,Amphetamine,1
Gemfibrozil,Osimertinib,0
Doxazosin,Luliconazole,0
Atenolol,Dorzolamide,0
Promazine,Esomeprazole,0
Rifaximin,Hexobarbital,0
Carbamazepine,Primaquine,0
Amoxapine,Panobinostat,0
Etravirine,Fosamprenavir,0
Ambrisentan,Mifepristone,0
Lumacaftor,Tramadol,0
Zuclopenthixol,Fluconazole,0
Tacrolimus,Vincristine,0
Parecoxib,Fosaprepitant,0
Ethanol,Ziprasidone,1
Cilostazol,Promazine,0
Epoprostenol,Enalaprilat,0
Metamfetamine,Amitriptyline,0
Selexipag,Cyclosporine,0
Fosphenytoin,Rolapitant,0
Lumacaftor,Doxepin,0
Amobarbital,Furosemide,0
Olanzapine,Lidocaine,0
Tofacitinib,Carteolol,1
Brimonidine,Nabilone,1
Fluvastatin,Duloxetine,0
Thioridazine,Clobazam,0
Lumiracoxib,Modafinil,0
Fingolimod,Clemastine,0
Olsalazine,Acetylsalicylic acid,1
Diclofenac,Amiodarone,0
Zileuton,Boceprevir,0
Cilostazol,Phenelzine,0
Carbamazepine,Modafinil,0
Midostaurin,Cobicistat,0
Dicoumarol,Azithromycin,0
Yohimbine,Delavirdine,0
Pseudoephedrine,Pargyline,0
Levodopa,Darifenacin,0
Carbamazepine,Lumefantrine,0
Deferasirox,Amitriptyline,0
Furazolidone,Pirlindole,0
Tamoxifen,Bortezomib,0
Amphetamine,Fluoxetine,0
Promethazine,Cholecalciferol,0
Ethanol,Erythromycin,0
Protriptyline,Valproic acid,0
Duloxetine,Vemurafenib,0
Ibrutinib,Promazine,0
Olanzapine,Mifepristone,1
Mitotane,Ergotamine,0
Promazine,Clozapine,1
Dicoumarol,Imipramine,1
Diclofenac,Paroxetine,0
Aminophylline,Clotrimazole,0
Gliclazide,Carteolol,1
Chloroquine,Propofol,1
Diphenhydramine,Dronabinol,1
Mirabegron,Isradipine,0
Acenocoumarol,Fosphenytoin,1
Dolasetron,Abiraterone,0
Warfarin,Pioglitazone,0
Secobarbital,Mycophenolate mofetil,0
Lercanidipine,Oxprenolol,0
Etravirine,Tranylcypromine,0
Vemurafenib,Moexipril,1
Tolvaptan,Dronedarone,0
Pazopanib,Dasatinib,0
Cyclophosphamide,Verapamil,0
Idarubicin,Sorafenib,0
Rosuvastatin,Teriflunomide,0
Saxagliptin,Rasagiline,1
Iloperidone,Luliconazole,0
Doxazosin,Lercanidipine,0
Doxepin,Atazanavir,0
Prochlorperazine,Itraconazole,0
Enalapril,Ticlopidine,0
Osimertinib,Stiripentol,0
Perphenazine,Darunavir,0
Zolpidem,Erythromycin,0
Amobarbital,Cyclosporine,0
Alfuzosin,Osimertinib,0
Estrone sulfate,Netupitant,0
Sevoflurane,Darunavir,0
Mianserin,Azithromycin,0
Dolasetron,Risperidone,1
Perphenazine,Rucaparib,0
Buspirone,Amiodarone,0
Metoprolol,Sertraline,0
Rabeprazole,Boceprevir,0
Sunitinib,Clarithromycin,0
Etoricoxib,Quinine,0
Primaquine,Citalopram,0
Arformoterol,Tipranavir,0
Irbesartan,Rucaparib,0
Dronedarone,Nebivolol,1
Seratrodast,Desipramine,0
Alfuzosin,Ixazomib,0
Primidone,Iloperidone,0
Propafenone,Pentamidine,1
Chlorpropamide,Zucapsaicin,0
Secobarbital,Perampanel,1
Doxazosin,Magnesium sulfate,0
Carbamazepine,Phenprocoumon,0
Indomethacin,Furosemide,0
Balsalazide,Acetyldigitoxin,0
Quazepam,Simeprevir,0
Rolapitant,Sildenafil,0
Methohexital,Metipranolol,0
Phenindione,Parecoxib,1
Primidone,Posaconazole,0
Ranolazine,Salicylic acid,0
Ethanol,Palbociclib,0
Vardenafil,Luliconazole,0
Edoxaban,Lopinavir,0
Terbinafine,Ticlopidine,0
Desipramine,Furazolidone,1
Cinacalcet,Dasatinib,0
Nortriptyline,Alogliptin,0
Metamfetamine,Clobazam,0
Mirabegron,Ticlopidine,0
Cyclosporine,Tofacitinib,0
Mitotane,Gemfibrozil,0
Ropinirole,Desvenlafaxine,0
Mirtazapine,Iloperidone,1
Testosterone,Atomoxetine,0
Verapamil,Tranylcypromine,0
Primidone,Diclofenac,0
Formoterol,Zafirlukast,0
Anagrelide,Asenapine,1
Fosphenytoin,Chloroquine,0
Mianserin,Imatinib,0
Ivacaftor,Sulfisoxazole,0
Nilotinib,Cobicistat,0
Rivaroxaban,Leflunomide,1
Doxorubicin,Nefazodone,0
Ticlopidine,Palbociclib,0
Diphenhydramine,Fesoterodine,0
Cilostazol,Losartan,0
Diltiazem,Nafamostat,0
Propofol,Sodium oxybate,1
Timolol,Ambrisentan,0
Hydroflumethiazide,Nateglinide,0
Metoprolol,Imatinib,0
Valproic acid,Fosphenytoin,0
Rucaparib,Propafenone,0
Phenytoin,Zucapsaicin,0
Yohimbine,Erythromycin,0
Dronedarone,Lapatinib,1
Lumacaftor,Ethinylestradiol,0
Dextroamphetamine,Azelastine,0
Estrone,Fosaprepitant,0
Lumefantrine,Palbociclib,0
Vincristine,Diltiazem,0
Timolol,Darunavir,0
Mesalazine,Celecoxib,1
Cyclophosphamide,Dronedarone,0
Atenolol,Hydroflumethiazide,0
Alogliptin,Luliconazole,0
Phenindione,Cimetidine,1
Haloperidol,Paroxetine,0
Rosuvastatin,Ranolazine,0
Clopidogrel,Valproic acid,0
Tolbutamide,Atenolol,1
Rilpivirine,Cyclosporine,0
Chlorpromazine,Posaconazole,0
Estradiol,Quinine,0
Dabigatran etexilate,Mycophenolate mofetil,1
Glipizide,Bisoprolol,1
Fingolimod,Cimetidine,0
Zolpidem,Clotrimazole,0
Dofetilide,Lapatinib,1
Fosphenytoin,Ubidecarenone,0
Ethinylestradiol,Isavuconazonium,0
Eliglustat,Voriconazole,0
Mefloquine,Valproic acid,0
Macitentan,Nefazodone,0
Nabilone,Ropinirole,0
Sotalol,Dolasetron,1
Tizanidine,Droperidol,1
Diphenhydramine,Lovastatin,0
Amphetamine,Darunavir,0
Perphenazine,Sulfadiazine,0
Argatroban,Atazanavir,0
Lumacaftor,Valproic acid,0
Omeprazole,Sulfisoxazole,0
Pirlindole,Riociguat,0
Donepezil,Panobinostat,0
Midostaurin,Deslanoside,0
Thalidomide,Losartan,0
Hexobarbital,Bumetanide,0
Escitalopram,Indapamide,1
Isradipine,Posaconazole,0
Lercanidipine,Yohimbine,0
Quetiapine,Omeprazole,0
Phenelzine,Trichlormethiazide,0
Conivaptan,Isavuconazonium,0
Fluoxetine,Terbinafine,0
Macitentan,Erythromycin,0
Ropinirole,Betaxolol,1
Treprostinil,Lovastatin,0
Cimetidine,Vincristine,0
Fluorouracil,Mexiletine,0
Citalopram,Tramadol,0
Etravirine,Methadone,0
Pentamidine,Irbesartan,0
Fingolimod,Dosulepin,0
Methylphenobarbital,Nortriptyline,0
Nortriptyline,Ranolazine,0
Rifapentine,Sotalol,0
Dolasetron,Arformoterol,1
Suvorexant,Quetiapine,1
Antipyrine,Amiodarone,0
Darifenacin,Nefazodone,0
Panobinostat,Promazine,1
Celiprolol,Celecoxib,0
Thioridazine,Quetiapine,0
Amiodarone,Formoterol,1
Cyclophosphamide,Cyclosporine,0
Amphetamine,Clonidine,0
Risperidone,Tipranavir,0
Progesterone,Cocaine,0
Methylene blue,Pirlindole,1
Ubidecarenone,Antipyrine,0
Escitalopram,Lobeglitazone,0
Darifenacin,Osimertinib,0
Trichlormethiazide,Penbutolol,0
Azelastine,Perampanel,1
Timolol,Etoricoxib,0
Levomilnacipran,Olaparib,0
Dicoumarol,Midostaurin,0
Rosuvastatin,Colchicine,1
Naloxegol,Afatinib,0
Ethinylestradiol,Atazanavir,0
Tolazamide,Oxprenolol,1
Canagliflozin,Palbociclib,0
Idelalisib,Indinavir,0
Citalopram,Lapatinib,1
Toremifene,Bortezomib,1
Clonidine,Isavuconazonium,0
Secobarbital,Ximelagatran,0
Minaprine,Dosulepin,0
Lithium cation,Mirtazapine,1
Suvorexant,Ethanol,1
Estrone sulfate,Citalopram,0
Quinine,Omeprazole,0
Suvorexant,Brimonidine,1
Lidocaine,Delavirdine,0
Amoxapine,Doxylamine,1
Rosuvastatin,Nitrendipine,0
Methohexital,Clomipramine,0
Pantoprazole,Ropinirole,0
Isavuconazonium,Clotrimazole,0
Rabeprazole,Imatinib,0
Seratrodast,Bendroflumethiazide,0
Cilostazol,Delavirdine,0
Chlorpromazine,Panobinostat,0
Dextroamphetamine,Lumefantrine,0
Voriconazole,Netupitant,0
Fosamprenavir,Palbociclib,0
Alprenolol,Dorzolamide,0
Nevirapine,Ticagrelor,0
Etoricoxib,Citalopram,0
Sertraline,Nelfinavir,0
Idarubicin,Chloroquine,0
Lumiracoxib,Levofloxacin,0
Propafenone,Galantamine,1
Epoprostenol,Rucaparib,0
Tolterodine,Celecoxib,0
Azithromycin,Fosamprenavir,0
Rosiglitazone,Furazolidone,1
Azelastine,Primidone,1
Sorafenib,Palbociclib,0
Quetiapine,Ritonavir,0
Pentamidine,Citalopram,0
Bosutinib,Erythromycin,0
Perphenazine,Chlorpromazine,0
Amphetamine,Trimipramine,0
Galantamine,Luliconazole,0
Dolasetron,Amoxapine,1
Doxorubicin,Haloperidol,0
Methohexital,Losartan,0
Quinine,Chlorthalidone,0
Edoxaban,Ketoconazole,0
Promazine,Rilpivirine,1
Quinidine,Fluvoxamine,0
Nebivolol,Celecoxib,0
Pentamidine,Furazolidone,1
Tapentadol,Tipranavir,0
Lidocaine,Valsartan,0
Phenytoin,Furosemide,0
Dihydroergotamine,Netupitant,0
Mexiletine,Olaparib,0
Ibrutinib,Sulfamethoxazole,0
Amitriptyline,Netupitant,0
Saxagliptin,Idelalisib,0
Chloroquine,Hydroxyzine,1
Disopyramide,Selegiline,1
Indinavir,Rifabutin,0
Ethinylestradiol,Posaconazole,0
Alfuzosin,Isavuconazonium,0
Rifapentine,Parecoxib,0
Hexobarbital,Nilvadipine,0
Selegiline,Metolazone,0
Asenapine,Aripiprazole,1
Rasagiline,Nadolol,0
Domperidone,Cinacalcet,0
Metoprolol,Ziprasidone,0
Vincristine,Amiodarone,0
Dorzolamide,Lopinavir,0
Olsalazine,Balsalazide,1
Dofetilide,Alfuzosin,1
Nicorandil,Rasagiline,0
Thalidomide,Pantoprazole,0
Secobarbital,Indapamide,0
Buspirone,Hydroxyzine,1
Chloroquine,Mirabegron,1
Thioridazine,Clarithromycin,1
Enzalutamide,Acetyldigitoxin,0
Hydrocodone,Oxprenolol,1
Levomilnacipran,Isradipine,0
Donepezil,Sulfisoxazole,0
Bupranolol,Acetyldigitoxin,1
Phenobarbital,Iloperidone,0
Ticlopidine,Abiraterone,0
Ubidecarenone,Palbociclib,0
Yohimbine,Dronedarone,0
Epinastine,Midostaurin,0
Leflunomide,Clotrimazole,0
Nevirapine,Aminophylline,0
Phenobarbital,Irbesartan,0
Enzalutamide,Chloroquine,0
Tizanidine,Acebutolol,1
Phenobarbital,Selegiline,0
Chlorthalidone,Phenoxybenzamine,0
Estrone sulfate,Estrone,0
Ubidecarenone,Pimozide,0
Donepezil,Atazanavir,0
Gliclazide,Betaxolol,1
Moclobemide,Lovastatin,0
Domperidone,Sulfamethoxazole,1
Mitotane,Zafirlukast,0
Citalopram,Pirlindole,1
Pindolol,Methadone,0
Doxepin,Ixazomib,0
Nitrendipine,Cobicistat,0
Desvenlafaxine,Mirabegron,0
Amoxapine,Tipranavir,0
Pentamidine,Eliglustat,0
Fluvastatin,Methadone,0
Ambrisentan,Nelfinavir,0
Simeprevir,Valproic acid,0
Doxorubicin,Tamoxifen,0
Prucalopride,Canagliflozin,0
Granisetron,Alfuzosin,1
Buprenorphine,Darunavir,0
Rosuvastatin,Fluconazole,0
Domperidone,Trimethoprim,1
Progesterone,Ticagrelor,0
Epinastine,Palbociclib,0
Amprenavir,Ivacaftor,0
Methadone,Bortezomib,1
Rifampicin,Rosuvastatin,0
Sildenafil,Lovastatin,0
Haloperidol,Clobazam,0
Phenprocoumon,Aprepitant,0
Verapamil,Nafamostat,0
Thiamylal,Mestranol,0
Quinine,Tipranavir,0
Hexobarbital,Isoniazid,0
Tolvaptan,Sorafenib,0
Bosutinib,Telithromycin,0
Topotecan,Fluvoxamine,0
Ondansetron,Galantamine,1
Rifampicin,Arformoterol,0
Progesterone,Acenocoumarol,0
Valsartan,Oxprenolol,0
Indinavir,Clopidogrel,0
Daunorubicin,Dihydroergotamine,0
Loratadine,Perampanel,1
Simvastatin,Clarithromycin,0
Antipyrine,Tranylcypromine,0
Propafenone,Tolterodine,1
Esomeprazole,Itraconazole,0
Metoprolol,Clomipramine,0
Thalidomide,Risperidone,0
Leflunomide,Sulfadiazine,0
Labetalol,Leflunomide,0
Buspirone,Boceprevir,0
Promazine,Etravirine,0
Thiopental,Sodium oxybate,1
Acenocoumarol,Mycophenolate mofetil,1
Hydroflumethiazide,Captopril,0
Primidone,Doxylamine,1
Fluoxetine,Toremifene,1
Glyburide,Nateglinide,1
Ambrisentan,Telithromycin,0
Labetalol,Cinacalcet,0
Methylphenobarbital,Bisoprolol,0
Repaglinide,Desvenlafaxine,1
Estrone,Fluvoxamine,0
Chlorpromazine,Vemurafenib,0
Alogliptin,Voriconazole,0
Diclofenac,Epoprostenol,0
Carbamazepine,Sunitinib,0
Methohexital,Sodium oxybate,1
Verapamil,Gemfibrozil,0
Primidone,Bepridil,0
Clopidogrel,Aprepitant,0
Idarubicin,Olopatadine,0
Rifabutin,Apixaban,0
Tofacitinib,Abiraterone,0
Mefloquine,Phenobarbital,0
Asenapine,Stiripentol,0
Antipyrine,Pioglitazone,0
Imatinib,Nicardipine,0
Sertraline,Clobazam,0
Phenobarbital,Ambrisentan,0
Paraldehyde,Ropinirole,0
Voriconazole,Ticagrelor,0
Zafirlukast,Luliconazole,0
Rosuvastatin,Nefazodone,0
Acenocoumarol,Clarithromycin,0
Ciprofloxacin,Sevoflurane,1
Trimipramine,Simeprevir,0
Metoprolol,Oxprenolol,0
Mestranol,Voriconazole,0
Rilpivirine,Amiodarone,0
Pazopanib,Netupitant,0
Moclobemide,Labetalol,0
Hexobarbital,Nadolol,0
Alprenolol,Nitrendipine,0
Nicardipine,Isavuconazonium,0
Imipramine,Sodium oxybate,1
Pindolol,Tamsulosin,0
Selexipag,Fosaprepitant,0
Antipyrine,Lobeglitazone,0
Betaxolol,Macitentan,0
Guanfacine,Nefazodone,0
Pravastatin,Antipyrine,0
Arformoterol,Dosulepin,0
Promethazine,Isoniazid,0
Phenobarbital,Zafirlukast,0
Pargyline,Bisoprolol,0
Amitriptyline,Zucapsaicin,0
Promazine,Quinidine,0
Delavirdine,Netupitant,0
Methohexital,Nitrendipine,0
Estradiol,Pioglitazone,0
Phenytoin,Sulfamethoxazole,0
Valproic acid,Ketoconazole,0
Risperidone,Cocaine,0
Ivacaftor,Conivaptan,0
Bupropion,Quinidine,0
Rilpivirine,Fosaprepitant,0
Propranolol,Lumiracoxib,0
Chlorpromazine,Alfuzosin,1
Donepezil,Voriconazole,0
Timolol,Methadone,0
Losartan,Ticagrelor,0
Colchicine,Lopinavir,0
Cyclosporine,Clemastine,0
Rilpivirine,Bromocriptine,0
Granisetron,Lovastatin,0
Dabrafenib,Dihydroergotamine,0
Lithium cation,Magnesium sulfate,1
Simvastatin,Alogliptin,0
Rifapentine,Bortezomib,0
Alogliptin,Dihydroergotamine,0
Pentobarbital,Clotrimazole,0
Methohexital,Hydroflumethiazide,0
Panobinostat,Darunavir,0
Conivaptan,Doxepin,0
Alfuzosin,Losartan,0
Nilvadipine,Ivacaftor,0
Minaprine,Oxprenolol,1
Tolterodine,Tolbutamide,0
Nevirapine,Diclofenac,0
Rifampicin,Doxorubicin,0
Rifabutin,Risperidone,0
Ledipasvir,Azelastine,0
Dabrafenib,Olaparib,0
Hydrochlorothiazide,Valsartan,0
Pitavastatin,Voriconazole,0
Lithium cation,Imipramine,1
Doxorubicin,Panobinostat,0
Carvedilol,Zucapsaicin,0
Rifapentine,Methohexital,0
Phenobarbital,Cinacalcet,0
Thalidomide,Quetiapine,1
Thalidomide,Esomeprazole,0
Mirtazapine,Argatroban,0
Alprenolol,Chlorothiazide,0
Zileuton,Lopinavir,0
Ropinirole,Mifepristone,0
Nafamostat,Chlorthalidone,0
Guanfacine,Clotrimazole,0
Propranolol,Bupropion,0
Secobarbital,Bupropion,0
Everolimus,Progesterone,0
Nafamostat,Gemifloxacin,0
Rifaximin,Quinine,0
Tamsulosin,Imipramine,0
Rosuvastatin,Rucaparib,0
Omeprazole,Dasatinib,0
Pentobarbital,Voriconazole,0
Rasagiline,Hydrochlorothiazide,0
Pazopanib,Daunorubicin,0
Lumefantrine,Propafenone,0
Rosuvastatin,Verapamil,0
Carvedilol,Sulfadiazine,0
Ceritinib,Amoxapine,1
Domperidone,Quinine,0
Ziprasidone,Clomipramine,1
Thioridazine,Rucaparib,0
Pirlindole,Enalapril,0
Pimozide,Amitriptyline,1
Alprenolol,Formoterol,0
Estradiol,Nicardipine,0
Phenelzine,Irbesartan,0
Zafirlukast,Gemfibrozil,0
Ximelagatran,Epoprostenol,1
Mirtazapine,Amprenavir,0
Bromocriptine,Haloperidol,0
Nevirapine,Clotrimazole,0
Progesterone,Chlorpropamide,0
Doxazosin,Abiraterone,0
Indomethacin,Etacrynic acid,0
Selexipag,Palbociclib,0
Tibolone,Parecoxib,1
Ibuprofen,Losartan,0
Lumefantrine,Ivacaftor,0
Methylphenobarbital,Captopril,0
Aliskiren,Mifepristone,0
Nilvadipine,Luliconazole,0
Bosentan,Mycophenolate mofetil,0
Thiamylal,Rasagiline,0
Domperidone,Aripiprazole,1
Mirtazapine,Magnesium sulfate,1
Dofetilide,Ticlopidine,0
Delavirdine,Doxepin,0
Amphetamine,Toloxatone,0
Rosiglitazone,Trimethoprim,0
Mirabegron,Imatinib,0
Diclofenac,Midostaurin,0
Metamfetamine,Isoniazid,0
Nevirapine,Silodosin,0
Nicorandil,Phenoxybenzamine,0
Everolimus,Loratadine,0
Chlorpromazine,Cimetidine,0
Mifepristone,Olsalazine,1
Omeprazole,Irbesartan,0
Tizanidine,Metoprolol,1
Amitriptyline,Crisaborole,0
Tapentadol,Luliconazole,0
Valproic acid,Tolbutamide,0
Thiamylal,Lovastatin,0
Dabrafenib,Estrone sulfate,0
Propranolol,Artemether,0
Diclofenac,Lobeglitazone,0
Enzalutamide,Nelfinavir,0
Mitotane,Trimethoprim,0
Desvenlafaxine,Aripiprazole,0
Theophylline,Etravirine,0
Chlorpropamide,Etravirine,0
Azelastine,Ceritinib,0
Idelalisib,Voriconazole,0
Pazopanib,Darunavir,0
Mirtazapine,Ziprasidone,1
Thiamylal,Indapamide,0
Canagliflozin,Ziprasidone,0
Clonidine,Vemurafenib,0
Brimonidine,Nitrendipine,0
Nitrendipine,Sulfisoxazole,0
Repaglinide,Citalopram,1
Rifaximin,Tolvaptan,0
Estradiol,Bortezomib,0
Topotecan,Progesterone,0
Tolbutamide,Duloxetine,1
Ropinirole,Estrone,0
Enzalutamide,Teriflunomide,0
Olaparib,Boceprevir,0
Dicoumarol,Itraconazole,0
Acenocoumarol,Epoprostenol,1
Domperidone,Methotrimeprazine,1
Afatinib,Venlafaxine,0
Treprostinil,Oxprenolol,0
Nafamostat,Levofloxacin,0
Aripiprazole,Voriconazole,0
Labetalol,Stiripentol,0
Lapatinib,Posaconazole,0
Vardenafil,Enalaprilat,0
Nortriptyline,Nicorandil,0
Dicoumarol,Teriflunomide,1
Vemurafenib,Prochlorperazine,1
Phenobarbital,Droperidol,1
Clomipramine,Ketoconazole,0
Rosiglitazone,Sertraline,1
Benzphetamine,Crizotinib,0
Rabeprazole,Tranylcypromine,0
Zileuton,Epoprostenol,0
Tacrolimus,Fluconazole,0
Promazine,Olanzapine,1
Pregabalin,Protriptyline,0
Lumacaftor,Indomethacin,0
Thiamylal,Quinine,0
Dolasetron,Delavirdine,0
Tapentadol,Nelfinavir,0
Amitriptyline,Isoniazid,0
Acenocoumarol,Imatinib,0
Nateglinide,Imipramine,0
Cisapride,Ziprasidone,0
Tacrolimus,Telaprevir,0
Voriconazole,Boceprevir,0
Rotigotine,Ranolazine,0
Chlorpropamide,Clotrimazole,0
Propafenone,Sertraline,1
Desipramine,Cimetidine,0
Moclobemide,Atenolol,0
Mexiletine,Darifenacin,0
Suvorexant,Fluconazole,0
Dabrafenib,Toremifene,0
Simvastatin,Sulfamethoxazole,0
Acenocoumarol,Nefazodone,0
Bepridil,Fluoxetine,0
Deferasirox,Bromocriptine,0
Ubidecarenone,Nevirapine,0
Nafamostat,Acetylsalicylic acid,1
Methotrimeprazine,Promethazine,1
Methylphenidate,Fesoterodine,0
Tipranavir,Midostaurin,0
Chlorothiazide,Levomilnacipran,0
Doxazosin,Nilvadipine,0
Escitalopram,Haloperidol,0
Acebutolol,Manidipine,0
Pirlindole,Atenolol,0
Ritonavir,Fosamprenavir,0
Propranolol,Acetyldigitoxin,1
Ceritinib,Posaconazole,0
Methylene blue,Lercanidipine,0
Suvorexant,Sodium oxybate,1
Ambrisentan,Aprepitant,0
Fluorouracil,Fluvoxamine,0
Cyclophosphamide,Fluvoxamine,0
Simvastatin,Clobazam,0
Carbamazepine,Moexipril,0
Vemurafenib,Mefloquine,0
Omeprazole,Lopinavir,0
Phenytoin,Omeprazole,0
Amobarbital,Lercanidipine,0
Dabrafenib,Ethanol,0
Doxazosin,Fluoxetine,0
Tipranavir,Mestranol,0
Eliglustat,Crizotinib,0
Ximelagatran,Ketoconazole,0
Minaprine,Cholecalciferol,0
Clobazam,Isradipine,0
Domperidone,Darunavir,0
Selexipag,Verapamil,0
Tacrolimus,Omeprazole,0
Progesterone,Leflunomide,0
Disopyramide,Paroxetine,1
Artemether,Nicardipine,1
Mycophenolate mofetil,Lapatinib,0
Theophylline,Fusidic acid,0
Disopyramide,Amiodarone,1
Rifampicin,Pravastatin,0
Labetalol,Abiraterone,0
Torasemide,Abiraterone,0
Apixaban,Fosaprepitant,0
Doxorubicin,Idelalisib,0
Antipyrine,Sildenafil,0
Carvedilol,Vemurafenib,0
Doxepin,Betaxolol,0
Simeprevir,Mestranol,0
Phenytoin,Ticagrelor,0
Dolasetron,Indinavir,0
Hydroflumethiazide,Indapamide,0
Aripiprazole,Tranylcypromine,0
Suvorexant,Asenapine,1
Clopidogrel,Azelastine,1
Glipizide,Palbociclib,0
Metoprolol,Simvastatin,0
Nilotinib,Propofol,1
Tolbutamide,Disopyramide,1
Haloperidol,Nelfinavir,0
Ivacaftor,Atazanavir,0
Progesterone,Bupropion,0
Secobarbital,Apixaban,0
Bupropion,Sulfadiazine,0
Citalopram,Sulfisoxazole,0
Apixaban,Meloxicam,1
Deferasirox,Promazine,0
Pirlindole,Hydrochlorothiazide,0
Ibuprofen,Furosemide,0
Dronedarone,Atomoxetine,1
Sitagliptin,Atazanavir,0
Nilotinib,Itraconazole,0
Sorafenib,Simeprevir,0
Benzphetamine,Lovastatin,0
Ubidecarenone,Dasatinib,0
Doxorubicin,Pimozide,0
Aripiprazole,Alogliptin,0
Saquinavir,Doxepin,0
Cilostazol,Saquinavir,0
Nicotine,Clotrimazole,0
Doxorubicin,Ergotamine,0
Esomeprazole,Omeprazole,0
Oxprenolol,Riociguat,0
Mitotane,Enalapril,0
Pirlindole,Losartan,0
Tamsulosin,Telaprevir,0
Theophylline,Cobicistat,0
Iloperidone,Pentamidine,1
Mianserin,Fluconazole,0
Mifepristone,Amphetamine,1
Prucalopride,Methadone,0
Thiamylal,Valsartan,0
Zileuton,Cholecalciferol,0
Ranolazine,Omeprazole,0
Parecoxib,Indapamide,0
Alogliptin,Diphenhydramine,0
Diltiazem,Stiripentol,0
Cyclophosphamide,Nefazodone,0
Orphenadrine,Lithium cation,1
Phenindione,Tolazamide,1
Olanzapine,Ranolazine,0
Haloperidol,Ziprasidone,0
Mianserin,Citalopram,0
Galantamine,Bisoprolol,1
Glyburide,Sertraline,0
Sulfadiazine,Amiodarone,0
Enalapril,Netupitant,0
Iloperidone,Treprostinil,1
Valsartan,Lercanidipine,0
Clomipramine,Theophylline,0
Meloxicam,Erythromycin,0
Rotigotine,Indinavir,0
Ketoconazole,Fluvoxamine,0
Repaglinide,Gemifloxacin,1
Ethanol,Metolazone,0
Arformoterol,Hydrochlorothiazide,0
Selegiline,Metipranolol,0
Valproic acid,Mifepristone,0
Phenprocoumon,Delavirdine,0
Phenprocoumon,Ibuprofen,1
Lumiracoxib,Losartan,0
Thalidomide,Mifepristone,0
Domperidone,Delavirdine,0
Prochlorperazine,Labetalol,0
Secobarbital,Timolol,0
Riociguat,Rolapitant,0
Conivaptan,Sulfamethoxazole,0
Cilostazol,Dihydroergotamine,0
Levodopa,Lopinavir,0
Perphenazine,Erythromycin,0
Esomeprazole,Ticlopidine,0
Phenobarbital,Bromocriptine,0
Galantamine,Escitalopram,0
Mitotane,Dronedarone,0
Bromocriptine,Idelalisib,0
Chlorothiazide,Glimepiride,0
Acebutolol,Nilvadipine,0
Selegiline,Felodipine,0
Alprenolol,Phenoxybenzamine,0
Tamsulosin,Terbinafine,0
Bumetanide,Gliclazide,0
Celecoxib,Stiripentol,0
Ethanol,Brimonidine,1
Galantamine,Lorcaserin,0
Enalapril,Oxprenolol,0
Amprenavir,Saquinavir,0
Glimepiride,Metoprolol,1
Primidone,Haloperidol,0
Irbesartan,Lobeglitazone,0
Levomilnacipran,Darunavir,0
Rosuvastatin,Ticlopidine,0
Zolpidem,Phenytoin,1
Saquinavir,Lithium cation,1
Pravastatin,Fosaprepitant,0
Phenprocoumon,Tamoxifen,1
Doxorubicin,Netupitant,0
Aminophylline,Quinine,0
Ranolazine,Nicardipine,0
Ibrutinib,Darifenacin,0
Cyclophosphamide,Dihydroergotamine,0
Enzalutamide,Ondansetron,0
Phenytoin,Nabilone,1
Perphenazine,Modafinil,0
Sertraline,Lovastatin,0
Rifaximin,Levofloxacin,0
Clozapine,Ketoconazole,0
Rosiglitazone,Valsartan,0
Progesterone,Moclobemide,0
Phenytoin,Loratadine,0
Dronedarone,Doxepin,1
Digoxin,Atomoxetine,0
Dabrafenib,Carbamazepine,0
Pentobarbital,Sevoflurane,0
Levofloxacin,Sulfamethoxazole,1
Tamoxifen,Sulfamethoxazole,0
Diltiazem,Duloxetine,0
Lovastatin,Fusidic acid,0
Trichlormethiazide,Bepridil,0
Mirabegron,Fosaprepitant,0
Trichlormethiazide,Manidipine,0
Dofetilide,Ziprasidone,0
Diclofenac,Moclobemide,0
Chloroquine,Aprepitant,0
Cholecalciferol,Netupitant,0
Ziprasidone,Tapentadol,1
Caffeine,Bupropion,0
Secobarbital,Treprostinil,0
Primidone,Ritonavir,0
Dextroamphetamine,Toloxatone,0
Metoprolol,Tibolone,0
Fosphenytoin,Pantoprazole,0
Bosentan,Glyburide,1
Ceritinib,Fluconazole,1
Zafirlukast,Netupitant,0
Paliperidone,Alogliptin,0
Tramadol,Metamfetamine,0
Pravastatin,Cimetidine,0
Sertraline,Cholecalciferol,0
Sevoflurane,Fosamprenavir,0
Ethanol,Amitriptyline,1
Diclofenac,Posaconazole,0
Amprenavir,Panobinostat,0
Acenocoumarol,Netupitant,0
Iloperidone,Fingolimod,1
Simeprevir,Erythromycin,0
Rifapentine,Dorzolamide,0
Thioridazine,Azithromycin,0
Lidocaine,Atenolol,0
Cilostazol,Boceprevir,0
Seratrodast,Lopinavir,0
Primidone,Lobeglitazone,0
Buspirone,Mirabegron,0
Felodipine,Palbociclib,0
Celecoxib,Simeprevir,0
Naloxegol,Amitriptyline,0
Imatinib,Ziprasidone,0
Idarubicin,Clobazam,0
Zolpidem,Protriptyline,1
Oxprenolol,Ibuprofen,0
Penbutolol,Seratrodast,0
Sorafenib,Voriconazole,0
Rilpivirine,Modafinil,0
Glipizide,Isavuconazonium,0
Meloxicam,Abiraterone,0
Cyclophosphamide,Zafirlukast,0
Paliperidone,Bopindolol,1
Topotecan,Fingolimod,0
Fosphenytoin,Cobicistat,0
Anagrelide,Tipranavir,0
Dicoumarol,Minocycline,1
Ticagrelor,Anagrelide,1
Loratadine,Fluorouracil,0
Warfarin,Delavirdine,0
Sorafenib,Doxycycline,0
Diphenhydramine,Voriconazole,0
Desipramine,Amprenavir,0
Dofetilide,Citalopram,1
Boceprevir,Netupitant,0
Clopidogrel,Nilotinib,0
Apixaban,Lopinavir,0
Nilvadipine,Telithromycin,0
Ritonavir,Glyburide,0
Testosterone,Rolapitant,0
Cyclobenzaprine,Nafamostat,0
Terbinafine,Fluvoxamine,0
Mestranol,Cholecalciferol,0
Bisoprolol,Ambrisentan,0
Alogliptin,Saquinavir,0
Ximelagatran,Theophylline,0
Acenocoumarol,Dronedarone,0
Timolol,Chloroquine,0
Tofacitinib,Cobicistat,0
Pitavastatin,Fluorouracil,0
Carbamazepine,Chlorpromazine,0
Seratrodast,Efavirenz,0
Tolvaptan,Amiodarone,0
Chlorthalidone,Sitagliptin,0
Rilpivirine,Topiroxostat,0
Bosentan,Tolvaptan,0
Idelalisib,Posaconazole,0
Lithium cation,Amoxapine,1
Ibuprofen,Cimetidine,0
Dabrafenib,Clopidogrel,0
Levomilnacipran,Buprenorphine,1
Aripiprazole,Rosiglitazone,0
Dronedarone,Clotrimazole,0
Thiopental,Ethinylestradiol,0
Promazine,Caffeine,0
Quinidine,Nelfinavir,0
Azelastine,Sildenafil,0
Olaparib,Acetyldigitoxin,0
Sildenafil,Atazanavir,0
Eliglustat,Tizanidine,1
Betaxolol,Cimetidine,0
Riociguat,Osimertinib,0
Cilostazol,Nicardipine,0
Iloperidone,Tolazamide,0
Phenindione,Tolbutamide,1
Guanfacine,Atenolol,1
Canagliflozin,Netupitant,0
Glyburide,Dabigatran etexilate,0
Chlorpromazine,Cyclosporine,0
Azelastine,Lumefantrine,0
Dabrafenib,Tamoxifen,0
Apixaban,Erythromycin,0
Perphenazine,Imipramine,0
Cilostazol,Rabeprazole,0
Carteolol,Yohimbine,0
Nevirapine,Cholecalciferol,0
Alogliptin,Sulfisoxazole,0
Carvedilol,Indinavir,0
Sitagliptin,Sulfamethoxazole,0
Warfarin,Citalopram,0
Antipyrine,Simeprevir,0
Alprenolol,Diclofenac,0
Rivaroxaban,Diclofenac,1
Amitriptyline,Betaxolol,0
Edoxaban,Cyclosporine,0
Silodosin,Omeprazole,0
Verapamil,Vincristine,0
Warfarin,Minocycline,1
Chlorpromazine,Clobazam,0
Guanfacine,Amiodarone,0
Enzalutamide,Digoxin,0
Carbamazepine,Imipramine,0
Olanzapine,Ticlopidine,0
Diclofenac,Topiroxostat,0
Primidone,Cisapride,0
Carvedilol,Posaconazole,0
Vemurafenib,Cyclophosphamide,0
Alfuzosin,Atenolol,0
Orphenadrine,Nefazodone,0
Chloroquine,Fesoterodine,0
Diltiazem,Oxprenolol,0
Bupropion,Cocaine,0
Methylene blue,Bepridil,0
Glyburide,Levofloxacin,1
Deferasirox,Panobinostat,0
Sertraline,Nicardipine,0
Quinine,Bupranolol,0
Rasagiline,Risperidone,0
Secobarbital,Losartan,0
Pentobarbital,Clonidine,0
Disopyramide,Alfuzosin,1
Nebivolol,Nilvadipine,0
Nilotinib,Simeprevir,0
Sitagliptin,Aminophylline,0
Simvastatin,Cisapride,0
Ledipasvir,Isavuconazonium,0
Ziprasidone,Venlafaxine,1
Saquinavir,Abiraterone,0
Doxorubicin,Propranolol,0
Venlafaxine,Paroxetine,0
Anagrelide,Clarithromycin,1
Quinine,Vardenafil,1
Thioridazine,Lapatinib,1
Metoprolol,Tamsulosin,0
Phenytoin,Ziprasidone,0
Levodopa,Manidipine,0
Simvastatin,Voriconazole,0
Brimonidine,Bupranolol,0
Phenytoin,Seratrodast,0
Indomethacin,Gemifloxacin,0
Zileuton,Netupitant,0
Bopindolol,Celecoxib,0
Rifapentine,Dolasetron,0
Quinine,Tramadol,0
Dorzolamide,Bortezomib,0
Fluvastatin,Dasatinib,0
Lumacaftor,Dihydroergotamine,0
Buspirone,Droperidol,1
Sildenafil,Posaconazole,0
Domperidone,Panobinostat,0
Azithromycin,Sorafenib,1
Cyproterone acetate,Estradiol,0
Artemether,Abiraterone,0
Hexobarbital,Ropinirole,0
Glipizide,Levofloxacin,1
Simvastatin,Losartan,0
Glyburide,Voriconazole,0
Domperidone,Citalopram,0
Verapamil,Cobicistat,0
Topotecan,Bosutinib,0
Ixazomib,Darunavir,0
Rucaparib,Ziprasidone,0
Eliglustat,Sunitinib,1
Promazine,Verapamil,0
Rivaroxaban,Seratrodast,1
Carteolol,Fesoterodine,0
Rosuvastatin,Fluvoxamine,0
Cisapride,Sunitinib,1
Ciprofloxacin,Hydroxyzine,1
Salicylic acid,Omeprazole,0
Glyburide,Trimethoprim,0
Canagliflozin,Fusidic acid,0
Selexipag,Itraconazole,0
Pentobarbital,Cocaine,0
Hexobarbital,Itraconazole,0
Tolvaptan,Cimetidine,0
Methadone,Celecoxib,0
Lumiracoxib,Valsartan,0
Artemether,Olanzapine,1
Fluvoxamine,Dronabinol,1
Rosuvastatin,Gemfibrozil,1
Alfuzosin,Ergotamine,0
Irbesartan,Midostaurin,0
Tacrolimus,Acemetacin,1
Lidocaine,Lovastatin,0
Rifampicin,Voriconazole,0
Rifabutin,Idelalisib,0
Thiopental,Phenelzine,0
Selexipag,Ticagrelor,1
Rifampicin,Galantamine,0
Mitotane,Darunavir,0
Bendroflumethiazide,Bupranolol,0
Azelastine,Clobazam,1
Pitavastatin,Bortezomib,0
Carbamazepine,Dorzolamide,0
Asenapine,Levodopa,0
Everolimus,Dihydroergotamine,0
Sunitinib,Gliclazide,1
Afatinib,Ergotamine,0
Phenytoin,Epoprostenol,0
Cyclophosphamide,Posaconazole,0
Gemifloxacin,Isradipine,1
Ixazomib,Losartan,0
Bosentan,Rivaroxaban,0
Torasemide,Rosiglitazone,0
Dofetilide,Sevoflurane,1
Dicoumarol,Pravastatin,1
Propranolol,Lopinavir,0
Ranolazine,Desipramine,0
Dabrafenib,Posaconazole,0
Methylphenidate,Darunavir,0
Ethanol,Ropinirole,0
Rifaximin,Bromocriptine,0
Rifampicin,Loratadine,0
Fosphenytoin,Crizotinib,0
Indapamide,Oxprenolol,0
Clonidine,Celiprolol,1
Carbamazepine,Perampanel,0
Dabrafenib,Valsartan,0
Lovastatin,Manidipine,0
Secobarbital,Mestranol,0
Loratadine,Atazanavir,0
Zolpidem,Fosphenytoin,1
Thiopental,Nabilone,1
Chloroquine,Topiroxostat,0
Thiamylal,Diltiazem,0
Rifampicin,Torasemide,0
Phenytoin,Ondansetron,0
Diclofenac,Ivacaftor,0
Methadone,Tolbutamide,0
Sotalol,Erythromycin,1
Benzphetamine,Propranolol,1
Ergotamine,Labetalol,1
Azithromycin,Sildenafil,0
Topotecan,Saxagliptin,0
Ixazomib,Dasatinib,0
Glimepiride,Celiprolol,1
Clonidine,Telithromycin,0
Zuclopenthixol,Quinine,0
Seratrodast,Saquinavir,0
Lorcaserin,Efavirenz,0
Terbinafine,Olaparib,0
Rucaparib,Lumefantrine,0
Metamfetamine,Nilotinib,0
Doxorubicin,Midostaurin,0
Loratadine,Dihydroergotamine,0
Rifabutin,Mycophenolate mofetil,0
Paraldehyde,Methylphenobarbital,1
Tapentadol,Isoniazid,0
Diclofenac,Rabeprazole,0
Dofetilide,Hydrochlorothiazide,1
Rifampicin,Bopindolol,0
Phenelzine,Ondansetron,1
Dorzolamide,Etravirine,0
Diltiazem,Terbinafine,0
Terbinafine,Leflunomide,0
Domperidone,Lithium cation,1
Pentobarbital,Primaquine,0
Sulfisoxazole,Balsalazide,1
Dorzolamide,Captopril,0
Rucaparib,Clopidogrel,0
Mitotane,Phenoxybenzamine,0
Artemether,Leflunomide,0
Rabeprazole,Lobeglitazone,0
Bupropion,Itraconazole,0
Doxepin,Diphenhydramine,0
Glyburide,Valsartan,0
Nafamostat,Dabigatran etexilate,1
Bisoprolol,Nilvadipine,0
Progesterone,Rivaroxaban,0
Suvorexant,Nilotinib,0
Loratadine,Bupropion,0
Propafenone,Treprostinil,1
Alfuzosin,Nefazodone,0
Mianserin,Methylphenobarbital,0
Lapatinib,Tamoxifen,0
Mestranol,Dosulepin,0
Thiopental,Torasemide,0
Mianserin,Theophylline,0
Erythromycin,Norfloxacin,1
Pravastatin,Lobeglitazone,0
Vemurafenib,Amoxapine,1
Nevirapine,Methotrimeprazine,0
Iloperidone,Primaquine,1
Panobinostat,Sorafenib,1
Tolterodine,Nicardipine,0
Formoterol,Nicotine,0
Methotrimeprazine,Bupropion,0
Thiopental,Penbutolol,0
Ubidecarenone,Gemfibrozil,0
Hydrocodone,Carbamazepine,1
Ledipasvir,Clotrimazole,0
Etoricoxib,Tolbutamide,0
Darifenacin,Sildenafil,0
Darunavir,Telithromycin,0
Ubidecarenone,Zucapsaicin,0
Deferasirox,Ibrutinib,0
Saquinavir,Mestranol,0
Phenelzine,Treprostinil,0
Testosterone,Bortezomib,0
Iloperidone,Tamoxifen,1
Olopatadine,Epoprostenol,0
Ledipasvir,Ritonavir,0
Fosphenytoin,Atazanavir,0
Primidone,Hydrochlorothiazide,0
Bromocriptine,Trimipramine,0
Citalopram,Treprostinil,1
Sunitinib,Bortezomib,0
Carvedilol,Idelalisib,0
Toloxatone,Nadolol,0
Citalopram,Sevoflurane,1
Progesterone,Sitagliptin,0
Repaglinide,Testosterone,1
Betaxolol,Aminophylline,0
Nateglinide,Terbinafine,0
Methylphenobarbital,Atenolol,0
Nitrendipine,Aliskiren,0
Phenobarbital,Iloprost,0
Phenelzine,Riociguat,0
Antipyrine,Valsartan,0
Acemetacin,Nilvadipine,0
Perphenazine,Clobazam,0
Diltiazem,Trichlormethiazide,0
Fluvastatin,Nefazodone,0
Glipizide,Acebutolol,1
Mycophenolate mofetil,Rosiglitazone,0
Ziprasidone,Clemastine,0
Disopyramide,Nebivolol,1
Quazepam,Lopinavir,0
Fesoterodine,Isavuconazonium,0
Rifabutin,Lercanidipine,0
Primaquine,Promazine,1
Netupitant,Fluvoxamine,0
Rivaroxaban,Itraconazole,0
Suvorexant,Cocaine,1
Telithromycin,Paroxetine,1
Benzphetamine,Boceprevir,0
Paliperidone,Nortriptyline,0
Ethanol,Clotrimazole,0
Brimonidine,Phenoxybenzamine,0
Furazolidone,Torasemide,0
Dextroamphetamine,Nevirapine,0
Pentobarbital,Rucaparib,0
Digitoxin,Darunavir,0
Amiodarone,Penbutolol,1
Ergotamine,Tipranavir,0
Phenytoin,Ethinylestradiol,0
Aliskiren,Acetylsalicylic acid,0
Bosentan,Ziprasidone,0
Enzalutamide,Aliskiren,0
Fluoxetine,Esomeprazole,0
Nateglinide,Ceritinib,0
Enzalutamide,Nilvadipine,0
Caffeine,Stiripentol,0
Caffeine,Luliconazole,0
Conivaptan,Crizotinib,0
Thiopental,Quinethazone,0
Everolimus,Pantoprazole,0
Testosterone,Topiroxostat,0
Fluoxetine,Saquinavir,0
Ixazomib,Nelfinavir,0
Pentobarbital,Nilotinib,0
Acemetacin,Irbesartan,0
Lumacaftor,Zuclopenthixol,0
Ibrutinib,Cyclosporine,0
Rifapentine,Torasemide,0
Thiamylal,Fluvastatin,0
Cinacalcet,Voriconazole,0
Nebivolol,Eliglustat,0
Moexipril,Nitrendipine,0
Valproic acid,Lovastatin,0
Testosterone,Dihydroergotamine,0
Telaprevir,Delavirdine,0
Daunorubicin,Boceprevir,0
Glyburide,Rosiglitazone,1
Tamsulosin,Atomoxetine,0
Dihydroergotamine,Aprepitant,0
Dronabinol,Ticagrelor,0
Dorzolamide,Bepridil,0
Duloxetine,Ketoconazole,0
Donepezil,Manidipine,0
Dronabinol,Posaconazole,0
Dronedarone,Cocaine,0
Disopyramide,Mirtazapine,1
Protriptyline,Pramipexole,0
Felodipine,Sulfisoxazole,0
Mirtazapine,Tramadol,0
Dronabinol,Abiraterone,0
Rifaximin,Alprenolol,0
Fosphenytoin,Nefazodone,0
Toloxatone,Felodipine,0
Pimozide,Nicardipine,1
Carbamazepine,Saxagliptin,0
Azelastine,Itraconazole,0
Ivacaftor,Nilotinib,0
Methotrimeprazine,Abiraterone,0
Toremifene,Isradipine,1
Rifapentine,Ivacaftor,0
Phenytoin,Bromocriptine,0
Carbamazepine,Fluvoxamine,0
Dabigatran etexilate,Estrone sulfate,0
Epinastine,Bromocriptine,0
Desipramine,Simeprevir,0
Lapatinib,Lopinavir,0
Prochlorperazine,Atomoxetine,0
Levomilnacipran,Teriflunomide,0
Perphenazine,Pantoprazole,0
Fosamprenavir,Simeprevir,0
Doxorubicin,Dihydroergotamine,0
Mirtazapine,Midostaurin,0
Nafamostat,Dasatinib,1
Mirtazapine,Sulfisoxazole,0
Dabrafenib,Ergotamine,0
Silodosin,Indomethacin,0
Afatinib,Metoprolol,0
Lumacaftor,Tacrolimus,0
Propofol,Palbociclib,0
Clozapine,Ciprofloxacin,1
Artemether,Citalopram,0
Amphetamine,Oxprenolol,0
Ubidecarenone,Loratadine,0
Pindolol,Risperidone,0
Acemetacin,Dorzolamide,0
Telithromycin,Itraconazole,0
Pimozide,Gemifloxacin,1
Levofloxacin,Promazine,1
Parecoxib,Fluvastatin,0
Tapentadol,Indinavir,0
Fosphenytoin,Mifepristone,0
Atomoxetine,Cimetidine,0
Dronedarone,Droperidol,1
Bendroflumethiazide,Galantamine,1
Chlorpromazine,Imipramine,1
Celiprolol,Digitoxin,1
Lithium cation,Ibuprofen,0
Sulfamethoxazole,Clotrimazole,0
Enzalutamide,Yohimbine,0
Diltiazem,Nicardipine,0
Clemastine,Tranylcypromine,0
Dabrafenib,Midostaurin,0
Olanzapine,Manidipine,0
Parecoxib,Clotrimazole,0
Perphenazine,Ziprasidone,0
Enalaprilat,Ambrisentan,0
Amphetamine,Venlafaxine,0
Ambrisentan,Fluconazole,0
Deferasirox,Aminophylline,0
Tramadol,Saquinavir,0
Iloprost,Riociguat,0
Labetalol,Clemastine,0
Dicoumarol,Azelastine,1
Quinidine,Saxagliptin,0
Gliclazide,Gemfibrozil,0
Rosuvastatin,Osimertinib,0
Dofetilide,Ciprofloxacin,1
Naloxegol,Ticlopidine,0
Amobarbital,Captopril,0
Terbinafine,Iloperidone,0
Omeprazole,Fusidic acid,0
Hydrocodone,Perphenazine,1
Secobarbital,Sertraline,0
Enalapril,Olaparib,0
Guanfacine,Ethanol,1
Acenocoumarol,Lumiracoxib,1
Levomilnacipran,Vemurafenib,0
Diclofenac,Sertraline,0
Cisapride,Fosamprenavir,0
Moclobemide,Esomeprazole,0
Ximelagatran,Clotrimazole,0
Rifapentine,Posaconazole,0
Propranolol,Modafinil,0
Toloxatone,Labetalol,0
Telithromycin,Sulfisoxazole,1
Rivaroxaban,Atomoxetine,0
Acetylsalicylic acid,Zafirlukast,0
Indomethacin,Zafirlukast,0
Doxepin,Minocycline,1
Nicotine,Rucaparib,0
Fosphenytoin,Macitentan,0
Azelastine,Losartan,0
Vemurafenib,Droperidol,1
Pindolol,Lumiracoxib,0
Cyclosporine,Voriconazole,0
Sildenafil,Nefazodone,0
Domperidone,Desipramine,1
Phenprocoumon,Citalopram,1
Mitotane,Seratrodast,0
Granisetron,Erythromycin,1
Dronedarone,Posaconazole,0
Edoxaban,Nicardipine,0
Diclofenac,Citalopram,0
Bupropion,Venlafaxine,0
Benzphetamine,Imipramine,0
Conivaptan,Risperidone,0
Voriconazole,Doxycycline,0
Aripiprazole,Itraconazole,0
Iloperidone,Netupitant,0
Tipranavir,Glimepiride,0
Benzphetamine,Pimozide,0
Treprostinil,Acebutolol,0
Minaprine,Trichlormethiazide,0
Amoxapine,Atomoxetine,0
Sildenafil,Epoprostenol,0
Pentobarbital,Mycophenolate mofetil,0
Cyclophosphamide,Doxorubicin,1
Diphenhydramine,Paroxetine,0
Nevirapine,Fingolimod,0
Pitavastatin,Cyclophosphamide,0
Quinidine,Dihydroergotamine,0
Enzalutamide,Osimertinib,0
Sulfisoxazole,Mirabegron,1
Bupropion,Tranylcypromine,0
Aliskiren,Ceritinib,0
Pentobarbital,Ixazomib,0
Rilpivirine,Thiopental,0
Conivaptan,Buprenorphine,0
Saxagliptin,Ziprasidone,0
Loratadine,Nelfinavir,0
Methylene blue,Ambrisentan,0
Donepezil,Nebivolol,1
Selexipag,Fusidic acid,0
Phenprocoumon,Gliclazide,1
Fosphenytoin,Minocycline,1
Diltiazem,Fesoterodine,0
Naloxegol,Telithromycin,0
Paraldehyde,Cyclobenzaprine,1
Azelastine,Sulfamethoxazole,0
Rosuvastatin,Losartan,0
Suvorexant,Olaparib,0
Sunitinib,Doxycycline,0
Ketoconazole,Tramadol,0
Phenobarbital,Nortriptyline,0
Pantoprazole,Diltiazem,0
Leflunomide,Hydroflumethiazide,0
Mexiletine,Celecoxib,0
Crizotinib,Posaconazole,0
Azelastine,Phenytoin,1
Lithium cation,Etoricoxib,0
Bupranolol,Metyrosine,0
Losartan,Efavirenz,0
Cisapride,Posaconazole,0
Telaprevir,Escitalopram,0
Fluoxetine,Lapatinib,1
Guanfacine,Pantoprazole,0
Cisapride,Cholecalciferol,0
Nevirapine,Ethinylestradiol,0
Cyclobenzaprine,Itraconazole,0
Telithromycin,Granisetron,1
Carvedilol,Doxazosin,0
Naloxegol,Fosaprepitant,0
Fosphenytoin,Ziprasidone,0
Paliperidone,Moexipril,1
Tolbutamide,Delavirdine,0
Saquinavir,Promazine,1
Methotrimeprazine,Cinacalcet,0
Ethinylestradiol,Fluvoxamine,0
Testosterone,Dasatinib,0
Methohexital,Dosulepin,0
Diltiazem,Argatroban,0
Quetiapine,Tolterodine,1
Telithromycin,Ketoconazole,0
Celecoxib,Ziprasidone,0
Paroxetine,Clotrimazole,0
Zileuton,Palbociclib,0
Bosutinib,Digoxin,0
Thioridazine,Promazine,0
Silodosin,Vincristine,0
Digoxin,Primaquine,0
Clomipramine,Nicorandil,0
Nevirapine,Etravirine,0
Asenapine,Dronabinol,1
Doxorubicin,Zileuton,0
Pantoprazole,Ceritinib,0
Isavuconazonium,Ticlopidine,0
Thalidomide,Nicardipine,0
Chloroquine,Moexipril,1
Toremifene,Nortriptyline,1
Mirtazapine,Doxylamine,1
Epinastine,Methotrimeprazine,0
Propofol,Olaparib,0
Balsalazide,Acetylsalicylic acid,1
Salicylic acid,Polythiazide,0
Idarubicin,Fluoxetine,0
Thalidomide,Promazine,1
Cyproterone acetate,Azelastine,0
Dabrafenib,Timolol,0
Rabeprazole,Etravirine,0
Amphetamine,Timolol,0
Imipramine,Bupropion,0
Acenocoumarol,Telithromycin,0
Tramadol,Idelalisib,0
Pioglitazone,Atazanavir,0
Ibrutinib,Loratadine,0
Atazanavir,Posaconazole,0
Perphenazine,Lorcaserin,0
Conivaptan,Efavirenz,0
Bopindolol,Parecoxib,0
Bupranolol,Enalaprilat,0
Seratrodast,Gemifloxacin,0
Rabeprazole,Verapamil,0
Tolazamide,Fluconazole,0
Penbutolol,Sertraline,0
Buspirone,Doxylamine,1
Rifabutin,Methylphenobarbital,0
Carbamazepine,Desvenlafaxine,0
Rifapentine,Diltiazem,0
Phenelzine,Pindolol,0
Dolasetron,Manidipine,0
Loratadine,Sertraline,0
Cholecalciferol,Imatinib,0
Ambrisentan,Cobicistat,0
Silodosin,Paroxetine,0
Dolasetron,Palbociclib,0
Lidocaine,Imatinib,0
Benzphetamine,Lopinavir,0
Primaquine,Chloroquine,1
Carbamazepine,Doxycycline,0
Pseudoephedrine,Betaxolol,1
Disopyramide,Promazine,1
Indomethacin,Indapamide,0
Chlorthalidone,Quinidine,0
Alprenolol,Mycophenolate mofetil,0
Tolvaptan,Aprepitant,0
Doxorubicin,Salicylic acid,0
Secobarbital,Amitriptyline,0
Granisetron,Posaconazole,0
Diclofenac,Palbociclib,0
Paraldehyde,Sevoflurane,1
Doxorubicin,Nelfinavir,0
Digoxin,Penbutolol,1
Erythromycin,Sunitinib,1
Pirlindole,Oxprenolol,0
Celiprolol,Dasatinib,0
Trimipramine,Ixazomib,0
Nevirapine,Acenocoumarol,0
Rifapentine,Fosamprenavir,0
Lumacaftor,Osimertinib,0
Antipyrine,Chloroquine,0
Olsalazine,Torasemide,0
Paliperidone,Dolasetron,1
Telaprevir,Nelfinavir,0
Chlorpromazine,Bupranolol,0
Ixazomib,Valproic acid,0
Telaprevir,Warfarin,0
Sevoflurane,Luliconazole,0
Etoricoxib,Tipranavir,0
Pentamidine,Posaconazole,0
Dabrafenib,Galantamine,0
Nateglinide,Fluvastatin,0
Iloperidone,Hydroxyzine,1
Pazopanib,Dihydroergotamine,0
Nadolol,Bupranolol,0
Thioridazine,Doxorubicin,0
Deferasirox,Mexiletine,0
Panobinostat,Nefazodone,0
Methohexital,Estradiol,0
Buprenorphine,Rucaparib,0
Donepezil,Nadolol,1
Quinidine,Primaquine,1
Silodosin,Chloroquine,0
Rifabutin,Dronedarone,0
Azelastine,Oxprenolol,1
Epinastine,Rucaparib,0
Cyclophosphamide,Simeprevir,0
Nortriptyline,Boceprevir,0
Thiopental,Conivaptan,0
Thalidomide,Sevoflurane,1
Simvastatin,Crisaborole,0
Iloprost,Metolazone,0
Amphetamine,Pindolol,0
Quinine,Sorafenib,1
Bortezomib,Levodopa,0
Disopyramide,Dihydroergotamine,0
Doxepin,Sulfadiazine,0
Ixazomib,Sertraline,0
Chlorpropamide,Esmolol,1
Warfarin,Azithromycin,0
Bisoprolol,Chlorpromazine,0
Propofol,Ranolazine,0
Sevoflurane,Sertraline,0
Acenocoumarol,Sorafenib,0
Ubidecarenone,Irbesartan,0
Artemether,Nefazodone,0
Meloxicam,Metolazone,0
Haloperidol,Clotrimazole,0
Ethanol,Sevoflurane,1
Aripiprazole,Tolazamide,0
Carteolol,Abiraterone,0
Cocaine,Isavuconazonium,0
Ketoconazole,Ticagrelor,0
Rosuvastatin,Esomeprazole,0
Rifabutin,Nortriptyline,0
Lidocaine,Lapatinib,0
Ondansetron,Delavirdine,0
Ranolazine,Trimethoprim,0
Betaxolol,Yohimbine,0
Mefloquine,Fesoterodine,0
Lorcaserin,Verapamil,0
Propofol,Terbinafine,0
Epinastine,Dihydroergotamine,0
Quinine,Acebutolol,0
Rifampicin,Dicoumarol,0
Idarubicin,Darifenacin,0
Propofol,Mirabegron,0
Fosphenytoin,Voriconazole,0
Methylphenobarbital,Delavirdine,0
Digoxin,Verapamil,0
Nafamostat,Celecoxib,1
Thioridazine,Omeprazole,0
Levomilnacipran,Esomeprazole,0
Formoterol,Topiroxostat,0
Efavirenz,Atazanavir,0
Estradiol,Moclobemide,0
Rifampicin,Cyclobenzaprine,0
Manidipine,Cimetidine,0
Theophylline,Fosamprenavir,0
Conivaptan,Tramadol,0
Dicoumarol,Duloxetine,1
Fluoxetine,Azithromycin,0
Abiraterone,Digoxin,0
Conivaptan,Riociguat,0
Repaglinide,Fluoxetine,1
Rivaroxaban,Selexipag,1
Secobarbital,Celiprolol,0
Tipranavir,Abiraterone,0
Sunitinib,Nefazodone,0
Bisoprolol,Clarithromycin,0
Nicotine,Mifepristone,0
Primidone,Amitriptyline,0
Metoprolol,Treprostinil,0
Clozapine,Levodopa,0
Naloxegol,Posaconazole,0
Bosentan,Gemfibrozil,0
Tolvaptan,Indinavir,0
Progesterone,Ropinirole,0
Rifampicin,Nortriptyline,0
Glyburide,Testosterone,1
Pirlindole,Dorzolamide,0
Imipramine,Levodopa,0
Cinacalcet,Ivacaftor,0
Orphenadrine,Doxylamine,1
Propofol,Dasatinib,0
Chlorthalidone,Fesoterodine,0
Hydroflumethiazide,Manidipine,0
Gemifloxacin,Dasatinib,1
Eliglustat,Tranylcypromine,0
Buprenorphine,Lithium cation,1
Aripiprazole,Furosemide,0
Formoterol,Lorcaserin,0
Tolvaptan,Tamoxifen,0
Paliperidone,Atenolol,1
Sulfadiazine,Dosulepin,0
Cisapride,Fluoxetine,0
Alogliptin,Fosaprepitant,0
Zileuton,Trimethoprim,0
Phenindione,Nortriptyline,1
Apixaban,Sulfadiazine,0
Orphenadrine,Hexobarbital,1
Minaprine,Propranolol,1
Warfarin,Gemifloxacin,1
Conivaptan,Mirtazapine,0
Primaquine,Tizanidine,1
Thalidomide,Lobeglitazone,0
Estrone,Afatinib,0
Cilostazol,Itraconazole,0
Hydroflumethiazide,Sertraline,0
Metoprolol,Timolol,0
Sorafenib,Lumacaftor,0
Glimepiride,Pioglitazone,1
Pentamidine,Erythromycin,1
Glyburide,Furazolidone,1
Pregabalin,Valproic acid,0
Tacrolimus,Ceritinib,0
Carvedilol,Zafirlukast,0
Nefazodone,Atazanavir,0
Nortriptyline,Ticagrelor,0
Idarubicin,Efavirenz,0
Pregabalin,Primidone,0
Teriflunomide,Tamoxifen,0
Nilotinib,Diphenhydramine,1
Etoricoxib,Terbinafine,0
Methohexital,Bendroflumethiazide,0
Lopinavir,Stiripentol,0
Idarubicin,Citalopram,0
Rasagiline,Clonidine,0
Promazine,Posaconazole,0
Doxorubicin,Tofacitinib,0
Nebivolol,Indomethacin,0
Disopyramide,Trimipramine,1
Pentobarbital,Saxagliptin,0
Efavirenz,Fluvoxamine,0
Fosamprenavir,Tolbutamide,0
Ouabain,Itraconazole,0
Warfarin,Toremifene,1
Meloxicam,Efavirenz,0
Methylene blue,Amphetamine,1
Haloperidol,Ropinirole,0
Idarubicin,Isoniazid,0
Diclofenac,Levofloxacin,0
Losartan,Methylphenidate,0
Thalidomide,Nelfinavir,0
Seratrodast,Modafinil,0
Pseudoephedrine,Paroxetine,0
Tizanidine,Crisaborole,0
Enalapril,Venlafaxine,0
Indomethacin,Tolbutamide,0
Amobarbital,Clomipramine,0
Lumacaftor,Boceprevir,0
Pentobarbital,Cabergoline,0
Clobazam,Luliconazole,0
Bupropion,Manidipine,0
Levomilnacipran,Lapatinib,0
Zolpidem,Eliglustat,0
Glimepiride,Mesalazine,1
Hydroflumethiazide,Gliclazide,0
Nicotine,Clopidogrel,0
Sevoflurane,Idelalisib,0
Rifaximin,Thiamylal,0
Esomeprazole,Stiripentol,0
Promazine,Isoniazid,0
Amiodarone,Pindolol,1
Naloxegol,Cimetidine,0
Indapamide,Chlorpropamide,0
Tolvaptan,Conivaptan,0
Cobicistat,Voriconazole,0
Sotalol,Nortriptyline,1
Benzphetamine,Saquinavir,0
Estrone,Theophylline,0
Midostaurin,Nilotinib,0
Phenelzine,Celiprolol,0
Caffeine,Losartan,0
Pitavastatin,Antipyrine,0
Pazopanib,Ritonavir,0
Simvastatin,Darunavir,0
Nafamostat,Edoxaban,1
Dabigatran etexilate,Antipyrine,1
Ethanol,Trimipramine,1
Magnesium sulfate,Sodium oxybate,1
Bisoprolol,Meloxicam,0
Aripiprazole,Rolapitant,0
Mirtazapine,Thalidomide,1
Estrone sulfate,Rucaparib,0
Zafirlukast,Crisaborole,0
Alogliptin,Theophylline,0
Rifampicin,Rivaroxaban,0
Suvorexant,Minocycline,1
Rosiglitazone,Atazanavir,0
Desipramine,Propafenone,0
Clemastine,Methylene blue,0
Bendroflumethiazide,Paroxetine,0
Dronedarone,Amiodarone,0
Sildenafil,Cimetidine,0
Granisetron,Risperidone,1
Crizotinib,Aprepitant,0
Everolimus,Protriptyline,0
Rifapentine,Vemurafenib,0
Cyclobenzaprine,Amiodarone,0
Cyclophosphamide,Chloroquine,0
Repaglinide,Aprepitant,0
Clopidogrel,Ivacaftor,0
Clonidine,Isoniazid,0
Ticagrelor,Venlafaxine,0
Azelastine,Hexobarbital,1
Loratadine,Darifenacin,0
Venlafaxine,Epinastine,0
Sitagliptin,Doxycycline,0
Phenobarbital,Fluoxetine,0
Yohimbine,Oxprenolol,0
Efavirenz,Cobicistat,0
Modafinil,Aripiprazole,0
Imatinib,Paroxetine,0
Enzalutamide,Ranolazine,0
Zolpidem,Amoxapine,1
Thiopental,Minocycline,1
Carbamazepine,Meloxicam,0
Cyclophosphamide,Tolbutamide,0
Chlorpropamide,Topiroxostat,0
Desvenlafaxine,Sildenafil,0
Metamfetamine,Loratadine,0
Sevoflurane,Voriconazole,0
Lumiracoxib,Irbesartan,0
Clarithromycin,Promazine,1
Pentamidine,Lapatinib,1
Aliskiren,Palbociclib,0
Dicoumarol,Fusidic acid,0
Benzphetamine,Timolol,1
Tamoxifen,Digitoxin,0
Esmolol,Lumiracoxib,0
Pazopanib,Mirtazapine,1
Rivaroxaban,Voriconazole,0
Timolol,Digoxin,1
Omeprazole,Nicardipine,0
Ambrisentan,Doxycycline,0
Afatinib,Quinidine,0
Polythiazide,Nateglinide,0
Clonidine,Idelalisib,0
Nicardipine,Ketoconazole,0
Omeprazole,Isoniazid,0
Escitalopram,Cyclosporine,0
Rifapentine,Phenindione,0
Deferasirox,Granisetron,0
Orphenadrine,Pimozide,1
Naloxegol,Lopinavir,0
Nateglinide,Etravirine,0
Conivaptan,Bupropion,0
Cholecalciferol,Ranolazine,0
Quazepam,Diltiazem,0
Rifampicin,Rosiglitazone,0
Efavirenz,Paroxetine,0
Leflunomide,Methyclothiazide,0
Lidocaine,Bortezomib,0
Deferasirox,Azelastine,0
Rifapentine,Rabeprazole,0
Dorzolamide,Isavuconazonium,0
Mycophenolate mofetil,Clotrimazole,0
Phenytoin,Nilotinib,0
Mitotane,Asenapine,0
Sitagliptin,Theophylline,0
Nevirapine,Tramadol,0
Moexipril,Risperidone,0
Formoterol,Etacrynic acid,0
Lumacaftor,Fosamprenavir,0
Donepezil,Dronedarone,0
Diphenhydramine,Deferasirox,0
Levodopa,Lorcaserin,0
Nebivolol,Darifenacin,0
Rifampicin,Bosutinib,0
Antipyrine,Quazepam,0
Glipizide,Telithromycin,0
Clomipramine,Cinacalcet,0
Orphenadrine,Perphenazine,1
Warfarin,Abiraterone,0
Rosiglitazone,Lovastatin,0
Tolvaptan,Nilotinib,0
Tipranavir,Methotrimeprazine,0
Irbesartan,Gemfibrozil,0
Edoxaban,Cimetidine,0
Toremifene,Cyclosporine,0
Macitentan,Dasatinib,0
Paraldehyde,Sodium oxybate,1
Treprostinil,Metyrosine,0
Deferasirox,Parecoxib,0
Phenindione,Tramadol,1
Antipyrine,Nefazodone,0
Sotalol,Antipyrine,0
Nortriptyline,Toloxatone,1
Idelalisib,Ouabain,0
Paliperidone,Celiprolol,1
Pentobarbital,Lobeglitazone,0
Torasemide,Methylphenidate,0
Anagrelide,Crizotinib,1
Dosulepin,Valproic acid,0
Nilvadipine,Mifepristone,0
Fingolimod,Ivacaftor,0
Rifampicin,Dorzolamide,0
Chlorpromazine,Theophylline,0
Metipranolol,Ambrisentan,0
Dabrafenib,Primaquine,0
Buspirone,Clemastine,0
Hexobarbital,Ziprasidone,0
Torasemide,Sulfisoxazole,0
Pitavastatin,Cyclosporine,0
Methyclothiazide,Glipizide,0
Pazopanib,Panobinostat,0
Ondansetron,Pentamidine,1
Tamsulosin,Bepridil,0
Fluvastatin,Paroxetine,0
Phenoxybenzamine,Voriconazole,0
Cisapride,Isoniazid,0
Carteolol,Propafenone,0
Carteolol,Celecoxib,0
Disopyramide,Nelfinavir,0
Conivaptan,Ticlopidine,0
Ethinylestradiol,Fusidic acid,0
Enzalutamide,Nevirapine,0
Captopril,Tolvaptan,1
Cilostazol,Ranolazine,0
Arformoterol,Cabergoline,0
Domperidone,Ivacaftor,0
Clonidine,Netupitant,0
Methylene blue,Aliskiren,0
Celecoxib,Bumetanide,0
Cyclobenzaprine,Clobazam,0
Anagrelide,Domperidone,1
Antipyrine,Terbinafine,0
Topotecan,Tamoxifen,0
Meloxicam,Tolbutamide,0
Torasemide,Dorzolamide,0
Ziprasidone,Moexipril,1
Pentobarbital,Bisoprolol,0
Betaxolol,Mesalazine,0
Rifampicin,Sitagliptin,0
Secobarbital,Phenoxybenzamine,0
Prochlorperazine,Rolapitant,0
Phenytoin,Erythromycin,0
Toloxatone,Enalapril,0
Cyclosporine,Aprepitant,0
Phenytoin,Topotecan,0
Minaprine,Desipramine,0
Secobarbital,Minocycline,1
Donepezil,Nefazodone,0
Cyproterone acetate,Carvedilol,0
Amprenavir,Dabigatran etexilate,0
Ixazomib,Palbociclib,0
Rifampicin,Ledipasvir,0
Loratadine,Ticlopidine,0
Quetiapine,Fosamprenavir,0
Quinine,Penbutolol,0
Nicotine,Losartan,0
Losartan,Venlafaxine,0
Pseudoephedrine,Metoprolol,1
Seratrodast,Ketoconazole,0
Vincristine,Rolapitant,0
Ticagrelor,Acetylsalicylic acid,0
Etoricoxib,Efavirenz,0
Metoprolol,Mesalazine,0
Pazopanib,Ticagrelor,0
Droperidol,Mifepristone,1
Crizotinib,Azithromycin,1
Everolimus,Chlorpropamide,0
Zolpidem,Secobarbital,1
Aminophylline,Estrone,0
Citalopram,Cimetidine,0
Quetiapine,Glipizide,0
Cinacalcet,Azithromycin,0
Ziprasidone,Ritonavir,1
Levodopa,Rotigotine,0
Sertraline,Diltiazem,0
Lapatinib,Topiroxostat,0
Phenobarbital,Sulfadiazine,0
Betaxolol,Fesoterodine,0
Diclofenac,Esomeprazole,0
Indomethacin,Efavirenz,0
Saquinavir,Ticagrelor,0
Fosamprenavir,Ethinylestradiol,0
Leflunomide,Fluvastatin,0
Alprenolol,Citalopram,0
Carbamazepine,Fosaprepitant,0
Tipranavir,Alogliptin,0
Vemurafenib,Isradipine,0
Protriptyline,Darifenacin,0
Prochlorperazine,Trimethoprim,0
Moclobemide,Metolazone,0
Galantamine,Verapamil,0
Clonidine,Simeprevir,0
Midostaurin,Olaparib,0
Bendroflumethiazide,Nitrendipine,0
Carvedilol,Desipramine,0
Simvastatin,Telithromycin,0
Paraldehyde,Pregabalin,1
Mitotane,Pimozide,0
Bosentan,Carbamazepine,0
Rosuvastatin,Isradipine,0
Omeprazole,Manidipine,0
Repaglinide,Crisaborole,0
Hydrocodone,Chloroquine,0
Sunitinib,Venlafaxine,0
Pindolol,Acetyldigitoxin,1
Rifabutin,Progesterone,0
Metoprolol,Betaxolol,0
Ketoconazole,Clopidogrel,0
Ticlopidine,Zucapsaicin,0
Gliclazide,Manidipine,0
Yohimbine,Fosamprenavir,0
Crizotinib,Olanzapine,1
Midostaurin,Fosaprepitant,0
Alprenolol,Balsalazide,0
Ximelagatran,Topiroxostat,0
Etoricoxib,Idelalisib,0
Artemether,Sulfamethoxazole,1
Dorzolamide,Itraconazole,0
Phenindione,Minocycline,1
Suvorexant,Dronedarone,0
Levomilnacipran,Ranolazine,0
Fosphenytoin,Pazopanib,0
Rolapitant,Dabigatran etexilate,0
Acebutolol,Nefazodone,0
Silodosin,Fusidic acid,0
Loratadine,Dosulepin,0
Tramadol,Selegiline,0
Idarubicin,Mesalazine,0
Dihydroergotamine,Telaprevir,0
Rifabutin,Digitoxin,0
Clonidine,Indinavir,0
Ranolazine,Mifepristone,1
Phenytoin,Netupitant,0
Promazine,Mefloquine,0
Aminophylline,Lithium cation,0
Nortriptyline,Theophylline,0
Estrone,Saquinavir,0
Artemether,Lithium cation,1
Azelastine,Quinethazone,0
Naloxegol,Clotrimazole,0
Anagrelide,Pimozide,1
Amphetamine,Desipramine,0
Phenobarbital,Amiodarone,0
Bisoprolol,Metyrosine,0
Propofol,Clopidogrel,0
Sertraline,Palbociclib,0
Conivaptan,Rabeprazole,0
Methylene blue,Isradipine,0
Vardenafil,Brimonidine,0
Meloxicam,Valsartan,0
Quetiapine,Terbinafine,0
Doxepin,Ticlopidine,0
Carvedilol,Meloxicam,0
Terbinafine,Midostaurin,0
Desipramine,Modafinil,0
Alprenolol,Trichlormethiazide,0
Fosphenytoin,Nitrendipine,0
Cyclosporine,Salicylic acid,0
Amoxapine,Telaprevir,0
Cyproterone acetate,Chlorpropamide,0
Digoxin,Doxycycline,0
Gliclazide,Modafinil,0
Cyproterone acetate,Sulfadiazine,0
Ubidecarenone,Rilpivirine,0
Tolbutamide,Gemifloxacin,1
Diltiazem,Fusidic acid,0
Lapatinib,Ticlopidine,0
Bosentan,Methadone,0
Methylphenobarbital,Pantoprazole,0
Labetalol,Darifenacin,0
Lumacaftor,Sevoflurane,0
Tizanidine,Aminophylline,0
Pimozide,Bortezomib,0
Propofol,Theophylline,0
Cyclosporine,Aripiprazole,0
Cisapride,Fusidic acid,0
Nilotinib,Protriptyline,1
Fluvastatin,Lercanidipine,0
Rabeprazole,Ceritinib,0
Nevirapine,Sunitinib,0
Primidone,Amoxapine,0
Crizotinib,Clemastine,0
Paliperidone,Telithromycin,1
Verapamil,Doxycycline,0
Meloxicam,Dihydroergotamine,0
Cyclosporine,Mycophenolate mofetil,1
Alprenolol,Fingolimod,1
Caffeine,Fluconazole,0
Indapamide,Nilvadipine,0
Dextroamphetamine,Venlafaxine,0
Olopatadine,Voriconazole,0
Pseudoephedrine,Trimipramine,0
Metolazone,Epoprostenol,0
Nilotinib,Sevoflurane,1
Pantoprazole,Dronedarone,0
Doxorubicin,Artemether,0
Torasemide,Lercanidipine,0
Primaquine,Moexipril,1
Granisetron,Fusidic acid,0
Ethanol,Promazine,1
Ondansetron,Cinacalcet,0
Propafenone,Terbinafine,0
Rifapentine,Dronabinol,0
Sotalol,Zileuton,0
Fosphenytoin,Thiamylal,0
Testosterone,Manidipine,0
Yohimbine,Nefazodone,0
Tamoxifen,Olaparib,0
Domperidone,Venlafaxine,0
Efavirenz,Nilvadipine,0
Ondansetron,Cyclosporine,0
Quinine,Torasemide,0
Nevirapine,Lapatinib,0
Saquinavir,Glimepiride,0
Fluoxetine,Fingolimod,1
Alfuzosin,Telaprevir,0
Suvorexant,Thiopental,1
Sitagliptin,Minaprine,1
Azelastine,Thiopental,1
Captopril,Ritonavir,0
Hexobarbital,Polythiazide,0
Dabrafenib,Fosamprenavir,0
Escitalopram,Fosaprepitant,0
Thalidomide,Methohexital,1
Dronedarone,Trimethoprim,1
Galantamine,Ketoconazole,0
Phenelzine,Felodipine,0
Mexiletine,Isoniazid,0
Perphenazine,Artemether,0
Lercanidipine,Atomoxetine,0
Prochlorperazine,Artemether,0
Timolol,Diclofenac,0
Orphenadrine,Atomoxetine,0
Glipizide,Dosulepin,0
Amphetamine,Torasemide,0
Canagliflozin,Testosterone,1
Donepezil,Fluoxetine,0
Sulfisoxazole,Ketoconazole,1
Carbamazepine,Chlorpropamide,0
Netupitant,Clotrimazole,0
Timolol,Celiprolol,0
Paliperidone,Promethazine,1
Prochlorperazine,Imatinib,0
Tolazamide,Timolol,1
Cyproterone acetate,Quinine,0
Nilotinib,Clemastine,0
Buspirone,Sulfisoxazole,0
Ropinirole,Timolol,1
Dabrafenib,Cocaine,0
Clotrimazole,Afatinib,0
Warfarin,Tamoxifen,1
Cyclophosphamide,Artemether,0
Pirlindole,Metoprolol,0
Rotigotine,Posaconazole,0
Propafenone,Clarithromycin,0
Tolvaptan,Delavirdine,0
Betaxolol,Fluoxetine,0
Dolasetron,Ceritinib,0
Amobarbital,Etacrynic acid,0
Pseudoephedrine,Ziprasidone,0
Tofacitinib,Tranylcypromine,0
Methylphenobarbital,Felodipine,0
Timolol,Zucapsaicin,0
Acebutolol,Acetylsalicylic acid,0
Prochlorperazine,Dronedarone,0
Antipyrine,Iloprost,0
Fosamprenavir,Estradiol,0
Rifapentine,Cinacalcet,0
Brimonidine,Pindolol,0
Rucaparib,Fosaprepitant,0
Pregabalin,Tapentadol,1
Risperidone,Terbinafine,0
Deferasirox,Cyclobenzaprine,0
Tipranavir,Tranylcypromine,0
Theophylline,Gemfibrozil,0
Amphetamine,Clomipramine,0
Rifabutin,Telithromycin,0
Bopindolol,Salicylic acid,0
Methadone,Fosamprenavir,0
Mitotane,Ranolazine,0
Clarithromycin,Chlorpromazine,1
Quetiapine,Midostaurin,0
Granisetron,Sulfamethoxazole,1
Mirtazapine,Secobarbital,1
Thiamylal,Etravirine,0
Nicotine,Fluvoxamine,0
Chlorothiazide,Epoprostenol,0
Brimonidine,Celiprolol,0
Tolazamide,Saxagliptin,1
Propafenone,Mirabegron,0
Phenprocoumon,Atomoxetine,0
Arformoterol,Valproic acid,0
Brimonidine,Torasemide,0
Lithium cation,Chlorothiazide,0
Arformoterol,Cocaine,0
Methylene blue,Trimethoprim,0
Donepezil,Ticlopidine,0
Nicotine,Isavuconazonium,0
Saquinavir,Ledipasvir,0
Dofetilide,Fusidic acid,0
Artemether,Panobinostat,0
Metoprolol,Aminophylline,0
Ledipasvir,Fluoxetine,0
Enzalutamide,Isradipine,0
Ibrutinib,Progesterone,0
Rifampicin,Idelalisib,0
Hydrocodone,Fluconazole,0
Caffeine,Dasatinib,0
Apixaban,Crizotinib,0
Torasemide,Tolazamide,0
Donepezil,Dosulepin,0
Erythromycin,Darunavir,0
Ouabain,Clarithromycin,0
Cyclobenzaprine,Delavirdine,0
Dronedarone,Ziprasidone,0
Clopidogrel,Sulfisoxazole,0
Olopatadine,Metolazone,0
Hydrocodone,Olaparib,0
Methotrimeprazine,Metipranolol,0
Fluoxetine,Lopinavir,0
Ibuprofen,Ceritinib,0
Benzphetamine,Doxorubicin,0
Nicotine,Clobazam,0
Amitriptyline,Omeprazole,0
Domperidone,Pentamidine,1
Lapatinib,Delavirdine,0
Fluvastatin,Terbinafine,0
Tolterodine,Crisaborole,0
Primaquine,Olaparib,0
Dabrafenib,Dicoumarol,0
Quinidine,Tizanidine,1
Gemifloxacin,Ouabain,0
Bendroflumethiazide,Yohimbine,0
Phenobarbital,Brimonidine,1
Bosentan,Digitoxin,0
Fluoxetine,Zucapsaicin,0
Pitavastatin,Erythromycin,0
Digitoxin,Amiodarone,0
Prochlorperazine,Pindolol,0
Lercanidipine,Stiripentol,0
Tramadol,Ceritinib,0
Teriflunomide,Mianserin,0
Tapentadol,Ethanol,1
Dicoumarol,Mestranol,0
Diltiazem,Deslanoside,1
Tizanidine,Imipramine,0
Pravastatin,Colchicine,1
Rifaximin,Doxazosin,0
Chlorpromazine,Lapatinib,1
Deferasirox,Digoxin,0
Efavirenz,Atomoxetine,0
Idarubicin,Fluorouracil,0
Zileuton,Mexiletine,0
Vemurafenib,Dofetilide,0
Phenelzine,Bepridil,0
Metolazone,Metyrosine,0
Labetalol,Doxazosin,0
Tolbutamide,Balsalazide,1
Lumefantrine,Fingolimod,1
Nitrendipine,Saquinavir,0
Citalopram,Gemifloxacin,1
Modafinil,Mestranol,0
Rifapentine,Haloperidol,0
Phenprocoumon,Duloxetine,1
Secobarbital,Tapentadol,1
Azelastine,Doxepin,1
Naloxegol,Doxycycline,0
Fosphenytoin,Nateglinide,0
Pioglitazone,Nefazodone,0
Ubidecarenone,Diltiazem,0
Ibrutinib,Lercanidipine,0
Thalidomide,Clonidine,1
Pazopanib,Cyclosporine,0
Ibrutinib,Etoricoxib,0
Acebutolol,Parecoxib,0
Fosphenytoin,Citalopram,0
Rifabutin,Imatinib,0
Pazopanib,Tizanidine,1
Risperidone,Alogliptin,0
Aripiprazole,Mirabegron,0
Methylene blue,Nilvadipine,0
Clozapine,Aprepitant,0
Phenindione,Estradiol,0
Phenytoin,Ritonavir,0
Pimozide,Propofol,1
Thioridazine,Simvastatin,0
Vincristine,Carvedilol,0
Nilotinib,Chlorpropamide,0
Risperidone,Isavuconazonium,0
Dabrafenib,Celiprolol,0
Dextroamphetamine,Droperidol,0
Methylphenobarbital,Conivaptan,0
Fesoterodine,Fusidic acid,0
Primidone,Alfuzosin,0
Quinine,Phenoxybenzamine,0
Tofacitinib,Doxycycline,0
Suvorexant,Isavuconazonium,0
Amobarbital,Acenocoumarol,0
Methohexital,Valsartan,0
Trimipramine,Ceritinib,0
Ixazomib,Zucapsaicin,0
Pravastatin,Vincristine,0
Ticagrelor,Isradipine,0
Pimozide,Nortriptyline,1
Aprepitant,Idarubicin,0
Verapamil,Dasatinib,0
Mestranol,Sildenafil,0
Arformoterol,Fluvoxamine,0
Clopidogrel,Epoprostenol,0
Tacrolimus,Dihydroergotamine,0
Ketoconazole,Stiripentol,0
Dicoumarol,Acemetacin,1
Bendroflumethiazide,Bepridil,0
Valsartan,Alprenolol,0
Rifaximin,Lumacaftor,0
Simvastatin,Teriflunomide,0
Phenobarbital,Pindolol,0
Guanfacine,Clarithromycin,0
Hydrocodone,Pimozide,1
Clomipramine,Tapentadol,1
Fosphenytoin,Clotrimazole,0
Chlorpropamide,Acebutolol,1
Phenobarbital,Ondansetron,0
Rosuvastatin,Felodipine,0
Phenprocoumon,Tibolone,1
Ritonavir,Netupitant,0
Methohexital,Estrone sulfate,0
Suvorexant,Paraldehyde,1
Doxorubicin,Duloxetine,0
Bromocriptine,Dabigatran etexilate,0
Formoterol,Hydroflumethiazide,0
Cholecalciferol,Fluvoxamine,0
Desvenlafaxine,Telaprevir,0
Amphetamine,Furazolidone,0
Silodosin,Testosterone,0
Aripiprazole,Ketoconazole,0
Mexiletine,Crizotinib,0
Estradiol,Ticlopidine,0
Doxorubicin,Ibuprofen,0
Ticagrelor,Luliconazole,0
Idelalisib,Deslanoside,0
Amobarbital,Losartan,0
Naloxegol,Ergotamine,0
Primidone,Perphenazine,0
Ethinylestradiol,Vemurafenib,0
Itraconazole,Tipranavir,0
Dextroamphetamine,Ritonavir,0
Caffeine,Rolapitant,0
Tamsulosin,Amiodarone,0
Protriptyline,Toloxatone,1
Guanfacine,Fluconazole,0
Hydroflumethiazide,Bupranolol,0
Fluvastatin,Nilotinib,0
Metamfetamine,Methadone,0
Estradiol,Gemfibrozil,0
Paliperidone,Alprenolol,1
Erythromycin,Amiodarone,0
Mexiletine,Cholecalciferol,0
Sertraline,Losartan,0
Naloxegol,Stiripentol,0
Imatinib,Olaparib,0
Galantamine,Abiraterone,0
Galantamine,Nefazodone,0
Rifabutin,Buprenorphine,0
Valproic acid,Droperidol,1
Rilpivirine,Ketoconazole,0
Teriflunomide,Polythiazide,0
Pentamidine,Bortezomib,1
Risperidone,Mifepristone,1
Amphetamine,Felodipine,0
Toremifene,Chloroquine,1
Rifaximin,Esmolol,0
Chlorthalidone,Glipizide,0
Arformoterol,Sorafenib,0
Erythromycin,Doxepin,1
Fosphenytoin,Darifenacin,0
Acetylsalicylic acid,Hydroflumethiazide,0
Olaparib,Netupitant,0
Ropinirole,Nefazodone,0
Simvastatin,Propofol,0
Quinidine,Lapatinib,1
Asenapine,Sitagliptin,0
Iloperidone,Granisetron,1
Phenobarbital,Ceritinib,0
Phenobarbital,Yohimbine,0
Glyburide,Valproic acid,0
Tacrolimus,Luliconazole,0
Haloperidol,Esomeprazole,0
Cyclophosphamide,Saxagliptin,0
Dihydroergotamine,Bupranolol,1
Cabergoline,Cobicistat,0
Rifabutin,Phenytoin,0
Clonidine,Ranolazine,0
Oxprenolol,Perampanel,1
Darifenacin,Promazine,0
Carteolol,Metyrosine,0
Tizanidine,Brimonidine,1
Irbesartan,Lapatinib,0
Asenapine,Pioglitazone,0
Cobicistat,Propafenone,0
Daunorubicin,Nafamostat,0
Cyclobenzaprine,Caffeine,0
Saxagliptin,Pargyline,1
Clozapine,Duloxetine,0
Zafirlukast,Atomoxetine,0
Metoprolol,Pindolol,0
Rifabutin,Bisoprolol,0
Pseudoephedrine,Phenytoin,0
Nevirapine,Mifepristone,0
Ziprasidone,Fluoxetine,1
Deferasirox,Amprenavir,0
Dronedarone,Metipranolol,1
Pitavastatin,Levofloxacin,0
Doxorubicin,Etravirine,0
Nadolol,Tamsulosin,0
Sitagliptin,Ticlopidine,0
Lercanidipine,Losartan,0
Fingolimod,Manidipine,0
Toremifene,Polythiazide,0
Estrone sulfate,Tibolone,0
Imatinib,Erythromycin,0
Dronabinol,Citalopram,0
Riociguat,Sitagliptin,0
Fluvastatin,Sulfisoxazole,0
Metamfetamine,Dosulepin,0
Dronabinol,Etravirine,0
Rifampicin,Carvedilol,0
Buprenorphine,Trimipramine,1
Sitagliptin,Moclobemide,1
Levomilnacipran,Fosamprenavir,0
Selegiline,Tolbutamide,0
Dolasetron,Indapamide,1
Saquinavir,Doxycycline,0
Iloperidone,Sildenafil,0
Hydrocodone,Betaxolol,0
Rucaparib,Atomoxetine,0
Rivaroxaban,Clopidogrel,1
Nevirapine,Ritonavir,0
Nefazodone,Nelfinavir,0
Doxepin,Pantoprazole,0
Gemifloxacin,Amoxapine,1
Buspirone,Clotrimazole,0
Quinine,Saxagliptin,0
Oxprenolol,Propafenone,0
Mirtazapine,Fosamprenavir,0
Crizotinib,Indapamide,1
Formoterol,Ritonavir,0
Lidocaine,Tipranavir,0
Bopindolol,Labetalol,0
Buprenorphine,Ziprasidone,1
Azelastine,Moclobemide,0
Ximelagatran,Ceritinib,0
Seratrodast,Esomeprazole,0
Meloxicam,Mifepristone,0
Bortezomib,Valsartan,0
Gemfibrozil,Telithromycin,0
Fosphenytoin,Isavuconazonium,0
Toloxatone,Macitentan,0
Imipramine,Darunavir,0
Enzalutamide,Estrone sulfate,0
Alprenolol,Mirabegron,0
Efavirenz,Ranolazine,0
Ropinirole,Midostaurin,0
Phenprocoumon,Idelalisib,0
Ranolazine,Enalapril,0
Ethanol,Itraconazole,0
Nicorandil,Metyrosine,0
Lumacaftor,Olopatadine,0
Quazepam,Telaprevir,0
Nortriptyline,Magnesium sulfate,1
Parecoxib,Duloxetine,0
Chloroquine,Formoterol,1
Nateglinide,Fosaprepitant,0
Canagliflozin,Paroxetine,1
Fluoxetine,Itraconazole,0
Metoprolol,Quetiapine,0
Felodipine,Ceritinib,0
Meloxicam,Voriconazole,0
Hexobarbital,Modafinil,0
Acenocoumarol,Sulfadiazine,0
Cyclobenzaprine,Fluconazole,0
Torasemide,Lobeglitazone,0
Nelfinavir,Netupitant,0
Sildenafil,Ambrisentan,0
Phenobarbital,Trimipramine,0
Disopyramide,Salicylic acid,1
Warfarin,Tolterodine,1
Tolazamide,Balsalazide,1
Thalidomide,Delavirdine,0
Cisapride,Ticagrelor,0
Glipizide,Acetylsalicylic acid,1
Phenprocoumon,Testosterone,1
Hexobarbital,Posaconazole,0
Escitalopram,Azithromycin,1
Metoprolol,Metyrosine,0
Phenoxybenzamine,Fosaprepitant,0
Clozapine,Nicardipine,0
Eliglustat,Lorcaserin,0
Conivaptan,Quetiapine,0
Galantamine,Netupitant,0
Theophylline,Verapamil,0
Fosphenytoin,Nicardipine,0
Clobazam,Perampanel,1
Methadone,Aprepitant,0
Nateglinide,Mifepristone,0
Zolpidem,Netupitant,0
Tacrolimus,Ketoconazole,0
Mefloquine,Lumefantrine,1
Quinine,Boceprevir,0
Diltiazem,Ouabain,1
Digoxin,Nafamostat,0
Escitalopram,Arformoterol,1
Methadone,Olaparib,0
Lorcaserin,Palbociclib,0
Ethanol,Atazanavir,0
Ixazomib,Clozapine,0
Quinidine,Saquinavir,1
Rifapentine,Fluorouracil,0
Dabrafenib,Doxycycline,0
Quinine,Asenapine,1
Dicoumarol,Rosuvastatin,1
Tolterodine,Terbinafine,0
Phenytoin,Ceritinib,0
Progesterone,Omeprazole,0
Epinastine,Sulfisoxazole,0
Valproic acid,Carbamazepine,0
Ixazomib,Idelalisib,0
Anagrelide,Galantamine,1
Tizanidine,Midostaurin,0
Thalidomide,Abiraterone,0
Enzalutamide,Atomoxetine,0
Nevirapine,Mirtazapine,0
Primaquine,Ritonavir,1
Pindolol,Ibuprofen,0
Eliglustat,Rucaparib,0
Yohimbine,Rucaparib,0
Saxagliptin,Balsalazide,1
Carbamazepine,Midostaurin,0
Riociguat,Voriconazole,0
Mitotane,Tramadol,0
Aripiprazole,Nadolol,0
Promazine,Omeprazole,0
Glimepiride,Saxagliptin,1
Bosentan,Testosterone,0
Voriconazole,Iloperidone,0
Pantoprazole,Cimetidine,0
Saquinavir,Iloperidone,0
Apixaban,Abiraterone,0
Apixaban,Cobicistat,0
Acenocoumarol,Glipizide,1
Erythromycin,Palbociclib,0
Etoricoxib,Ticlopidine,0
Alfuzosin,Luliconazole,0
Warfarin,Fosphenytoin,1
Iloprost,Captopril,0
Conivaptan,Ceritinib,0
Colchicine,Olaparib,0
Fosphenytoin,Nilotinib,0
Mitotane,Atazanavir,0
Quinidine,Rabeprazole,0
Indapamide,Risperidone,0
Clozapine,Sulfisoxazole,1
Sildenafil,Nelfinavir,0
Saxagliptin,Clemastine,0
Nortriptyline,Telaprevir,0
Seratrodast,Cobicistat,0
Methohexital,Magnesium sulfate,1
Chlorpromazine,Methadone,1
Nicotine,Diltiazem,0
Alogliptin,Abiraterone,0
Ximelagatran,Irbesartan,0
Diltiazem,Methotrimeprazine,0
Ergotamine,Erythromycin,0
Dabrafenib,Crizotinib,0
Selexipag,Erythromycin,0
Meloxicam,Clarithromycin,0
Azelastine,Boceprevir,0
Cyproterone acetate,Amiodarone,0
Indapamide,Repaglinide,0
Topotecan,Simeprevir,0
Aripiprazole,Chloroquine,0
Fluvoxamine,Clotrimazole,0
Tofacitinib,Lobeglitazone,0
Alogliptin,Amphetamine,1
Tolterodine,Clobazam,0
Phenobarbital,Indinavir,0
Methotrimeprazine,Phenobarbital,1
Pirlindole,Tibolone,0
Aripiprazole,Rucaparib,0
Terbinafine,Itraconazole,0
Rifabutin,Estrone,0
Disopyramide,Mesalazine,1
Mitotane,Domperidone,0
Etoricoxib,Venlafaxine,0
Pargyline,Captopril,0
Pentamidine,Cholecalciferol,0
Gliclazide,Stiripentol,0
Diclofenac,Olaparib,0
Cyclosporine,Omeprazole,0
Protriptyline,Alogliptin,0
Arformoterol,Cinacalcet,0
Sunitinib,Luliconazole,0
Tolazamide,Alprenolol,1
Etoricoxib,Simeprevir,0
Ibrutinib,Cinacalcet,0
Amiodarone,Fluconazole,1
Phenprocoumon,Tolazamide,1
Clozapine,Minocycline,1
Pirlindole,Guanfacine,0
Benzphetamine,Betaxolol,1
Ziprasidone,Tizanidine,1
Warfarin,Cyclosporine,0
Pentobarbital,Cyclophosphamide,0
Estrone,Aprepitant,0
Amprenavir,Metoprolol,0
Sulfamethoxazole,Furazolidone,1
Tacrolimus,Isavuconazonium,0
Pseudoephedrine,Quinidine,0
Celiprolol,Saquinavir,0
Rifapentine,Pentobarbital,0
Quetiapine,Rolapitant,0
Etravirine,Sorafenib,0
Dabigatran etexilate,Rosiglitazone,1
Dronedarone,Desipramine,1
Pentobarbital,Mianserin,1
Phenindione,Propafenone,0
Timolol,Cimetidine,0
Bosentan,Tofacitinib,0
Prochlorperazine,Fosaprepitant,0
Mirtazapine,Methylphenobarbital,1
Metamfetamine,Nevirapine,0
Rifampicin,Risperidone,0
Phenprocoumon,Sevoflurane,1
Aminophylline,Atazanavir,0
Everolimus,Gliclazide,0
Rasagiline,Isradipine,0
Quinidine,Idelalisib,0
Carvedilol,Imatinib,0
Pioglitazone,Minaprine,1
Tamoxifen,Cinacalcet,0
Doxorubicin,Mefloquine,0
Mirabegron,Simeprevir,0
Desvenlafaxine,Bortezomib,0
Moclobemide,Darifenacin,0
Lumefantrine,Mifepristone,0
Progesterone,Glyburide,0
Pentamidine,Ceritinib,0
Selegiline,Celiprolol,0
Secobarbital,Aminophylline,0
Dextroamphetamine,Perphenazine,0
Chlorthalidone,Venlafaxine,0
Domperidone,Irbesartan,0
Primidone,Droperidol,1
Omeprazole,Sorafenib,0
Quinine,Oxprenolol,0
Etoricoxib,Chlorothiazide,0
Amitriptyline,Tipranavir,0
Verapamil,Boceprevir,0
Clomipramine,Simeprevir,0
Clozapine,Formoterol,1
Dextroamphetamine,Ranolazine,0
Hexobarbital,Metipranolol,0
Zafirlukast,Delavirdine,0
Phenytoin,Cyclobenzaprine,0
Artemether,Fluvoxamine,0
Progesterone,Luliconazole,0
Tolvaptan,Fosaprepitant,0
Fluvastatin,Desipramine,0
Deferasirox,Nilvadipine,0
Polythiazide,Rosiglitazone,0
Torasemide,Sitagliptin,0
Magnesium sulfate,Norfloxacin,0
Primidone,Metyrosine,0
Estrone sulfate,Glyburide,0
Ledipasvir,Bosutinib,0
Progesterone,Fusidic acid,0
Diphenhydramine,Cyclosporine,0
Ibrutinib,Erythromycin,0
Suvorexant,Fosamprenavir,0
Phenelzine,Labetalol,0
Rolapitant,Isradipine,0
Bupropion,Delavirdine,0
Alfuzosin,Indinavir,0
Pseudoephedrine,Nortriptyline,0
Toloxatone,Pirlindole,0
Lercanidipine,Telaprevir,0
Silodosin,Rilpivirine,0
Conivaptan,Ticagrelor,0
Alfuzosin,Lercanidipine,0
Ticlopidine,Netupitant,0
Losartan,Fusidic acid,0
Indomethacin,Trichlormethiazide,0
Chlorothiazide,Trichlormethiazide,0
Atazanavir,Glimepiride,0
Isoniazid,Itraconazole,0
Saquinavir,Ciprofloxacin,1
Betaxolol,Epoprostenol,0
Cinacalcet,Itraconazole,0
Canagliflozin,Furazolidone,1
Chlorthalidone,Dorzolamide,0
Quinine,Nelfinavir,0
Quinidine,Desipramine,1
Deferasirox,Rilpivirine,0
Darunavir,Voriconazole,0
Afatinib,Tolvaptan,0
Fluoxetine,Aprepitant,0
Lithium cation,Thioridazine,1
Moclobemide,Sulfadiazine,0
Macitentan,Amiodarone,0
Pentobarbital,Lumefantrine,0
Leflunomide,Losartan,0
Chlorpropamide,Nadolol,1
Acetylsalicylic acid,Indinavir,0
Carbamazepine,Venlafaxine,0
Olanzapine,Lobeglitazone,0
Fingolimod,Fluvoxamine,0
Ubidecarenone,Ceritinib,0
Haloperidol,Dronedarone,0
Conivaptan,Fesoterodine,0
Dabrafenib,Pentobarbital,0
Dabrafenib,Tacrolimus,0
Donepezil,Clozapine,0
Pseudoephedrine,Pimozide,0
Clozapine,Magnesium sulfate,1
Repaglinide,Mesalazine,1
Torasemide,Indinavir,0
Gemfibrozil,Imatinib,0
Fosphenytoin,Loratadine,0
Carbamazepine,Nitrendipine,0
Nafamostat,Ticlopidine,1
Etoricoxib,Olaparib,0
Oxprenolol,Levomilnacipran,0
Phenoxybenzamine,Sulfisoxazole,0
Propofol,Ceritinib,0
Acebutolol,Polythiazide,0
Aprepitant,Formoterol,0
Carteolol,Selexipag,0
Zafirlukast,Cyclosporine,0
Pravastatin,Nicardipine,0
Seratrodast,Moclobemide,0
Carbamazepine,Estrone sulfate,0
Levofloxacin,Ouabain,0
Edoxaban,Lumacaftor,0
Bisoprolol,Stiripentol,0
Simvastatin,Daunorubicin,0
Nilotinib,Sorafenib,1
Silodosin,Citalopram,0
Chlorpromazine,Bortezomib,1
Alprenolol,Acebutolol,0
Propranolol,Polythiazide,0
Betaxolol,Bortezomib,0
Rifapentine,Mirabegron,0
Disopyramide,Sorafenib,1
Phenytoin,Toremifene,0
Pitavastatin,Sulfisoxazole,0
Sevoflurane,Ticlopidine,0
Clonidine,Itraconazole,0
Chloroquine,Ropinirole,0
Metoprolol,Quinine,0
Nebivolol,Rolapitant,0
Topotecan,Mifepristone,0
Ketoconazole,Saquinavir,0
Edoxaban,Valproic acid,0
Lumiracoxib,Isoniazid,0
Carbamazepine,Propofol,0
Testosterone,Pioglitazone,0
Topotecan,Vemurafenib,0
Antipyrine,Lopinavir,0
Etravirine,Lovastatin,0
Pindolol,Nafamostat,0
Azithromycin,Olaparib,0
Saxagliptin,Palbociclib,0
Dronabinol,Clarithromycin,0
Propafenone,Ivacaftor,0
Bupropion,Mifepristone,0
Cyclobenzaprine,Mexiletine,0
Pentobarbital,Cisapride,0
Glyburide,Fluvoxamine,0
Lapatinib,Dabigatran etexilate,0
Acemetacin,Metoprolol,0
Celecoxib,Dihydroergotamine,0
Quetiapine,Clomipramine,1
Acemetacin,Bisoprolol,0
Rifampicin,Ixazomib,0
Selexipag,Dihydroergotamine,0
Paliperidone,Carteolol,1
Benzphetamine,Diphenhydramine,0
Eliglustat,Atomoxetine,0
Primidone,Eliglustat,0
Sitagliptin,Atomoxetine,0
Ethanol,Quetiapine,1
Naloxegol,Telaprevir,0
Pentobarbital,Mestranol,0
Ubidecarenone,Isavuconazonium,0
Dolasetron,Haloperidol,1
Nafamostat,Quinethazone,0
Sotalol,Dasatinib,1
Pimozide,Fosaprepitant,0
Progesterone,Tolbutamide,0
Dofetilide,Tizanidine,1
Dronedarone,Isradipine,1
Mexiletine,Amiodarone,0
Clomipramine,Palbociclib,0
Esomeprazole,Cyclosporine,0
Ethanol,Bortezomib,0
Pargyline,Cyclobenzaprine,1
Enzalutamide,Meloxicam,0
Escitalopram,Luliconazole,0
Minaprine,Quinidine,0
Palbociclib,Mifepristone,0
Rasagiline,Valsartan,0
Amitriptyline,Lobeglitazone,0
Rifampicin,Sevoflurane,0
Ondansetron,Posaconazole,0
Ivacaftor,Venlafaxine,0
Hydrochlorothiazide,Epoprostenol,0
Darifenacin,Cholecalciferol,0
Cyclophosphamide,Atomoxetine,0
Cisapride,Valsartan,0
Ergotamine,Argatroban,0
Rilpivirine,Pravastatin,0
Phenprocoumon,Dasatinib,1
Balsalazide,Verapamil,1
Betaxolol,Imipramine,0
Minaprine,Nicorandil,0
Pentobarbital,Metyrosine,0
Ambrisentan,Darunavir,0
Tipranavir,Lopinavir,0
Fingolimod,Posaconazole,0
Fosphenytoin,Zileuton,0
Digoxin,Amprenavir,0
Chlorpropamide,Ticlopidine,0
Alfuzosin,Dabigatran etexilate,0
Estrone sulfate,Hydrochlorothiazide,0
Gliclazide,Rasagiline,1
Colchicine,Saquinavir,0
Seratrodast,Quinine,0
Sertraline,Fosamprenavir,0
Saxagliptin,Stiripentol,0
Promethazine,Chloroquine,0
Nortriptyline,Captopril,0
Seratrodast,Isoniazid,0
Penbutolol,Etoricoxib,0
Paliperidone,Sotalol,1
Sunitinib,Minaprine,1
Tipranavir,Isradipine,0
Chlorthalidone,Selexipag,0
Omeprazole,Nefazodone,0
Trimipramine,Metyrosine,0
Tamoxifen,Cyclosporine,0
Trimethoprim,Luliconazole,0
Thalidomide,Guanfacine,1
Everolimus,Nitrendipine,0
Clonidine,Nortriptyline,0
Pazopanib,Fusidic acid,0
Nilotinib,Erythromycin,0
Perphenazine,Sulfisoxazole,0
Fosphenytoin,Sulfisoxazole,0
Clemastine,Ropinirole,0
Clopidogrel,Losartan,0
Gemfibrozil,Clemastine,0
Selexipag,Sulfisoxazole,0
Guanfacine,Olaparib,0
Eliglustat,Sertraline,0
Quinethazone,Sitagliptin,0
Guanfacine,Sulfamethoxazole,0
Iloperidone,Darifenacin,0
Clozapine,Nortriptyline,1
Minaprine,Clomipramine,0
Telithromycin,Methadone,1
Promazine,Simeprevir,0
Tolterodine,Isradipine,0
Methadone,Magnesium sulfate,1
Midostaurin,Luliconazole,0
Granisetron,Mirtazapine,1
Cilostazol,Fusidic acid,0
Acenocoumarol,Tolazamide,1
Lithium cation,Losartan,0
Glipizide,Fosaprepitant,0
Vincristine,Acetyldigitoxin,0
Bromocriptine,Nefazodone,0
Dabrafenib,Eliglustat,0
Bosutinib,Mirtazapine,0
Phenobarbital,Rabeprazole,0
Enzalutamide,Tolterodine,0
Rifampicin,Hexobarbital,0
Cabergoline,Ceritinib,0
Trimethoprim,Sulfadiazine,0
Cyclophosphamide,Deslanoside,0
Thalidomide,Carbamazepine,1
Conivaptan,Trimipramine,0
Leflunomide,Caffeine,0
Sulfadiazine,Olaparib,0
Nadolol,Teriflunomide,0
Nortriptyline,Nelfinavir,0
Tamoxifen,Valsartan,0
Imatinib,Atomoxetine,0
Tamoxifen,Deslanoside,0
Glipizide,Efavirenz,0
Rifampicin,Citalopram,0
Dabigatran etexilate,Ibuprofen,1
Terbinafine,Simeprevir,0
Nilvadipine,Venlafaxine,0
Venlafaxine,Ceritinib,0
Tacrolimus,Tolbutamide,0
Clopidogrel,Atazanavir,0
Antipyrine,Eliglustat,0
Tacrolimus,Rabeprazole,0
Acenocoumarol,Simeprevir,0
Doxepin,Amprenavir,0
Posaconazole,Doxycycline,0
Rifapentine,Ziprasidone,0
Pantoprazole,Palbociclib,0
Amobarbital,Nilvadipine,0
Tranylcypromine,Propafenone,0
Quetiapine,Pentamidine,1
Carvedilol,Delavirdine,0
Chloroquine,Tamoxifen,0
Phenprocoumon,Valproic acid,0
Sulfamethoxazole,Ticagrelor,0
Sevoflurane,Nicotine,0
Nevirapine,Daunorubicin,0
Cyproterone acetate,Telithromycin,0
Nicardipine,Clarithromycin,0
Fosphenytoin,Delavirdine,0
Perampanel,Crizotinib,0
Lumefantrine,Alfuzosin,1
Phenobarbital,Fluconazole,0
Phenobarbital,Vardenafil,0
Gemifloxacin,Imipramine,1
Buprenorphine,Clobazam,1
Naloxegol,Fesoterodine,0
Ziprasidone,Indapamide,1
Rifampicin,Diltiazem,0
Nevirapine,Telaprevir,0
Rifampicin,Nadolol,0
Cilostazol,Tipranavir,0
Testosterone,Lumacaftor,0
Atenolol,Risperidone,0
Perphenazine,Duloxetine,0
Rotigotine,Netupitant,0
Ledipasvir,Itraconazole,0
Everolimus,Promethazine,0
Eliglustat,Lumefantrine,0
Bosentan,Palbociclib,0
Dabrafenib,Celecoxib,0
Theophylline,Azithromycin,0
Crizotinib,Tizanidine,1
Brimonidine,Treprostinil,0
Diclofenac,Mexiletine,0
Tolbutamide,Bopindolol,1
Naloxegol,Pimozide,0
Hexobarbital,Simeprevir,0
Buprenorphine,Ticagrelor,0
Hydrocodone,Erythromycin,0
Olopatadine,Lovastatin,0
Tolterodine,Indinavir,0
Crizotinib,Clotrimazole,0
Amprenavir,Citalopram,0
Lumacaftor,Nortriptyline,0
Levofloxacin,Trimethoprim,1
Galantamine,Ranolazine,0
Conivaptan,Enalapril,0
Toremifene,Lapatinib,1
Pentobarbital,Toremifene,0
Atazanavir,Manidipine,0
Etravirine,Aprepitant,0
Selegiline,Chlorthalidone,0
Lapatinib,Sildenafil,0
Cyclosporine,Imatinib,0
Clobazam,Ranolazine,0
Quetiapine,Dosulepin,0
Cinacalcet,Aprepitant,0
Crizotinib,Nefazodone,0
Pioglitazone,Luliconazole,0
Efavirenz,Phenprocoumon,0
Dosulepin,Furazolidone,1
Repaglinide,Chlorpropamide,1
Iloperidone,Promazine,0
Quinine,Cimetidine,0
Digitoxin,Boceprevir,0
Methylene blue,Selexipag,0
Tolterodine,Clotrimazole,0
Sevoflurane,Fluconazole,0
Propranolol,Fusidic acid,0
Quinidine,Gemfibrozil,0
Thiopental,Magnesium sulfate,1
Terbinafine,Zafirlukast,0
Seratrodast,Trimethoprim,0
Phenoxybenzamine,Dronedarone,0
Methohexital,Verapamil,0
Bosutinib,Sertraline,0
Anagrelide,Tamoxifen,1
Estrone sulfate,Etacrynic acid,0
Methylene blue,Mirtazapine,1
Brimonidine,Pramipexole,0
Promazine,Leflunomide,0
Bosutinib,Olaparib,0
Chloroquine,Norfloxacin,0
Rifapentine,Osimertinib,0
Caffeine,Clarithromycin,0
Mirabegron,Dosulepin,0
Nicotine,Manidipine,0
Arformoterol,Ticlopidine,0
Timolol,Ritonavir,0
Diclofenac,Bortezomib,0
Warfarin,Estradiol,0
Seratrodast,Clopidogrel,0
Clomipramine,Diltiazem,0
Hydrocodone,Iloperidone,1
Bosentan,Crisaborole,0
Hexobarbital,Nelfinavir,0
Anagrelide,Azithromycin,0
Torasemide,Lithium cation,0
Perphenazine,Fluconazole,0
Granisetron,Clobazam,0
Ropinirole,Acebutolol,1
Phenobarbital,Nicotine,0
Seratrodast,Simeprevir,0
Doxepin,Zucapsaicin,0
Quinethazone,Citalopram,0
Pargyline,Penbutolol,0
Hexobarbital,Lercanidipine,0
Cilostazol,Quinidine,0
Nabilone,Acebutolol,0
Phenelzine,Chlorthalidone,0
Donepezil,Mirabegron,0
Secobarbital,Brimonidine,1
Buspirone,Lovastatin,0
Clonidine,Mirabegron,0
Clozapine,Zucapsaicin,0
Brimonidine,Doxazosin,0
Teriflunomide,Tofacitinib,0
Epinastine,Sildenafil,0
Ouabain,Azithromycin,0
Estradiol,Isradipine,0
Thioridazine,Clozapine,0
Simvastatin,Isradipine,0
Progesterone,Lumefantrine,0
Sulfadiazine,Gemifloxacin,1
Erythromycin,Delavirdine,0
Levofloxacin,Mirtazapine,1
Nateglinide,Sorafenib,0
Bosentan,Daunorubicin,0
Tolbutamide,Paroxetine,1
Bosentan,Rilpivirine,0
Amphetamine,Cimetidine,0
Aripiprazole,Saquinavir,0
Bendroflumethiazide,Methylphenidate,0
Doxazosin,Manidipine,0
Haloperidol,Clemastine,0
Pentobarbital,Moexipril,0
Dicoumarol,Protriptyline,1
Dofetilide,Pazopanib,1
Orphenadrine,Fusidic acid,0
Timolol,Nafamostat,0
Quinine,Selegiline,1
Pentobarbital,Carbamazepine,0
Pseudoephedrine,Prochlorperazine,0
Enzalutamide,Amprenavir,0
Lithium cation,Minocycline,1
Indapamide,Darunavir,0
Sunitinib,Pioglitazone,1
Dronedarone,Abiraterone,0
Pentobarbital,Etacrynic acid,0
Disopyramide,Aripiprazole,1
Dofetilide,Rucaparib,0
Minaprine,Ketoconazole,0
Toloxatone,Bepridil,0
Cyclophosphamide,Rosiglitazone,0
Tibolone,Metyrosine,0
Celiprolol,Mycophenolate mofetil,0
Cyproterone acetate,Primaquine,0
Sorafenib,Imatinib,0
Clozapine,Risperidone,0
Dabigatran etexilate,Tibolone,1
Fluvastatin,Lopinavir,0
Doxorubicin,Clomipramine,0
Canagliflozin,Nefazodone,0
Doxepin,Omeprazole,0
Rifaximin,Sunitinib,0
Tolvaptan,Dihydroergotamine,0
Metamfetamine,Pirlindole,0
Primidone,Nabilone,1
Nevirapine,Antipyrine,0
Rifapentine,Fluoxetine,0
Cyclosporine,Terbinafine,0
Diphenhydramine,Brimonidine,1
Amiodarone,Luliconazole,0
Fosphenytoin,Tacrolimus,0
Carbamazepine,Atomoxetine,0
Formoterol,Cholecalciferol,0
Sildenafil,Netupitant,0
Tamsulosin,Delavirdine,0
Aripiprazole,Metolazone,0
Bosentan,Nicorandil,0
Fosphenytoin,Ropinirole,0
Dofetilide,Hydroflumethiazide,1
Venlafaxine,Cocaine,0
Estradiol,Etravirine,0
Tolterodine,Rolapitant,0
Bromocriptine,Nelfinavir,0
Rucaparib,Clotrimazole,0
Hexobarbital,Sildenafil,0
Cinacalcet,Saquinavir,0
Acemetacin,Indapamide,0
Carbamazepine,Nicardipine,0
Pravastatin,Clotrimazole,0
Sildenafil,Bisoprolol,0
Pentobarbital,Phenelzine,0
Rabeprazole,Abiraterone,0
Thalidomide,Sorafenib,0
Phenindione,Etoricoxib,1
Nateglinide,Citalopram,0
Netupitant,Tolbutamide,0
Tolazamide,Pindolol,1
Everolimus,Nefazodone,0
Sorafenib,Ceritinib,0
Ledipasvir,Dasatinib,0
Nilvadipine,Fluvoxamine,0
Selexipag,Lumacaftor,0
Dabrafenib,Pioglitazone,0
Disopyramide,Arformoterol,1
Acenocoumarol,Ethinylestradiol,0
Eliglustat,Treprostinil,1
Amiodarone,Carteolol,1
Chloroquine,Lumacaftor,0
Repaglinide,Furazolidone,1
Methotrimeprazine,Pregabalin,1
Pentobarbital,Seratrodast,0
Methylene blue,Clonidine,0
Clomipramine,Ropinirole,0
Chloroquine,Mirtazapine,1
Atomoxetine,Luliconazole,0
Cilostazol,Dosulepin,0
Lercanidipine,Selexipag,0
Nafamostat,Hydrochlorothiazide,0
Toremifene,Amitriptyline,1
Buprenorphine,Methadone,1
Prucalopride,Lidocaine,0
Testosterone,Teriflunomide,0
Fluconazole,Losartan,0
Indapamide,Osimertinib,0
Bosentan,Chlorthalidone,0
Daunorubicin,Lobeglitazone,0
Primidone,Nadolol,0
Escitalopram,Sulfisoxazole,0
Aripiprazole,Doxazosin,0
Trimipramine,Enalaprilat,0
Cinacalcet,Fosamprenavir,0
Digitoxin,Fluconazole,0
Perampanel,Ropinirole,0
Sitagliptin,Idelalisib,0
Enalaprilat,Risperidone,0
Idarubicin,Cinacalcet,0
Macitentan,Venlafaxine,0
Ropinirole,Zucapsaicin,0
Cilostazol,Terbinafine,0
Amobarbital,Bumetanide,0
Ciprofloxacin,Lapatinib,1
Amobarbital,Amoxapine,0
Mefloquine,Mifepristone,1
Tapentadol,Midostaurin,0
Lercanidipine,Levodopa,0
Apixaban,Mifepristone,0
Doxorubicin,Luliconazole,0
Betaxolol,Acetylsalicylic acid,0
Clobazam,Ropinirole,0
Alfuzosin,Aliskiren,0
Artemether,Quazepam,0
Propafenone,Dabigatran etexilate,0
Zolpidem,Paroxetine,0
Mifepristone,Paliperidone,1
Zolpidem,Fosamprenavir,0
Buprenorphine,Crisaborole,0
Riociguat,Darunavir,0
Afatinib,Clomipramine,0
Stiripentol,Lobeglitazone,0
Iloprost,Phenoxybenzamine,0
Rosuvastatin,Ergotamine,0
Vincristine,Haloperidol,0
Thioridazine,Amiodarone,0
Timolol,Lobeglitazone,0
Nefazodone,Tipranavir,0
Estradiol,Glyburide,0
Bosentan,Quazepam,0
Pravastatin,Lopinavir,0
Carbamazepine,Fluconazole,0
Zuclopenthixol,Atomoxetine,0
Nafamostat,Indomethacin,1
Zolpidem,Omeprazole,0
Clobazam,Clopidogrel,0
Dicoumarol,Glimepiride,1
Rifampicin,Cholecalciferol,0
Idarubicin,Methotrimeprazine,0
Rivaroxaban,Balsalazide,1
Primidone,Argatroban,0
Ibrutinib,Modafinil,0
Dihydroergotamine,Idelalisib,0
Eliglustat,Methadone,0
Mirtazapine,Asenapine,1
Vemurafenib,Alfuzosin,0
Fosphenytoin,Ivacaftor,0
Glimepiride,Omeprazole,0
Pazopanib,Amiodarone,0
Warfarin,Amitriptyline,1
Lumacaftor,Gemfibrozil,0
Aminophylline,Caffeine,0
Terbinafine,Rosiglitazone,0
Thioridazine,Lobeglitazone,0
Darifenacin,Telaprevir,0
Nevirapine,Nitrendipine,0
Dronabinol,Isavuconazonium,0
Trimethoprim,Itraconazole,0
Pazopanib,Indinavir,0
Lorcaserin,Doxycycline,0
Hydroflumethiazide,Escitalopram,0
Fosamprenavir,Sulfisoxazole,0
Quinine,Osimertinib,0
Methohexital,Perampanel,1
Venlafaxine,Doxycycline,0
Pioglitazone,Irbesartan,0
Clobazam,Saquinavir,0
Tizanidine,Amiodarone,0
Tipranavir,Gliclazide,0
Idarubicin,Bupropion,0
Chloroquine,Lovastatin,0
Rifabutin,Propofol,0
Dorzolamide,Trimethoprim,0
Carvedilol,Diclofenac,0
Carbamazepine,Arformoterol,0
Lidocaine,Fluvoxamine,0
Mifepristone,Ceritinib,0
Propafenone,Mifepristone,1
Pazopanib,Risperidone,1
Lumiracoxib,Simeprevir,0
Deferasirox,Progesterone,0
Ledipasvir,Testosterone,0
Bepridil,Nilotinib,0
Edoxaban,Imipramine,0
Rifampicin,Ritonavir,0
Argatroban,Estradiol,0
Azithromycin,Mefloquine,1
Salicylic acid,Midostaurin,0
Lumacaftor,Etoricoxib,0
Rosuvastatin,Cyclosporine,0
Rilpivirine,Irbesartan,0
Alogliptin,Darifenacin,0
Sitagliptin,Amphetamine,1
Ziprasidone,Ropinirole,0
Pregabalin,Amoxapine,0
Disopyramide,Rucaparib,0
Captopril,Tranylcypromine,0
Phenobarbital,Sulfamethoxazole,0
Chlorpromazine,Doxycycline,0
Bosentan,Asenapine,0
Simvastatin,Valproic acid,0
Zafirlukast,Amiodarone,0
Oxprenolol,Nebivolol,0
Acebutolol,Levomilnacipran,0
Antipyrine,Saquinavir,0
Doxorubicin,Ziprasidone,0
Buprenorphine,Tipranavir,0
Thioridazine,Yohimbine,0
Pentamidine,Fluconazole,0
Colchicine,Rilpivirine,0
Dabrafenib,Sevoflurane,0
Pitavastatin,Dihydroergotamine,0
Pentobarbital,Ambrisentan,0
Rosuvastatin,Bromocriptine,0
Atazanavir,Fosaprepitant,0
Mesalazine,Bendroflumethiazide,0
Estrone,Osimertinib,0
Isoniazid,Rifapentine,1
Simvastatin,Cinacalcet,0
Zolpidem,Fusidic acid,0
Diphenhydramine,Omeprazole,0
Promazine,Nelfinavir,0
Tacrolimus,Olanzapine,0
Alfuzosin,Sitagliptin,0
Etacrynic acid,Levodopa,0
Prucalopride,Felodipine,0
Lumefantrine,Crizotinib,0
Pentamidine,Levomilnacipran,1
Tolvaptan,Atomoxetine,0
Imatinib,Telaprevir,0
Caffeine,Panobinostat,0
Tramadol,Isradipine,0
Carteolol,Eliglustat,0
Cyproterone acetate,Citalopram,0
Nicotine,Cobicistat,0
Celiprolol,Cobicistat,0
Pazopanib,Isoniazid,0
Darifenacin,Dihydroergotamine,0
Dihydroergotamine,Imipramine,0
Ixazomib,Lumacaftor,0
Apixaban,Mexiletine,0
Trimethoprim,Lumacaftor,0
Caffeine,Sorafenib,0
Enzalutamide,Diclofenac,0
Toloxatone,Metolazone,0
Pentamidine,Mifepristone,1
Acetyldigitoxin,Amiodarone,0
Ranolazine,Buspirone,0
Itraconazole,Ritonavir,0
Idelalisib,Amiodarone,0
Rifapentine,Nateglinide,0
Valproic acid,Valsartan,0
Paliperidone,Tolbutamide,0
Pitavastatin,Isradipine,0
Chlorpromazine,Celiprolol,0
Crizotinib,Propofol,1
Trimipramine,Brimonidine,1
Thalidomide,Thiamylal,1
Risperidone,Ivacaftor,0
Terbinafine,Sulfadiazine,0
Pentobarbital,Ziprasidone,0
Tamsulosin,Isoniazid,0
Carbamazepine,Dosulepin,0
Selegiline,Sulfadiazine,0
Dabrafenib,Repaglinide,0
Bosentan,Polythiazide,0
Azelastine,Levodopa,1
Ubidecarenone,Ticlopidine,0
Methylene blue,Nadolol,0
Quinine,Metipranolol,0
Progesterone,Simeprevir,0
Prucalopride,Buprenorphine,0
Pregabalin,Oxprenolol,0
Labetalol,Olopatadine,0
Quetiapine,Cobicistat,0
Enzalutamide,Buprenorphine,0
Mirtazapine,Sevoflurane,1
Clonidine,Lobeglitazone,0
Ximelagatran,Anagrelide,1
Lovastatin,Clotrimazole,0
Apixaban,Trimethoprim,0
Amprenavir,Sulfadiazine,0
Phenprocoumon,Seratrodast,1
Doxepin,Cinacalcet,0
Zuclopenthixol,Midostaurin,0
Acetyldigitoxin,Chloroquine,0
Pargyline,Selexipag,0
Ritonavir,Isavuconazonium,0
Fosphenytoin,Bortezomib,0
Sertraline,Pirlindole,1
Terbinafine,Abiraterone,0
Propofol,Ticlopidine,0
Edoxaban,Acemetacin,1
Phenprocoumon,Quinine,1
Chlorothiazide,Ambrisentan,0
Estradiol,Losartan,0
Dolasetron,Eliglustat,0
Paraldehyde,Lidocaine,1
Canagliflozin,Tranylcypromine,1
Tamsulosin,Dosulepin,0
Lithium cation,Moexipril,0
Olaparib,Luliconazole,0
Desvenlafaxine,Isradipine,0
Simvastatin,Pioglitazone,0
Enzalutamide,Tolvaptan,0
Naloxegol,Dronedarone,0
Alfuzosin,Felodipine,0
Pazopanib,Lopinavir,0
Thalidomide,Fosphenytoin,1
Nicotine,Ropinirole,0
Bisoprolol,Imipramine,0
Naloxegol,Nevirapine,0
Pimozide,Sorafenib,1
Primidone,Promethazine,0
Progesterone,Erythromycin,0
Cyclobenzaprine,Droperidol,1
Arformoterol,Leflunomide,0
Amprenavir,Zafirlukast,0
Rifapentine,Glimepiride,0
Cyclosporine,Zileuton,1
Clozapine,Repaglinide,0
Fluorouracil,Simeprevir,0
Aliskiren,Celecoxib,0
Phenytoin,Primaquine,0
Argatroban,Dasatinib,1
Clozapine,Caffeine,0
Bosentan,Nitrendipine,0
Zuclopenthixol,Ceritinib,0
Glimepiride,Bisoprolol,1
Chloroquine,Rosiglitazone,0
Nortriptyline,Clemastine,0
Ergotamine,Theophylline,0
Caffeine,Irbesartan,0
Tofacitinib,Verapamil,1
Valsartan,Sulfisoxazole,0
Primidone,Pioglitazone,0
Methylphenidate,Lorcaserin,0
Fosamprenavir,Gliclazide,0
Rifampicin,Granisetron,0
Ondansetron,Tapentadol,1
Epinastine,Cholecalciferol,0
Lumefantrine,Amitriptyline,1
Testosterone,Fusidic acid,0
Bupranolol,Tamsulosin,0
Phenobarbital,Perampanel,1
Rabeprazole,Nefazodone,0
Ibrutinib,Topiroxostat,0
Aliskiren,Seratrodast,0
Ethinylestradiol,Ceritinib,0
Mycophenolate mofetil,Tofacitinib,0
Moclobemide,Dolasetron,1
Argatroban,Zileuton,1
Teriflunomide,Metolazone,0
Imatinib,Luliconazole,0
Eliglustat,Clarithromycin,0
Dronedarone,Cinacalcet,0
Propofol,Fosaprepitant,0
Phenobarbital,Formoterol,0
Bosutinib,Ritonavir,0
Voriconazole,Dosulepin,0
Amiodarone,Moexipril,1
Fosphenytoin,Dronedarone,0
Ibrutinib,Lopinavir,0
Nortriptyline,Dasatinib,0
Pimozide,Rolapitant,0
Topotecan,Quinidine,0
Orphenadrine,Sodium oxybate,1
Propofol,Etravirine,0
Doxepin,Leflunomide,0
Rifabutin,Celecoxib,0
Argatroban,Ticlopidine,0
Trimipramine,Sulfisoxazole,0
Bosentan,Mestranol,0
Dextroamphetamine,Promazine,0
Perphenazine,Sorafenib,0
Phenytoin,Testosterone,0
Vemurafenib,Clemastine,0
Amitriptyline,Mirabegron,0
Lercanidipine,Lovastatin,0
Nateglinide,Efavirenz,0
Everolimus,Glimepiride,0
Clozapine,Citalopram,0
Citalopram,Venlafaxine,1
Ergotamine,Lobeglitazone,0
Meloxicam,Etravirine,0
Ibrutinib,Posaconazole,0
Celiprolol,Clarithromycin,0
Ixazomib,Ranolazine,0
Amprenavir,Darifenacin,0
Doxorubicin,Stiripentol,0
Artemether,Telaprevir,0
Ceritinib,Stiripentol,0
Amitriptyline,Felodipine,0
Omeprazole,Fesoterodine,0
Levofloxacin,Atomoxetine,1
Dicoumarol,Gliclazide,1
Mirtazapine,Fluorouracil,0
Diclofenac,Verapamil,0
Asenapine,Imipramine,1
Pentobarbital,Nicotine,0
Tapentadol,Esomeprazole,0
Sunitinib,Tolbutamide,1
Rasagiline,Bupranolol,0
Minaprine,Chlorpromazine,0
Thiopental,Phenindione,0
Apixaban,Theophylline,0
Bromocriptine,Esmolol,1
Hexobarbital,Amiodarone,0
Domperidone,Palbociclib,0
Selegiline,Modafinil,0
Enzalutamide,Ropinirole,0
Methadone,Levomilnacipran,0
Chlorthalidone,Rosiglitazone,0
Cinacalcet,Dihydroergotamine,0
Losartan,Topiroxostat,0
Naloxegol,Sertraline,0
Minaprine,Tibolone,0
Formoterol,Fluvastatin,0
Desipramine,Pargyline,1
Cilostazol,Lorcaserin,0
Disopyramide,Acebutolol,1
Lopinavir,Lithium cation,1
Domperidone,Atomoxetine,0
Carvedilol,Enalaprilat,0
Primaquine,Sulfamethoxazole,1
Pantoprazole,Mesalazine,0
Parecoxib,Sertraline,0
Deferasirox,Rucaparib,0
Selexipag,Cobicistat,0
Tizanidine,Betaxolol,1
Acemetacin,Atenolol,0
Ceritinib,Ketoconazole,0
Pioglitazone,Lopinavir,0
Pindolol,Azelastine,0
Thiamylal,Propranolol,0
Verapamil,Telaprevir,0
Metoprolol,Cyclosporine,0
Cyproterone acetate,Carbamazepine,0
Clomipramine,Amiodarone,0
Atenolol,Yohimbine,0
Olanzapine,Bromocriptine,0
Granisetron,Amiodarone,0
Trimethoprim,Posaconazole,0
Toremifene,Stiripentol,0
Moclobemide,Bosentan,0
Rasagiline,Clotrimazole,0
Tolvaptan,Omeprazole,0
Gliclazide,Zucapsaicin,0
Simvastatin,Darifenacin,0
Amphetamine,Doxazosin,0
Glimepiride,Nebivolol,1
Rifaximin,Timolol,0
Primidone,Dronedarone,0
Ritonavir,Olaparib,0
Cobicistat,Ethinylestradiol,0
Deferasirox,Rivaroxaban,0
Amoxapine,Ximelagatran,0
Captopril,Celiprolol,0
Treprostinil,Tibolone,0
Buprenorphine,Diltiazem,0
Rifampicin,Dabigatran etexilate,0
Sunitinib,Isavuconazonium,0
Selexipag,Dronedarone,0
Dabrafenib,Chloroquine,0
Pindolol,Methotrimeprazine,0
Carvedilol,Simeprevir,0
Tizanidine,Hydroxyzine,1
Edoxaban,Levofloxacin,0
Doxazosin,Dorzolamide,0
Sertraline,Zucapsaicin,0
Nicardipine,Panobinostat,0
Fluvastatin,Chloroquine,0
Bortezomib,Ouabain,0
Metamfetamine,Toloxatone,0
Rifabutin,Silodosin,0
Phenprocoumon,Minocycline,1
Amiodarone,Crisaborole,0
Tolterodine,Cobicistat,0
Bosentan,Clomipramine,0
Tolvaptan,Isradipine,0
Bosentan,Bupropion,0
Progesterone,Fluorouracil,0
Efavirenz,Stiripentol,0
Gemifloxacin,Trimethoprim,1
Moclobemide,Clobazam,0
Celiprolol,Netupitant,0
Itraconazole,Luliconazole,0
Alogliptin,Olaparib,0
Conivaptan,Canagliflozin,0
Ticlopidine,Tamoxifen,0
Mirabegron,Imipramine,0
Estradiol,Atomoxetine,0
Posaconazole,Clarithromycin,0
Yohimbine,Citalopram,0
Amprenavir,Bupropion,0
Lorcaserin,Abiraterone,0
Leflunomide,Norfloxacin,0
Dofetilide,Risperidone,1
Methohexital,Desipramine,0
Ibrutinib,Idelalisib,0
Benzphetamine,Carvedilol,1
Cilostazol,Nilvadipine,0
Cilostazol,Indomethacin,0
Lopinavir,Isavuconazonium,0
Hexobarbital,Lidocaine,0
Hexobarbital,Venlafaxine,0
Rifapentine,Pazopanib,0
Cyclophosphamide,Ibrutinib,1
Metamfetamine,Propranolol,1
Zileuton,Citalopram,0
Moclobemide,Aliskiren,0
Labetalol,Lopinavir,0
Mitotane,Doxepin,0
Valsartan,Abiraterone,0
Pravastatin,Isavuconazonium,0
Tibolone,Ambrisentan,0
Lumiracoxib,Sulfisoxazole,0
Rucaparib,Nilotinib,0
Hydrocodone,Primidone,1
Ziprasidone,Protriptyline,1
Ximelagatran,Meloxicam,1
Sorafenib,Delavirdine,0
Dicoumarol,Sulfamethoxazole,1
Doxepin,Clemastine,0
Rifapentine,Telaprevir,0
Etoricoxib,Ranolazine,0
Deferasirox,Pravastatin,0
Pentamidine,Amitriptyline,1
Nicardipine,Aripiprazole,0
Silodosin,Digoxin,0
Prochlorperazine,Atazanavir,0
Loratadine,Ticagrelor,0
Tipranavir,Estrone,0
Nitrendipine,Nelfinavir,0
Levodopa,Atomoxetine,0
Deferasirox,Sitagliptin,0
Efavirenz,Delavirdine,0
Pentobarbital,Ritonavir,0
Labetalol,Arformoterol,0
Carvedilol,Midostaurin,0
Fluoxetine,Pantoprazole,0
Toremifene,Zuclopenthixol,1
Treprostinil,Ambrisentan,0
Thiamylal,Cyclobenzaprine,0
Levofloxacin,Ondansetron,1
Azithromycin,Lithium cation,1
Glipizide,Amphetamine,1
Torasemide,Sulfamethoxazole,0
Rifapentine,Amitriptyline,0
Cyclobenzaprine,Metoprolol,0
Azelastine,Artemether,0
Celiprolol,Acetyldigitoxin,1
Mitotane,Daunorubicin,0
Rifaximin,Chlorpromazine,0
Lidocaine,Saquinavir,1
Naloxegol,Citalopram,0
Haloperidol,Erythromycin,1
Quinethazone,Chlorpropamide,0
Rucaparib,Boceprevir,0
Pentamidine,Methylene blue,1
Edoxaban,Nelfinavir,0
Anagrelide,Dasatinib,1
Ranolazine,Saquinavir,0
Hydrocodone,Ceritinib,0
Mefloquine,Penbutolol,1
Ropinirole,Bupranolol,1
Sulfamethoxazole,Manidipine,0
Pentobarbital,Epoprostenol,0
Thioridazine,Selegiline,0
Treprostinil,Nicorandil,0
Ticagrelor,Verapamil,0
Tipranavir,Repaglinide,0
Fosphenytoin,Verapamil,0
Nefazodone,Mifepristone,0
Bisoprolol,Cinacalcet,0
Citalopram,Doxycycline,0
Saxagliptin,Amiodarone,0
Pazopanib,Pimozide,0
Tolvaptan,Lovastatin,0
Cyclophosphamide,Cimetidine,0
Nelfinavir,Rifabutin,0
Eliglustat,Luliconazole,0
Selexipag,Cilostazol,1
Lumacaftor,Galantamine,0
Tizanidine,Enalapril,0
Ciprofloxacin,Trimethoprim,1
Carvedilol,Arformoterol,0
Quinine,Terbinafine,0
Betaxolol,Methylphenidate,0
Amoxapine,Magnesium sulfate,1
Disopyramide,Alogliptin,1
Carbamazepine,Tamoxifen,0
Pioglitazone,Celecoxib,0
Mefloquine,Orphenadrine,0
Cinacalcet,Stiripentol,0
Phenoxybenzamine,Metipranolol,0
Daunorubicin,Caffeine,0
Indapamide,Isavuconazonium,0
Epinastine,Fosamprenavir,0
Vincristine,Enalapril,0
Tacrolimus,Sulfisoxazole,0
Tolvaptan,Voriconazole,0
Fluvastatin,Azithromycin,0
Ambrisentan,Clemastine,0
Carbamazepine,Celecoxib,0
Timolol,Azelastine,0
Mefloquine,Bortezomib,0
Phenytoin,Nefazodone,0
Nitrendipine,Crizotinib,0
Clopidogrel,Quazepam,0
Trimipramine,Darunavir,0
Fosphenytoin,Leflunomide,0
Ritonavir,Dihydroergotamine,0
Zileuton,Zafirlukast,0
Suvorexant,Prochlorperazine,1
Saxagliptin,Delavirdine,0
Phenprocoumon,Rosuvastatin,1
Methylene blue,Pargyline,1
Diltiazem,Lumacaftor,0
Acetylsalicylic acid,Midostaurin,0
Fosamprenavir,Glimepiride,0
Methohexital,Pramipexole,0
Propranolol,Erythromycin,0
Phenytoin,Zileuton,0
Clomipramine,Osimertinib,0
Dolasetron,Venlafaxine,1
Progesterone,Apixaban,0
Carbamazepine,Clarithromycin,0
Canagliflozin,Clarithromycin,0
Esomeprazole,Riociguat,0
Pazopanib,Lumacaftor,0
Primidone,Sorafenib,0
Pazopanib,Granisetron,1
Guanfacine,Darunavir,0
Fluorouracil,Abiraterone,0
Lumacaftor,Sildenafil,0
Ergotamine,Nafamostat,0
Perphenazine,Carvedilol,0
Acenocoumarol,Levofloxacin,1
Glipizide,Citalopram,1
Mitotane,Delavirdine,0
Rifabutin,Sulfamethoxazole,0
Bosentan,Sildenafil,0
Thioridazine,Loratadine,0
Dronedarone,Alfuzosin,1
Promazine,Dihydroergotamine,0
Tramadol,Clarithromycin,0
Celiprolol,Ouabain,1
Thalidomide,Nevirapine,0
Silodosin,Cobicistat,0
Etoricoxib,Torasemide,0
Glimepiride,Lovastatin,0
Gemifloxacin,Lithium cation,1
Delavirdine,Idelalisib,0
Buspirone,Clarithromycin,0
Secobarbital,Lidocaine,0
Valproic acid,Mesalazine,0
Rifampicin,Metoprolol,0
Osimertinib,Idelalisib,0
Rolapitant,Posaconazole,0
Selegiline,Macitentan,0
Zuclopenthixol,Indapamide,1
Buspirone,Erythromycin,0
Ibuprofen,Cholecalciferol,0
Hexobarbital,Abiraterone,0
Promethazine,Rolapitant,0
Methadone,Propofol,1
Iloperidone,Eliglustat,0
Tizanidine,Duloxetine,0
Amprenavir,Ceritinib,0
Paraldehyde,Asenapine,1
Ubidecarenone,Cyclosporine,0
Zolpidem,Valproic acid,1
Moexipril,Aminophylline,0
Rucaparib,Tipranavir,0
Mirtazapine,Nicorandil,0
Clonidine,Tranylcypromine,0
Valproic acid,Quazepam,0
Labetalol,Antipyrine,0
Ibrutinib,Clomipramine,0
Vemurafenib,Enalapril,0
Clomipramine,Telithromycin,0
Estrone,Lovastatin,0
Quinine,Lidocaine,0
Bosutinib,Repaglinide,0
Selegiline,Erythromycin,0
Iloperidone,Droperidol,1
Pentobarbital,Chlorthalidone,0
Rifapentine,Indomethacin,0
Ritonavir,Panobinostat,0
Nitrendipine,Fusidic acid,0
Carbamazepine,Dasatinib,0
Lercanidipine,Enalaprilat,0
Pseudoephedrine,Diphenhydramine,0
Phenprocoumon,Diltiazem,0
Hydrochlorothiazide,Methylphenidate,0
Repaglinide,Netupitant,0
Cabergoline,Osimertinib,0
Pravastatin,Ziprasidone,0
Theophylline,Manidipine,0
Promazine,Paroxetine,1
Lapatinib,Clarithromycin,0
Ibrutinib,Verapamil,0
Cilostazol,Cinacalcet,0
Metoprolol,Tipranavir,0
Rolapitant,Indinavir,0
Vardenafil,Tibolone,0
Quetiapine,Ivacaftor,0
Brimonidine,Rotigotine,0
Tamoxifen,Bupropion,0
Mifepristone,Sotalol,1
Ciprofloxacin,Ketoconazole,1
Seratrodast,Tamoxifen,0
Deferasirox,Chlorpromazine,0
Orphenadrine,Rotigotine,0
Thiamylal,Pindolol,0
Promethazine,Celiprolol,0
Etravirine,Midostaurin,0
Dabrafenib,Amiodarone,0
Buprenorphine,Metamfetamine,0
Buspirone,Brimonidine,1
Rifabutin,Iloperidone,0
Pirlindole,Captopril,0
Silodosin,Crizotinib,0
Tolterodine,Darunavir,0
Nicotine,Lapatinib,0
Cisapride,Lidocaine,0
Nicorandil,Quetiapine,0
Buprenorphine,Hexobarbital,1
Cyproterone acetate,Cyclobenzaprine,0
Methotrimeprazine,Atenolol,0
Carbamazepine,Artemether,0
Venlafaxine,Panobinostat,0
Toremifene,Mirabegron,1
Benzphetamine,Posaconazole,0
Efavirenz,Sildenafil,0
Phenytoin,Lovastatin,0
Dihydroergotamine,Indinavir,0
Brimonidine,Felodipine,0
Alprenolol,Theophylline,0
Dabrafenib,Perphenazine,0
Pargyline,Metipranolol,0
Labetalol,Deslanoside,1
Bopindolol,Sertraline,0
Chlorpromazine,Sildenafil,0
Dihydroergotamine,Dabigatran etexilate,0
Alfuzosin,Nadolol,0
Estrone,Posaconazole,0
Captopril,Stiripentol,0
Lidocaine,Sildenafil,0
Fosphenytoin,Treprostinil,0
Metolazone,Bepridil,0
Levomilnacipran,Bortezomib,0
Cyproterone acetate,Doxepin,0
Hydrocodone,Pramipexole,0
Mycophenolate mofetil,Diltiazem,0
Ethinylestradiol,Simeprevir,0
Conivaptan,Simeprevir,0
Rosuvastatin,Voriconazole,0
Doxepin,Fesoterodine,0
Doxazosin,Dosulepin,0
Ubidecarenone,Ketoconazole,0
Sunitinib,Fosamprenavir,0
Nortriptyline,Betaxolol,0
Rifabutin,Fusidic acid,0
Estradiol,Zafirlukast,0
Doxepin,Valproic acid,0
Lumefantrine,Olaparib,0
Pazopanib,Formoterol,1
Ixazomib,Olaparib,0
Azelastine,Chloroquine,0
Rivaroxaban,Salicylic acid,1
Lapatinib,Fluconazole,0
Phenindione,Meloxicam,1
Bosentan,Progesterone,0
Protriptyline,Rolapitant,0
Thioridazine,Levodopa,0
Guanfacine,Cholecalciferol,0
Propofol,Vemurafenib,0
Trimethoprim,Clarithromycin,0
Bepridil,Ritonavir,0
Methohexital,Quinethazone,0
Granisetron,Cinacalcet,0
Metipranolol,Mycophenolate mofetil,0
Cyproterone acetate,Diphenhydramine,0
Ibrutinib,Irbesartan,0
Clozapine,Gliclazide,0
Polythiazide,Fesoterodine,0
Clemastine,Fesoterodine,0
Clarithromycin,Ciprofloxacin,1
Vemurafenib,Treprostinil,1
Mirtazapine,Cinacalcet,0
Manidipine,Erythromycin,0
Thioridazine,Efavirenz,0
Timolol,Risperidone,0
Cyclobenzaprine,Darifenacin,0
Moclobemide,Isradipine,0
Modafinil,Cyclosporine,0
Afatinib,Telaprevir,0
Propafenone,Olanzapine,1
Clozapine,Cyclosporine,0
Secobarbital,Diclofenac,0
Sulfisoxazole,Thiopental,0
Iloprost,Tibolone,0
Apixaban,Valproic acid,0
Promazine,Amitriptyline,1
Sitagliptin,Irbesartan,0
Tibolone,Etoricoxib,1
Nelfinavir,Methadone,0
Labetalol,Midostaurin,0
Quetiapine,Tamoxifen,1
Pitavastatin,Nevirapine,0
Furosemide,Saxagliptin,0
Pioglitazone,Diltiazem,0
Phenprocoumon,Dicoumarol,1
Chlorpromazine,Droperidol,1
Etravirine,Manidipine,0
Felodipine,Amiodarone,0
Aripiprazole,Midostaurin,0
Sorafenib,Atazanavir,0
Sunitinib,Dasatinib,0
Formoterol,Methotrimeprazine,0
Amobarbital,Acebutolol,0
Quetiapine,Tizanidine,1
Fluoxetine,Methotrimeprazine,1
Quetiapine,Abiraterone,0
Prochlorperazine,Cholecalciferol,0
Silodosin,Nefazodone,0
Alogliptin,Balsalazide,1
Carbamazepine,Esomeprazole,0
Timolol,Lopinavir,0
Irbesartan,Lumacaftor,0
Mitotane,Perphenazine,0
Aripiprazole,Quinidine,0
Cyclophosphamide,Daunorubicin,1
Buspirone,Cobicistat,0
Escitalopram,Atazanavir,0
Dronedarone,Boceprevir,0
Amiodarone,Fesoterodine,0
Sevoflurane,Isradipine,0
Dofetilide,Furosemide,1
Lorcaserin,Ropinirole,0
Methylphenobarbital,Chlorothiazide,0
Betaxolol,Parecoxib,0
Clozapine,Amoxapine,1
Nebivolol,Clozapine,0
Phenoxybenzamine,Epoprostenol,0
Panobinostat,Fingolimod,0
Thioridazine,Dolasetron,0
Etoricoxib,Telithromycin,0
Bosentan,Tamsulosin,0
Ambrisentan,Erythromycin,0
Primidone,Lapatinib,0
Nadolol,Ranolazine,0
Conivaptan,Stiripentol,0
Clopidogrel,Stiripentol,0
Bosutinib,Canagliflozin,0
Ximelagatran,Ticagrelor,0
Ubidecarenone,Tolbutamide,0
Phenobarbital,Indapamide,0
Teriflunomide,Warfarin,0
Phenobarbital,Itraconazole,0
Ibuprofen,Teriflunomide,0
Cyclobenzaprine,Atomoxetine,0
Galantamine,Ceritinib,0
Bromocriptine,Propranolol,1
Toremifene,Chlorthalidone,0
Eliglustat,Ivacaftor,0
Antipyrine,Chlorpromazine,0
Dronabinol,Conivaptan,0
Azelastine,Idelalisib,0
Caffeine,Dronedarone,0
Nateglinide,Cobicistat,0
Glyburide,Sulfamethoxazole,1
Nadolol,Leflunomide,0
Yohimbine,Mirtazapine,0
Dronedarone,Lopinavir,0
Propofol,Panobinostat,0
Clotrimazole,Ledipasvir,0
Quetiapine,Cholecalciferol,0
Tramadol,Doxycycline,0
Thiamylal,Estrone sulfate,0
Anagrelide,Granisetron,1
Edoxaban,Tolvaptan,0
Rifampicin,Desvenlafaxine,0
Chlorothiazide,Saxagliptin,0
Etravirine,Simeprevir,0
Formoterol,Stiripentol,0
Rifapentine,Amiodarone,0
Azelastine,Rotigotine,0
Colchicine,Palbociclib,0
Selegiline,Manidipine,0
Tramadol,Sodium oxybate,1
Daunorubicin,Seratrodast,0
Amitriptyline,Magnesium sulfate,1
Vardenafil,Atenolol,0
Clarithromycin,Methotrimeprazine,1
Rifaximin,Carvedilol,0
Panobinostat,Vemurafenib,0
Mirtazapine,Ivacaftor,0
Dabrafenib,Lumacaftor,0
Minaprine,Haloperidol,0
Buprenorphine,Cyclobenzaprine,1
Hexobarbital,Clomipramine,0
Bosentan,Erythromycin,0
Ivacaftor,Cyclosporine,0
Daunorubicin,Ivacaftor,0
Doxazosin,Zucapsaicin,0
Zafirlukast,Abiraterone,0
Doxorubicin,Darunavir,0
Pantoprazole,Abiraterone,0
Methylene blue,Desipramine,1
Pimozide,Fusidic acid,0
Chlorthalidone,Sertraline,0
Darifenacin,Dronedarone,0
Topotecan,Clotrimazole,0
Nabilone,Benzphetamine,0
Theophylline,Boceprevir,0
Digitoxin,Fusidic acid,0
Promazine,Magnesium sulfate,1
Iloprost,Losartan,0
Amphetamine,Bisoprolol,0
Methohexital,Ethinylestradiol,0
Eliglustat,Boceprevir,0
Rilpivirine,Buprenorphine,0
Aripiprazole,Phenelzine,0
Amiodarone,Boceprevir,0
Phenobarbital,Promazine,0
Loratadine,Dabigatran etexilate,0
Haloperidol,Brimonidine,1
Clomipramine,Enalapril,0
Dronabinol,Doxycycline,0
Fosphenytoin,Panobinostat,0
Repaglinide,Deferasirox,0
Rifabutin,Zafirlukast,0
Thioridazine,Brimonidine,1
Lopinavir,Quinine,0
Dextroamphetamine,Paroxetine,0
Estrone sulfate,Sulfisoxazole,0
Tranylcypromine,Polythiazide,0
Thioridazine,Ziprasidone,0
Gliclazide,Valproic acid,0
Dofetilide,Stiripentol,0
Methylphenobarbital,Nilvadipine,0
Alfuzosin,Amiodarone,0
Promethazine,Cocaine,0
Ibuprofen,Epoprostenol,0
Ergotamine,Dasatinib,0
Desvenlafaxine,Itraconazole,0
Sulfadiazine,Phenelzine,1
Benzphetamine,Penbutolol,1
Quetiapine,Sulfisoxazole,0
Suvorexant,Amitriptyline,1
Dabrafenib,Treprostinil,0
Trimipramine,Clobazam,0
Fingolimod,Ritonavir,0
Bosentan,Sunitinib,0
Nevirapine,Bisoprolol,0
Haloperidol,Trimethoprim,1
Pentobarbital,Darifenacin,0
Enalapril,Bepridil,0
Duloxetine,Lithium cation,1
Enzalutamide,Erythromycin,0
Caffeine,Delavirdine,0
Rasagiline,Bortezomib,0
Conivaptan,Mirabegron,0
Etravirine,Aripiprazole,0
Olaparib,Conivaptan,0
Celecoxib,Indapamide,0
Amoxapine,Edoxaban,0
Panobinostat,Indinavir,0
Benzphetamine,Aprepitant,0
Levomilnacipran,Thioridazine,0
Brimonidine,Hydroxyzine,1
Silodosin,Idelalisib,0
Tolbutamide,Luliconazole,0
Estradiol,Rilpivirine,0
Aripiprazole,Nilotinib,0
Sulfamethoxazole,Moclobemide,1
Crizotinib,Atazanavir,0
Escitalopram,Promazine,0
Dabrafenib,Moclobemide,0
Phenprocoumon,Amoxapine,1
Dolasetron,Ticlopidine,0
Eliglustat,Telithromycin,0
Venlafaxine,Bortezomib,0
Ciprofloxacin,Nicardipine,1
Tofacitinib,Cholecalciferol,0
Tramadol,Nelfinavir,0
Propofol,Esomeprazole,0
Furosemide,Tolbutamide,0
Ledipasvir,Chlorpromazine,0
Chlorpromazine,Sertraline,1
Rilpivirine,Bortezomib,0
Tizanidine,Diclofenac,0
Lapatinib,Atazanavir,0
Olsalazine,Mesalazine,1
Losartan,Ketoconazole,0
Pravastatin,Lidocaine,0
Daunorubicin,Delavirdine,0
Pentobarbital,Phenprocoumon,0
Ubidecarenone,Nilvadipine,0
Efavirenz,Aprepitant,0
Ledipasvir,Doxorubicin,0
Nicardipine,Lovastatin,0
Brimonidine,Chlorothiazide,0
Enzalutamide,Amiodarone,0
Nilotinib,Nefazodone,0
Quetiapine,Metyrosine,0
Azelastine,Quazepam,1
Losartan,Hydroflumethiazide,0
Doxepin,Nilotinib,0
Tamsulosin,Rucaparib,0
Alprenolol,Captopril,0
Desipramine,Luliconazole,0
Ixazomib,Lobeglitazone,0
Midostaurin,Fesoterodine,0
Trimipramine,Posaconazole,0
Tacrolimus,Olaparib,0
Imatinib,Simeprevir,0
Silodosin,Nitrendipine,0
Minaprine,Phenelzine,0
Risperidone,Cinacalcet,0
Methyclothiazide,Risperidone,0
Doxazosin,Rucaparib,0
Penbutolol,Balsalazide,0
Diclofenac,Pioglitazone,0
Amprenavir,Gemfibrozil,0
Metamfetamine,Cobicistat,0
Everolimus,Captopril,0
Clozapine,Isavuconazonium,0
Bosentan,Lorcaserin,0
Lumacaftor,Salicylic acid,0
Lapatinib,Esomeprazole,0
Naloxegol,Voriconazole,0
Sulfamethoxazole,Dasatinib,0
Quinine,Erythromycin,0
Digoxin,Mirabegron,0
Lumiracoxib,Amiodarone,0
Ubidecarenone,Ranolazine,0
Perphenazine,Crizotinib,0
Bepridil,Risperidone,0
Risperidone,Citalopram,0
Pirlindole,Bupranolol,0
Levomilnacipran,Delavirdine,0
Betaxolol,Lumiracoxib,0
Hexobarbital,Quinine,0
Metipranolol,Yohimbine,0
Methotrimeprazine,Suvorexant,1
Leflunomide,Ticlopidine,0
Nilvadipine,Simeprevir,0
Hydrocodone,Quazepam,1
Doxorubicin,Ciprofloxacin,0
Glyburide,Nefazodone,0
Simvastatin,Repaglinide,0
Daunorubicin,Theophylline,0
Escitalopram,Pargyline,1
Cyclosporine,Bromocriptine,0
Dorzolamide,Boceprevir,0
Seratrodast,Lumacaftor,0
Canagliflozin,Fosaprepitant,0
Estrone,Estradiol,0
Nilotinib,Ouabain,0
Iloprost,Nitrendipine,0
Carvedilol,Acetylsalicylic acid,0
Methadone,Indinavir,0
Alprenolol,Ouabain,1
Pitavastatin,Nilvadipine,0
Ethanol,Telaprevir,0
Losartan,Nelfinavir,0
Thalidomide,Fluoxetine,0
Testosterone,Crizotinib,0
Phenprocoumon,Valsartan,0
Olanzapine,Glyburide,0
Omeprazole,Cobicistat,0
Palbociclib,Cobicistat,0
Primidone,Rucaparib,0
Antipyrine,Ranolazine,0
Meloxicam,Bendroflumethiazide,0
Primidone,Carvedilol,0
Clobazam,Cobicistat,0
Deferasirox,Lercanidipine,0
Pentobarbital,Sulfadiazine,0
Doxazosin,Nelfinavir,0
Ritonavir,Methadone,0
Labetalol,Artemether,0
Rifaximin,Crizotinib,0
Ibuprofen,Mifepristone,0
Artemether,Voriconazole,0
Ethinylestradiol,Voriconazole,0
Propafenone,Thioridazine,0
Tapentadol,Amiodarone,0
Methotrimeprazine,Zolpidem,1
Doxorubicin,Cyclosporine,0
Cyproterone acetate,Bupropion,0
Nilotinib,Desipramine,1
Pindolol,Cobicistat,0
Pentobarbital,Gemfibrozil,0
Nicotine,Metoprolol,0
Indapamide,Aprepitant,0
Lumacaftor,Ticagrelor,0
Estrone sulfate,Dihydroergotamine,0
Rucaparib,Mirabegron,0
Brimonidine,Metoprolol,0
Thalidomide,Rotigotine,0
Moclobemide,Indapamide,0
Primidone,Sevoflurane,0
Sulfisoxazole,Sevoflurane,1
Tacrolimus,Atazanavir,0
Midostaurin,Voriconazole,0
Chlorpromazine,Itraconazole,0
Iloperidone,Panobinostat,0
Promethazine,Paroxetine,0
Theophylline,Cocaine,0
Verapamil,Amiodarone,1
Formoterol,Panobinostat,0
Aliskiren,Nafamostat,0
Testosterone,Posaconazole,0
Parecoxib,Clarithromycin,0
Ranolazine,Lumacaftor,0
Buprenorphine,Topiroxostat,0
Dronedarone,Esmolol,1
Chloroquine,Posaconazole,0
Quetiapine,Levodopa,0
Quetiapine,Carbamazepine,0
Timolol,Bupranolol,0
Modafinil,Fosamprenavir,0
Antipyrine,Crisaborole,0
Amphetamine,Hydrochlorothiazide,0
Apixaban,Lumacaftor,0
Esomeprazole,Ketoconazole,0
Thalidomide,Luliconazole,0
Arformoterol,Darunavir,0
Trimipramine,Diphenhydramine,0
Clobazam,Fosamprenavir,0
Hexobarbital,Vemurafenib,0
Rosiglitazone,Topiroxostat,0
Meloxicam,Ivacaftor,0
Sulfamethoxazole,Ranolazine,0
Antipyrine,Paroxetine,0
Quazepam,Dosulepin,0
Pseudoephedrine,Terbinafine,0
Ubidecarenone,Nilotinib,0
Colchicine,Saxagliptin,0
Ledipasvir,Mifepristone,0
Dronedarone,Isoniazid,0
Pimozide,Ropinirole,0
Tapentadol,Ketoconazole,0
Phenobarbital,Betaxolol,0
Rotigotine,Dosulepin,0
Celecoxib,Ranolazine,0
Nefazodone,Ximelagatran,0
Carteolol,Deslanoside,1
Lithium cation,Droperidol,1
Thiopental,Amoxapine,0
Fluvastatin,Rucaparib,0
Tolterodine,Verapamil,0
Mycophenolate mofetil,Trimethoprim,0
Tacrolimus,Bortezomib,0
Tipranavir,Ranolazine,0
Mitotane,Simvastatin,0
Enalapril,Telaprevir,0
Lorcaserin,Ondansetron,1
Buprenorphine,Quazepam,1
Rifaximin,Cyclophosphamide,0
Loratadine,Clotrimazole,0
Zileuton,Bortezomib,0
Theophylline,Lopinavir,0
Afatinib,Protriptyline,0
Zileuton,Ziprasidone,0
Primaquine,Alfuzosin,1
Sulfisoxazole,Mefloquine,1
Methadone,Cinacalcet,0
Fosphenytoin,Ximelagatran,0
Desipramine,Isoniazid,0
Aripiprazole,Clonidine,0
Quazepam,Indinavir,0
Conivaptan,Rucaparib,0
Fluconazole,Clopidogrel,0
Bosentan,Darifenacin,0
Levofloxacin,Vemurafenib,0
Captopril,Clotrimazole,0
Ropinirole,Amiodarone,0
Phenprocoumon,Mesalazine,1
Methylphenidate,Primidone,0
Magnesium sulfate,Perampanel,1
Tolvaptan,Desipramine,0
Guanfacine,Sulfadiazine,0
Estrone sulfate,Diltiazem,0
Nilotinib,Fluvoxamine,0
Phenprocoumon,Osimertinib,0
Glipizide,Abiraterone,0
Bortezomib,Topiroxostat,0
Escitalopram,Nefazodone,0
Desipramine,Ticlopidine,0
Amobarbital,Phenoxybenzamine,0
Clonidine,Pramipexole,0
Mexiletine,Palbociclib,0
Bupranolol,Fingolimod,1
Cyclosporine,Diltiazem,0
Fosphenytoin,Selegiline,0
Pregabalin,Tramadol,0
Desipramine,Etravirine,0
Dabrafenib,Atomoxetine,0
Enalapril,Phenoxybenzamine,0
Phenindione,Argatroban,1
Acenocoumarol,Cilostazol,1
Phenytoin,Luliconazole,0
Nicorandil,Thioridazine,0
Abiraterone,Fosaprepitant,0
Mirabegron,Fluvoxamine,0
Apixaban,Ivacaftor,0
Perphenazine,Azithromycin,0
Mianserin,Fosphenytoin,0
Chlorpromazine,Zucapsaicin,0
Alfuzosin,Stiripentol,0
Lumiracoxib,Valproic acid,0
Everolimus,Ceritinib,0
Dronedarone,Sulfisoxazole,0
Ethinylestradiol,Ziprasidone,0
Lithium cation,Mesalazine,0
Sorafenib,Abiraterone,0
Benzphetamine,Phenytoin,0
Dronedarone,Stiripentol,0
Bosentan,Nilotinib,0
Riociguat,Stiripentol,0
Gliclazide,Timolol,1
Glipizide,Crisaborole,0
Carteolol,Nafamostat,0
Naloxegol,Tolvaptan,0
Selegiline,Betaxolol,0
Lumiracoxib,Nevirapine,0
Ritonavir,Midostaurin,0
Perphenazine,Crisaborole,0
Vincristine,Doxycycline,0
Hydrocodone,Abiraterone,0
Granisetron,Rolapitant,0
Gemfibrozil,Aripiprazole,0
Ritonavir,Tranylcypromine,0
Aliskiren,Amiodarone,0
Dextroamphetamine,Fesoterodine,0
Fosphenytoin,Rivaroxaban,0
Indomethacin,Hydroflumethiazide,0
Quinidine,Asenapine,1
Pazopanib,Ouabain,0
Pioglitazone,Rilpivirine,0
Progesterone,Losartan,0
Clomipramine,Darunavir,0
Toremifene,Fingolimod,1
Venlafaxine,Fluorouracil,0
Cinacalcet,Posaconazole,0
Levodopa,Chloroquine,0
Repaglinide,Verapamil,0
Nevirapine,Amiodarone,0
Tofacitinib,Erythromycin,0
Parecoxib,Ticlopidine,0
Estrone,Netupitant,0
Bortezomib,Mexiletine,0
Glyburide,Clemastine,0
Cinacalcet,Clemastine,0
Ziprasidone,Telithromycin,0
Phenelzine,Oxprenolol,0
Gliclazide,Repaglinide,1
Efavirenz,Bepridil,0
Dosulepin,Tranylcypromine,1
Buprenorphine,Carbamazepine,1
Metolazone,Alogliptin,0
Epinastine,Cinacalcet,0
Pazopanib,Testosterone,0
Enalaprilat,Estrone sulfate,0
Indinavir,Ketoconazole,0
Ticagrelor,Clotrimazole,0
Meloxicam,Crisaborole,0
Ondansetron,Luliconazole,0
Primaquine,Mexiletine,0
Valsartan,Cholecalciferol,0
Mianserin,Manidipine,0
Anagrelide,Ticlopidine,0
Colchicine,Canagliflozin,0
Rifampicin,Betaxolol,0
Glipizide,Saquinavir,0
Thioridazine,Clomipramine,0
Domperidone,Protriptyline,1
Digoxin,Atazanavir,0
Aripiprazole,Chlorthalidone,0
Methohexital,Epoprostenol,0
Imatinib,Ritonavir,0
Rosiglitazone,Efavirenz,0
Mitotane,Loratadine,0
Tamsulosin,Magnesium sulfate,0
Chlorpropamide,Sulfadiazine,0
Methotrimeprazine,Ritonavir,0
Ticagrelor,Stiripentol,0
Moclobemide,Atomoxetine,1
Dabrafenib,Indinavir,0
Testosterone,Netupitant,0
Epoprostenol,Valproic acid,0
Nelfinavir,Pravastatin,0
Galantamine,Tolterodine,0
Prucalopride,Etravirine,0
Leflunomide,Mexiletine,0
Topotecan,Losartan,0
Phenprocoumon,Meloxicam,1
Apixaban,Salicylic acid,1
Diclofenac,Atazanavir,0
Citalopram,Etravirine,0
Enzalutamide,Acenocoumarol,0
Dasatinib,Olanzapine,0
Olopatadine,Atazanavir,0
Haloperidol,Isoniazid,0
Iloperidone,Venlafaxine,1
Ergotamine,Sulfisoxazole,0
Mirabegron,Ritonavir,0
Phenoxybenzamine,Celiprolol,0
Cinacalcet,Clarithromycin,0
Methotrimeprazine,Delavirdine,0
Rifabutin,Voriconazole,0
Warfarin,Parecoxib,1
Propofol,Omeprazole,0
Phenytoin,Palbociclib,0
Edoxaban,Ivacaftor,0
Glyburide,Palbociclib,0
Cobicistat,Mestranol,0
Betaxolol,Ceritinib,1
Amphetamine,Dosulepin,0
Lithium cation,Nabilone,1
Carteolol,Indinavir,0
Primaquine,Ketoconazole,0
Methylphenobarbital,Voriconazole,0
Bupropion,Rolapitant,0
Dabrafenib,Tolterodine,0
Pantoprazole,Dasatinib,0
Bosentan,Citalopram,0
Buspirone,Osimertinib,0
Zuclopenthixol,Ciprofloxacin,1
Quinidine,Tramadol,0
Quinidine,Clemastine,0
Rosuvastatin,Lobeglitazone,0
Nicardipine,Osimertinib,0
Tolbutamide,Deferasirox,0
Lumacaftor,Aripiprazole,0
Rotigotine,Voriconazole,0
Chloroquine,Telaprevir,0
Fluoxetine,Verapamil,0
Chloroquine,Chlorothiazide,0
Oxprenolol,Celecoxib,0
Telaprevir,Ticagrelor,0
Pravastatin,Fluconazole,0
Tamsulosin,Olaparib,0
Esmolol,Salicylic acid,0
Torasemide,Deferasirox,0
Pazopanib,Lovastatin,1
Estrone sulfate,Nilotinib,0
Mifepristone,Stiripentol,0
Nateglinide,Rolapitant,0
Rifapentine,Galantamine,0
Sitagliptin,Citalopram,1
Eliglustat,Sulfamethoxazole,1
Mitotane,Canagliflozin,0
Dofetilide,Sotalol,1
Nateglinide,Tolbutamide,0
Yohimbine,Saquinavir,0
Dextroamphetamine,Quetiapine,0
Alogliptin,Toloxatone,1
Topotecan,Fluoxetine,0
Ropinirole,Pargyline,0
Glimepiride,Ticlopidine,0
Estradiol,Trimethoprim,0
Imatinib,Voriconazole,0
Imipramine,Gemfibrozil,0
Carteolol,Clomipramine,0
Ethanol,Perampanel,1
Perphenazine,Venlafaxine,0
Phenobarbital,Luliconazole,0
Phenytoin,Glyburide,0
Ticlopidine,Tipranavir,0
Bupranolol,Manidipine,0
Riociguat,Netupitant,0
Haloperidol,Stiripentol,0
Carvedilol,Ibuprofen,0
Loratadine,Delavirdine,0
Simvastatin,Levofloxacin,0
Tizanidine,Estradiol,0
Rifaximin,Lidocaine,0
Diltiazem,Osimertinib,0
Buprenorphine,Osimertinib,0
Doxorubicin,Fingolimod,0
Treprostinil,Enalapril,0
Nateglinide,Telaprevir,0
Tramadol,Pramipexole,0
Bosutinib,Digitoxin,0
Domperidone,Indinavir,0
Aripiprazole,Enalaprilat,0
Cisapride,Mirabegron,1
Thiamylal,Hydrochlorothiazide,0
Seratrodast,Torasemide,0
Mianserin,Dasatinib,0
Leflunomide,Abiraterone,0
Doxepin,Gemfibrozil,0
Losartan,Lopinavir,0
Erythromycin,Ritonavir,1
Dicoumarol,Tolbutamide,0
Ziprasidone,Mexiletine,0
Phenobarbital,Enalapril,0
Caffeine,Vemurafenib,0
Primidone,Rasagiline,0
Lithium cation,Prochlorperazine,1
Bisoprolol,Palbociclib,0
Phenindione,Estrone,0
Perphenazine,Quazepam,0
Pseudoephedrine,Chloroquine,0
Sertraline,Furazolidone,1
Colchicine,Bosutinib,0
Thiamylal,Sotalol,0
Rifapentine,Sevoflurane,0
Paliperidone,Pioglitazone,0
Mirtazapine,Dasatinib,0
Rilpivirine,Quinine,0
Carbamazepine,Perphenazine,0
Everolimus,Imipramine,0
Argatroban,Cobicistat,0
Enalapril,Manidipine,0
Teriflunomide,Gemifloxacin,0
Nebivolol,Manidipine,0
Sorafenib,Olaparib,0
Aripiprazole,Quetiapine,0
Fosamprenavir,Nelfinavir,0
Mirtazapine,Primidone,1
Ambrisentan,Verapamil,0
Rifaximin,Itraconazole,0
Propafenone,Arformoterol,1
Ciprofloxacin,Promethazine,1
Eliglustat,Conivaptan,0
Torasemide,Lumacaftor,0
Thalidomide,Pentobarbital,1
Moclobemide,Amiodarone,0
Nelfinavir,Phenytoin,0
Tacrolimus,Acetylsalicylic acid,1
Chlorothiazide,Repaglinide,0
Mitotane,Quazepam,0
Cilostazol,Tranylcypromine,0
Cilostazol,Amiodarone,0
Loratadine,Sulfadiazine,0
Doxorubicin,Enalapril,0
Glipizide,Erythromycin,0
Doxazosin,Fluconazole,0
Progesterone,Saxagliptin,0
Dicoumarol,Clotrimazole,0
Treprostinil,Bisoprolol,0
Bupropion,Cinacalcet,0
Mirabegron,Verapamil,0
Bosutinib,Lapatinib,0
Thioridazine,Timolol,0
Cyclophosphamide,Chlorpromazine,0
Furazolidone,Metolazone,0
Terbinafine,Valsartan,0
Rasagiline,Timolol,0
Delavirdine,Promethazine,0
Tramadol,Verapamil,0
Tipranavir,Celecoxib,0
Ximelagatran,Ibuprofen,1
Zuclopenthixol,Amoxapine,1
Etoricoxib,Gemifloxacin,0
Metamfetamine,Cocaine,0
Mitotane,Clobazam,0
Itraconazole,Doxycycline,0
Fesoterodine,Fluconazole,0
Rifampicin,Promazine,0
Ledipasvir,Diclofenac,0
Tolvaptan,Rilpivirine,0
Etoricoxib,Abiraterone,0
Nebivolol,Methadone,0
Tofacitinib,Isavuconazonium,0
Panobinostat,Lovastatin,0
Estradiol,Chlorpropamide,0
Ticagrelor,Atomoxetine,0
Clozapine,Tramadol,0
Estrone sulfate,Voriconazole,0
Alfuzosin,Darunavir,0
Apixaban,Osimertinib,0
Theophylline,Metoprolol,0
Digitoxin,Ticlopidine,0
Quinine,Zafirlukast,0
Diclofenac,Dosulepin,0
Rifabutin,Bortezomib,0
Thiamylal,Trichlormethiazide,0
Pimozide,Ticlopidine,0
Haloperidol,Protriptyline,1
Mycophenolate mofetil,Aprepitant,0
Antipyrine,Osimertinib,0
Colchicine,Sulfisoxazole,0
Propofol,Sulfisoxazole,0
Nortriptyline,Ximelagatran,0
Mianserin,Imipramine,0
Yohimbine,Imipramine,0
Simvastatin,Progesterone,0
Tramadol,Granisetron,0
Nilotinib,Tolbutamide,0
Rifampicin,Ondansetron,0
Rilpivirine,Mirtazapine,0
Ziprasidone,Boceprevir,0
Formoterol,Rucaparib,0
Ouabain,Erythromycin,0
Omeprazole,Caffeine,0
Tolbutamide,Sotalol,1
Benzphetamine,Carteolol,1
Anagrelide,Tizanidine,1
Celiprolol,Itraconazole,0
Tramadol,Ondansetron,0
Anagrelide,Ciprofloxacin,1
Zuclopenthixol,Panobinostat,0
Furazolidone,Irbesartan,0
Rivaroxaban,Acetylsalicylic acid,1
Escitalopram,Rilpivirine,1
Tolbutamide,Metoprolol,1
Dabrafenib,Estradiol,0
Oxprenolol,Silodosin,0
Propranolol,Terbinafine,0
Iloprost,Trichlormethiazide,0
Rifaximin,Paroxetine,0
Trichlormethiazide,Carvedilol,0
Progesterone,Lobeglitazone,0
Hydroflumethiazide,Darifenacin,0
Bosentan,Zafirlukast,0
Felodipine,Ticlopidine,0
Ibuprofen,Sertraline,0
Thioridazine,Epinastine,0
Iloperidone,Glipizide,0
Bosutinib,Buprenorphine,0
Olanzapine,Toloxatone,1
Modafinil,Olaparib,0
Telithromycin,Diphenhydramine,1
Metoprolol,Dronedarone,0
Sulfadiazine,Ticagrelor,0
Vincristine,Fluoxetine,0
Propofol,Aprepitant,0
Labetalol,Duloxetine,0
Bortezomib,Lopinavir,0
Formoterol,Sorafenib,0
Dicoumarol,Fluconazole,0
Methotrimeprazine,Fluvoxamine,1
Nateglinide,Verapamil,0
Diphenhydramine,Terbinafine,0
Atenolol,Epoprostenol,0
Rifapentine,Primaquine,0
Enalapril,Simeprevir,0
Cilostazol,Ivacaftor,0
Enzalutamide,Palbociclib,0
Terbinafine,Luliconazole,0
Clozapine,Galantamine,1
Tofacitinib,Nelfinavir,0
Doxepin,Isavuconazonium,0
Fluvoxamine,Toloxatone,1
Tramadol,Atazanavir,0
Paraldehyde,Thiamylal,1
Formoterol,Acemetacin,0
Seratrodast,Pantoprazole,0
Thalidomide,Efavirenz,1
Doxorubicin,Ticlopidine,0
Metamfetamine,Iloperidone,0
Pazopanib,Fosaprepitant,0
Orphenadrine,Minocycline,1
Metolazone,Fluoxetine,0
Imatinib,Clarithromycin,0
Ledipasvir,Ivacaftor,0
Asenapine,Diphenhydramine,1
Sevoflurane,Nefazodone,0
Nadolol,Duloxetine,0
Valsartan,Ticagrelor,0
Pioglitazone,Itraconazole,0
Amphetamine,Artemether,0
Paroxetine,Hydrocodone,0
Lorcaserin,Tamoxifen,0
Amoxapine,Nicardipine,0
Primaquine,Ondansetron,1
Eliglustat,Olanzapine,1
Pseudoephedrine,Moclobemide,0
Prucalopride,Tacrolimus,0
Disopyramide,Sevoflurane,1
Alogliptin,Levomilnacipran,1
Carbamazepine,Topiroxostat,0
Simvastatin,Dabigatran etexilate,0
Moclobemide,Penbutolol,0
Nafamostat,Polythiazide,0
Rifaximin,Bopindolol,0
Lithium cation,Paliperidone,1
Enzalutamide,Etoricoxib,0
Phenobarbital,Pioglitazone,0
Phenobarbital,Rosiglitazone,0
Nafamostat,Ethinylestradiol,0
Nateglinide,Clarithromycin,0
Estradiol,Ketoconazole,0
Phenprocoumon,Lobeglitazone,0
Celecoxib,Crisaborole,0
Cobicistat,Clarithromycin,0
Chlorpropamide,Levomilnacipran,1
Eliglustat,Sevoflurane,1
Caffeine,Darunavir,0
Bosutinib,Tramadol,0
Parecoxib,Norfloxacin,0
Levomilnacipran,Abiraterone,0
Bendroflumethiazide,Propafenone,1
Zafirlukast,Telithromycin,0
Toloxatone,Indapamide,0
Azithromycin,Propofol,1
Zuclopenthixol,Protriptyline,1
Trimipramine,Losartan,0
Conivaptan,Sitagliptin,0
Sertraline,Itraconazole,0
Thioridazine,Ciprofloxacin,1
Minaprine,Riociguat,0
Trimipramine,Nafamostat,0
Lumefantrine,Treprostinil,1
Primidone,Clopidogrel,0
Rosuvastatin,Valsartan,0
Tolvaptan,Nelfinavir,0
Tapentadol,Ritonavir,0
Loratadine,Citalopram,0
Hydroflumethiazide,Ambrisentan,0
Enzalutamide,Guanfacine,0
Zolpidem,Droperidol,1
Clonidine,Labetalol,1
Dextroamphetamine,Nortriptyline,0
Telaprevir,Simeprevir,0
Rilpivirine,Isradipine,0
Tipranavir,Bupropion,0
Azelastine,Pramipexole,0
Lercanidipine,Cobicistat,0
Theophylline,Ethinylestradiol,0
Naloxegol,Bepridil,0
Simvastatin,Isavuconazonium,0
Clozapine,Rolapitant,0
Pindolol,Lorcaserin,0
Acenocoumarol,Lobeglitazone,0
Fluvastatin,Mefloquine,0
Digoxin,Enalapril,0
Darunavir,Simeprevir,0
Quetiapine,Granisetron,1
Argatroban,Olaparib,0
Nelfinavir,Valproic acid,0
Carbamazepine,Telithromycin,0
Vardenafil,Indinavir,0
Tolbutamide,Isoniazid,0
Phenytoin,Idelalisib,0
Doxazosin,Quinidine,0
Metolazone,Macitentan,0
Rifapentine,Testosterone,0
Cisapride,Pentamidine,0
Bortezomib,Fosaprepitant,0
Tacrolimus,Ticlopidine,0
Thiamylal,Clotrimazole,0
Thioridazine,Pazopanib,0
Parecoxib,Darunavir,0
Artemether,Bortezomib,1
Desvenlafaxine,Isavuconazonium,0
Atazanavir,Netupitant,0
Antipyrine,Citalopram,0
Topotecan,Dihydroergotamine,0
Dosulepin,Cimetidine,0
Captopril,Isoniazid,0
Pentobarbital,Brimonidine,1
Hydrocodone,Posaconazole,0
Thioridazine,Perphenazine,0
Digoxin,Ritonavir,0
Fosphenytoin,Nevirapine,0
Tolvaptan,Primaquine,0
Azithromycin,Lapatinib,1
Cyproterone acetate,Haloperidol,0
Clarithromycin,Granisetron,1
Primidone,Captopril,0
Tolvaptan,Fluconazole,0
Enzalutamide,Seratrodast,0
Voriconazole,Simeprevir,0
Bisoprolol,Fingolimod,1
Rifampicin,Topiroxostat,0
Norfloxacin,Digoxin,0
Indomethacin,Lobeglitazone,0
Haloperidol,Dasatinib,0
Domperidone,Losartan,0
Quinidine,Tolterodine,1
Moclobemide,Lobeglitazone,0
Fluvastatin,Modafinil,0
Sorafenib,Nelfinavir,0
Mycophenolate mofetil,Gemifloxacin,0
Nafamostat,Olopatadine,1
Metamfetamine,Promethazine,0
Everolimus,Diltiazem,0
Cocaine,Atazanavir,0
Ranolazine,Fluoxetine,0
Caffeine,Topiroxostat,0
Tolvaptan,Loratadine,0
Lumacaftor,Darifenacin,0
Metoprolol,Lovastatin,0
Efavirenz,Ceritinib,0
Fosphenytoin,Salicylic acid,0
Idarubicin,Zileuton,0
Aliskiren,Parecoxib,0
Ropinirole,Mexiletine,0
Carbamazepine,Ketoconazole,0
Haloperidol,Lobeglitazone,0
Domperidone,Lumacaftor,0
Bosentan,Parecoxib,0
Quinine,Simeprevir,0
Idarubicin,Irbesartan,0
Pioglitazone,Voriconazole,0
Nilvadipine,Sulfisoxazole,0
Granisetron,Simeprevir,0
Simvastatin,Celecoxib,0
Dextroamphetamine,Isoniazid,0
Losartan,Tibolone,0
Ibrutinib,Isradipine,0
Leflunomide,Lovastatin,0
Chlorpropamide,Duloxetine,1
Pantoprazole,Ivacaftor,0
Digitoxin,Dronedarone,0
Etravirine,Valsartan,0
Glimepiride,Cimetidine,0
Dabrafenib,Selexipag,0
Caffeine,Posaconazole,0
Ziprasidone,Vardenafil,1
Glipizide,Voriconazole,0
Quinidine,Paliperidone,1
Vemurafenib,Olopatadine,0
Celecoxib,Lobeglitazone,0
Rifapentine,Warfarin,0
Carteolol,Ambrisentan,0
Methohexital,Enalapril,0
Caffeine,Rabeprazole,0
Acenocoumarol,Cimetidine,1
Silodosin,Dihydroergotamine,0
Daunorubicin,Midostaurin,0
Nortriptyline,Sildenafil,0
Captopril,Estradiol,0
Pindolol,Citalopram,0
Methylphenidate,Atomoxetine,0
Rifapentine,Tolterodine,0
Rifabutin,Tamsulosin,0
Methotrimeprazine,Imipramine,1
Ranolazine,Stiripentol,0
Hydrocodone,Eliglustat,0
Benzphetamine,Telithromycin,0
Doxorubicin,Nafamostat,0
Tolbutamide,Esomeprazole,0
Desvenlafaxine,Simeprevir,0
Nicardipine,Yohimbine,0
Mesalazine,Methyclothiazide,0
Desipramine,Alogliptin,0
Zuclopenthixol,Tamoxifen,1
Metoprolol,Delavirdine,0
Buprenorphine,Bortezomib,0
Rifapentine,Idelalisib,0
Pentobarbital,Captopril,0
Esmolol,Celiprolol,0
Carteolol,Levodopa,0
Topotecan,Levofloxacin,0
Vardenafil,Simeprevir,0
Zileuton,Dronedarone,0
Saquinavir,Treprostinil,1
Alogliptin,Fluvoxamine,0
Cyclophosphamide,Sulfadiazine,0
Primidone,Saxagliptin,0
Desipramine,Darunavir,0
Rotigotine,Mirabegron,0
Ethinylestradiol,Chlorpropamide,0
Polythiazide,Glipizide,0
Ropinirole,Fosamprenavir,0
Chlorpromazine,Rilpivirine,1
Canagliflozin,Luliconazole,0
Tipranavir,Modafinil,0
Labetalol,Fluoxetine,0
Quetiapine,Dasatinib,0
Asenapine,Nelfinavir,0
Diclofenac,Dasatinib,0
Orphenadrine,Clomipramine,1
Celecoxib,Hydroflumethiazide,0
Epinastine,Erythromycin,0
Furazolidone,Valsartan,0
Lercanidipine,Saquinavir,0
Lumefantrine,Amoxapine,1
Repaglinide,Tamoxifen,0
Duloxetine,Manidipine,0
Ixazomib,Digitoxin,0
Ergotamine,Imipramine,0
Ketoconazole,Clemastine,0
Simvastatin,Betaxolol,0
Nicotine,Fluvastatin,0
Meloxicam,Darunavir,0
Rotigotine,Rolapitant,0
Dorzolamide,Olaparib,0
Dabrafenib,Ticagrelor,0
Isavuconazonium,Atomoxetine,0
Tizanidine,Fluvastatin,0
Zolpidem,Dronabinol,1
Promethazine,Diphenhydramine,0
Tamsulosin,Lovastatin,0
Palbociclib,Simeprevir,0
Pimozide,Dronabinol,1
Bosentan,Fusidic acid,0
Tranylcypromine,Hydrochlorothiazide,0
Protriptyline,Delavirdine,0
Digoxin,Fosamprenavir,0
Lumacaftor,Guanfacine,0
Digoxin,Voriconazole,0
Rifampicin,Diphenhydramine,0
Tacrolimus,Paroxetine,0
Thalidomide,Droperidol,1
Selegiline,Selexipag,0
Citalopram,Zucapsaicin,0
Sertraline,Lobeglitazone,0
Daunorubicin,Crizotinib,0
Lercanidipine,Bortezomib,0
Carvedilol,Telithromycin,0
Phenytoin,Sulfisoxazole,0
Dorzolamide,Zafirlukast,0
Nadolol,Acetyldigitoxin,1
Desvenlafaxine,Boceprevir,0
Posaconazole,Telaprevir,0
Ivacaftor,Aprepitant,0
Estrone,Rucaparib,0
Rivaroxaban,Simeprevir,0
Phenindione,Escitalopram,1
Metoprolol,Acetyldigitoxin,1
Asenapine,Tamoxifen,1
Antipyrine,Diphenhydramine,0
Benzphetamine,Ziprasidone,0
Escitalopram,Ropinirole,0
Mexiletine,Dasatinib,0
Dasatinib,Acetyldigitoxin,0
Bisoprolol,Boceprevir,0
Mefloquine,Tizanidine,0
Secobarbital,Quinine,0
Timolol,Ticlopidine,0
Carteolol,Diphenhydramine,0
Tamoxifen,Mexiletine,0
Perphenazine,Terbinafine,0
Orphenadrine,Stiripentol,0
Arformoterol,Chlorothiazide,0
Ranolazine,Trimipramine,0
Anagrelide,Trimipramine,1
Rifampicin,Quazepam,0
Nevirapine,Ceritinib,0
Everolimus,Ciprofloxacin,0
Pindolol,Oxprenolol,0
Amobarbital,Nortriptyline,0
Atomoxetine,Fesoterodine,0
Tipranavir,Fosaprepitant,0
Desvenlafaxine,Atomoxetine,0
Lumacaftor,Escitalopram,0
Phenprocoumon,Posaconazole,0
Prochlorperazine,Nelfinavir,0
Pitavastatin,Crisaborole,0
Tolvaptan,Pravastatin,0
Estrone sulfate,Doxycycline,0
Arformoterol,Luliconazole,0
Dabrafenib,Quinidine,0
Lumefantrine,Telaprevir,0
Tamsulosin,Levodopa,0
Pentamidine,Lobeglitazone,0
Acemetacin,Diltiazem,0
Alfuzosin,Cyclosporine,0
Pseudoephedrine,Dihydroergotamine,0
Caffeine,Amiodarone,0
Fluoxetine,Mirabegron,1
Thiopental,Bopindolol,0
Clonidine,Acebutolol,1
Protriptyline,Apixaban,0
Moexipril,Tibolone,0
Zafirlukast,Ziprasidone,0
Rifampicin,Gliclazide,0
Antipyrine,Modafinil,0
Phenprocoumon,Lopinavir,0
Alogliptin,Ceritinib,0
Cisapride,Panobinostat,1
Verapamil,Venlafaxine,0
Pseudoephedrine,Ranolazine,0
Perampanel,Ticlopidine,0
Acenocoumarol,Cobicistat,0
Parecoxib,Palbociclib,0
Bopindolol,Alfuzosin,0
Nitrendipine,Telithromycin,0
Theophylline,Cimetidine,0
Saquinavir,Erythromycin,1
Bosutinib,Daunorubicin,0
Fosphenytoin,Clonidine,0
Rasagiline,Carvedilol,0
Indinavir,Doxycycline,0
Domperidone,Mirtazapine,1
Methylphenobarbital,Carvedilol,0
Primidone,Enalapril,0
Clotrimazole,Tamoxifen,0
Pazopanib,Caffeine,0
Fosphenytoin,Tapentadol,1
Quetiapine,Erythromycin,0
Mitotane,Nicardipine,0
Methylphenobarbital,Mestranol,0
Diphenhydramine,Modafinil,0
Mefloquine,Amiodarone,0
Telaprevir,Mestranol,0
Nitrendipine,Levodopa,0
Citalopram,Methotrimeprazine,1
Tolbutamide,Amphetamine,1
Canagliflozin,Duloxetine,0
Cyclobenzaprine,Saquinavir,0
Voriconazole,Cimetidine,0
Sunitinib,Saxagliptin,1
Thiopental,Chlorthalidone,0
Tacrolimus,Tolazamide,0
Diphenhydramine,Luliconazole,0
Metamfetamine,Eliglustat,0
Nevirapine,Mestranol,0
Dofetilide,Chlorthalidone,1
Donepezil,Fluvastatin,0
Vardenafil,Lovastatin,0
Propranolol,Osimertinib,0
Paroxetine,Ritonavir,0
Naloxegol,Isradipine,0
Rotigotine,Azithromycin,0
Olopatadine,Levofloxacin,0
Efavirenz,Sertraline,0
Moclobemide,Topiroxostat,0
Estrone,Mifepristone,0
Ibuprofen,Quinine,0
Tacrolimus,Terbinafine,0
Daunorubicin,Saquinavir,0
Chlorpromazine,Netupitant,0
Daunorubicin,Nilotinib,0
Glimepiride,Betaxolol,1
Imatinib,Topiroxostat,0
Apixaban,Verapamil,0
Olanzapine,Perampanel,1
Lumiracoxib,Ceritinib,0
Antipyrine,Methadone,0
Pindolol,Nilotinib,0
Colchicine,Carbamazepine,0
Acenocoumarol,Parecoxib,1
Rotigotine,Amiodarone,0
Betaxolol,Tramadol,0
Diclofenac,Efavirenz,0
Amitriptyline,Telithromycin,0
Quetiapine,Palbociclib,0
Bepridil,Dronedarone,0
Trichlormethiazide,Duloxetine,0
Dabrafenib,Idarubicin,0
Cyproterone acetate,Omeprazole,0
Cyclophosphamide,Ticagrelor,0
Epoprostenol,Fluorouracil,0
Rifapentine,Leflunomide,0
Buspirone,Panobinostat,0
Gemifloxacin,Olanzapine,1
Ixazomib,Telaprevir,0
Paliperidone,Tapentadol,1
Diltiazem,Enalaprilat,0
Idarubicin,Voriconazole,0
Pentamidine,Sertraline,1
Zolpidem,Pramipexole,0
Imatinib,Irbesartan,0
Modafinil,Bortezomib,0
Deferasirox,Iloperidone,0
Anagrelide,Risperidone,1
Imatinib,Bortezomib,0
Carvedilol,Citalopram,0
Canagliflozin,Fosamprenavir,0
Carvedilol,Zileuton,0
Sertraline,Tramadol,0
Epoprostenol,Ticagrelor,0
Thiamylal,Amitriptyline,0
Etoricoxib,Omeprazole,0
Rosuvastatin,Sulfisoxazole,0
Canagliflozin,Telaprevir,0
Prochlorperazine,Lumefantrine,0
Ranolazine,Propranolol,0
Doxepin,Clarithromycin,0
Nelfinavir,Fluvoxamine,0
Amobarbital,Nabilone,1
Diclofenac,Hydroflumethiazide,0
Fluvastatin,Diltiazem,0
Risperidone,Saxagliptin,0
Paliperidone,Paroxetine,1
Ibrutinib,Rilpivirine,0
Lumacaftor,Clarithromycin,0
Citalopram,Moexipril,1
Phenobarbital,Moexipril,0
Lopinavir,Paroxetine,1
Ergotamine,Clemastine,0
Zileuton,Luliconazole,0
Caffeine,Bortezomib,0
Isavuconazonium,Fluconazole,0
Pravastatin,Midostaurin,0
Betaxolol,Indinavir,0
Primaquine,Abiraterone,0
Benzphetamine,Aripiprazole,0
Olaparib,Fluvoxamine,0
Rolapitant,Stiripentol,0
Hydroflumethiazide,Chlorpropamide,0
Mirtazapine,Pramipexole,0
Vincristine,Pantoprazole,0
Mianserin,Clemastine,0
Thiopental,Lercanidipine,0
Lorcaserin,Fluconazole,0
Carbamazepine,Galantamine,0
Glimepiride,Salicylic acid,1
Methadone,Terbinafine,0
Nafamostat,Clopidogrel,1
Erythromycin,Luliconazole,0
Tofacitinib,Dronedarone,1
Quetiapine,Quinine,0
Carteolol,Panobinostat,0
Secobarbital,Promazine,0
Ubidecarenone,Omeprazole,0
Aripiprazole,Chlorothiazide,0
Conivaptan,Iloperidone,0
Fluvastatin,Saquinavir,0
Perphenazine,Promazine,0
Aminophylline,Nilotinib,0
Carbamazepine,Epoprostenol,0
Glyburide,Lopinavir,0
Escitalopram,Vardenafil,1
Nilotinib,Fesoterodine,0
Fluvoxamine,Manidipine,0
Mianserin,Fusidic acid,0
Bepridil,Nilvadipine,0
Guanfacine,Dihydroergotamine,0
Epinastine,Panobinostat,0
Bromocriptine,Droperidol,0
Modafinil,Stiripentol,0
Cyclophosphamide,Valsartan,0
Ritonavir,Isoniazid,0
Tolvaptan,Simvastatin,0
Cocaine,Ceritinib,0
Rifampicin,Ticagrelor,0
Dofetilide,Promazine,1
Mitotane,Lorcaserin,0
Guanfacine,Itraconazole,0
Pravastatin,Tacrolimus,0
Bosentan,Toremifene,0
Bosutinib,Diltiazem,0
Saxagliptin,Amphetamine,1
Hydrocodone,Isavuconazonium,0
Pazopanib,Itraconazole,0
Phenobarbital,Captopril,0
Deferasirox,Rabeprazole,0
Idarubicin,Indomethacin,0
Rosiglitazone,Rasagiline,1
Mycophenolate mofetil,Netupitant,0
Phenoxybenzamine,Olaparib,0
Pentamidine,Panobinostat,0
Rabeprazole,Clotrimazole,0
Methylene blue,Dosulepin,1
Tolterodine,Cimetidine,0
Mitotane,Aprepitant,0
Timolol,Ouabain,1
Orphenadrine,Indinavir,0
Hydroflumethiazide,Tibolone,0
Gliclazide,Lobeglitazone,0
Ondansetron,Nefazodone,0
Topotecan,Chlorpromazine,0
Celecoxib,Sulfamethoxazole,0
Rifapentine,Bupranolol,0
Bromocriptine,Ixazomib,0
Galantamine,Dosulepin,0
Cinacalcet,Amiodarone,0
Ranolazine,Caffeine,0
Fosphenytoin,Silodosin,0
Methylphenobarbital,Desipramine,0
Bepridil,Haloperidol,0
Cyclobenzaprine,Rotigotine,0
Rabeprazole,Fusidic acid,0
Benzphetamine,Clomipramine,0
Darifenacin,Tamoxifen,0
Dorzolamide,Metipranolol,0
Leflunomide,Lobeglitazone,0
Methylene blue,Enalaprilat,0
Phenobarbital,Acebutolol,0
Cilostazol,Sorafenib,0
Fosamprenavir,Idelalisib,0
Haloperidol,Valsartan,0
Aprepitant,Diphenhydramine,0
Suvorexant,Fluvoxamine,1
Amitriptyline,Imatinib,0
Mycophenolate mofetil,Bumetanide,0
Aliskiren,Itraconazole,0
Carbamazepine,Sulfisoxazole,0
Betaxolol,Diclofenac,0
Rifabutin,Bosutinib,0
Polythiazide,Tolazamide,0
Toremifene,Droperidol,1
Tipranavir,Hydrocodone,0
Toremifene,Dronedarone,0
Iloperidone,Tolterodine,1
Panobinostat,Atazanavir,0
Domperidone,Haloperidol,0
Formoterol,Indinavir,0
Levomilnacipran,Arformoterol,0
Tolazamide,Desvenlafaxine,1
Epinastine,Crizotinib,0
Saxagliptin,Moclobemide,1
Nelfinavir,Voriconazole,0
Guanfacine,Metyrosine,0
Lidocaine,Esmolol,0
Captopril,Polythiazide,0
Dabrafenib,Quinine,0
Clonidine,Haloperidol,0
Risperidone,Netupitant,0
Ziprasidone,Desipramine,1
Prucalopride,Fluconazole,0
Chloroquine,Methyclothiazide,0
Fosphenytoin,Phenoxybenzamine,0
Chlorpropamide,Sulfisoxazole,0
Secobarbital,Phenobarbital,0
Levofloxacin,Lithium cation,1
Minaprine,Irbesartan,0
Clobazam,Esomeprazole,0
Valproic acid,Minocycline,1
Zuclopenthixol,Sevoflurane,1
Lercanidipine,Ticlopidine,0
Thiamylal,Lobeglitazone,0
Ergotamine,Posaconazole,0
Glyburide,Sulfisoxazole,0
Amobarbital,Sotalol,0
Phenindione,Simvastatin,1
Chlorpropamide,Bortezomib,0
Primidone,Ivacaftor,0
Rosuvastatin,Clotrimazole,0
Olaparib,Saquinavir,0
Pentamidine,Toloxatone,1
Chlorpromazine,Rotigotine,0
Conivaptan,Dolasetron,0
Asenapine,Clemastine,0
Mefloquine,Bisoprolol,1
Caffeine,Ticagrelor,0
Diphenhydramine,Tipranavir,0
Lumefantrine,Stiripentol,0
Methohexital,Hydroxyzine,1
Phenytoin,Olopatadine,0
Quetiapine,Risperidone,0
Pentamidine,Efavirenz,0
Tramadol,Quazepam,0
Testosterone,Isavuconazonium,0
Hexobarbital,Aprepitant,0
Ubidecarenone,Gliclazide,0
Zuclopenthixol,Trimethoprim,1
Lorcaserin,Fesoterodine,0
Rosuvastatin,Dosulepin,0
Argatroban,Ceritinib,0
Vincristine,Palbociclib,0
Metoprolol,Metamfetamine,0
Doxylamine,Droperidol,1
Phenindione,Rosiglitazone,1
Rifampicin,Sulfamethoxazole,0
Estradiol,Fluvastatin,0
Estrone,Ticagrelor,0
Arformoterol,Zucapsaicin,0
Quetiapine,Pramipexole,0
Gliclazide,Luliconazole,0
Rifampicin,Telaprevir,0
Acebutolol,Meloxicam,0
Methotrimeprazine,Clobazam,1
Bromocriptine,Voriconazole,0
Amphetamine,Chlorthalidone,0
Silodosin,Epinastine,0
Lapatinib,Cyclosporine,0
Cabergoline,Ouabain,0
Efavirenz,Sulfisoxazole,0
Desipramine,Ropinirole,0
Estrone sulfate,Mifepristone,0
Pentobarbital,Metolazone,0
Chlorpromazine,Tapentadol,1
Lercanidipine,Palbociclib,0
Methylphenobarbital,Trimipramine,0
Paliperidone,Tamoxifen,1
Hexobarbital,Perampanel,1
Zileuton,Lidocaine,0
Aripiprazole,Cimetidine,0
Aripiprazole,Esmolol,0
Bosutinib,Norfloxacin,0
Eliglustat,Isradipine,0
Clonidine,Lovastatin,0
Hexobarbital,Losartan,0
Anagrelide,Amitriptyline,1
Rifampicin,Stiripentol,0
Bosutinib,Isavuconazonium,0
Promethazine,Manidipine,0
Trimipramine,Magnesium sulfate,1
Escitalopram,Abiraterone,0
Alprenolol,Metipranolol,0
Nicorandil,Brimonidine,0
Nafamostat,Chloroquine,1
Nitrendipine,Risperidone,0
Lithium cation,Bendroflumethiazide,0
Leflunomide,Ketoconazole,0
Haloperidol,Cocaine,0
Pimozide,Trimipramine,1
Carteolol,Lercanidipine,0
Gemfibrozil,Amiodarone,0
Timolol,Clozapine,0
Bosentan,Sulfamethoxazole,0
Amphetamine,Quinidine,0
Thiopental,Estrone sulfate,0
Haloperidol,Trimipramine,1
Phenytoin,Pimozide,0
Zuclopenthixol,Mefloquine,1
Phenytoin,Digitoxin,0
Boceprevir,Dabigatran etexilate,0
Ergotamine,Pindolol,1
Propafenone,Isradipine,0
Efavirenz,Ziprasidone,0
Azelastine,Hydroflumethiazide,0
Thiamylal,Metoprolol,0
Carbamazepine,Prochlorperazine,0
Edoxaban,Clotrimazole,0
Primidone,Venlafaxine,0
Bortezomib,Atomoxetine,0
Rabeprazole,Efavirenz,0
Ticlopidine,Posaconazole,0
Manidipine,Telithromycin,0
Zileuton,Chlorthalidone,0
Propafenone,Doxycycline,0
Pimozide,Paroxetine,0
Phenelzine,Duloxetine,0
Meloxicam,Hydroflumethiazide,0
Digitoxin,Ketoconazole,0
Aliskiren,Idelalisib,0
Bosutinib,Mefloquine,0
Phenobarbital,Deferasirox,0
Treprostinil,Indapamide,0
Pioglitazone,Fluvastatin,0
Lumefantrine,Risperidone,1
Risperidone,Fluconazole,0
Metamfetamine,Doxylamine,0
Iloperidone,Formoterol,1
Levomilnacipran,Ziprasidone,0
Selegiline,Nicotine,0
Lovastatin,Dasatinib,0
Nateglinide,Itraconazole,0
Dronedarone,Bortezomib,1
Prochlorperazine,Nilotinib,0
Zafirlukast,Stiripentol,0
Bosentan,Voriconazole,0
Lumacaftor,Cilostazol,0
Amobarbital,Dronabinol,1
Levofloxacin,Risperidone,1
Guanfacine,Luliconazole,0
Quetiapine,Manidipine,0
Sulfamethoxazole,Ivacaftor,0
Betaxolol,Cinacalcet,0
Ondansetron,Sorafenib,1
Daunorubicin,Cobicistat,0
Parecoxib,Dihydroergotamine,0
Hydrocodone,Paraldehyde,1
Desvenlafaxine,Minaprine,1
Mitotane,Suvorexant,0
Ethanol,Pentobarbital,1
Dabrafenib,Cyclosporine,0
Digoxin,Telithromycin,0
Lercanidipine,Simeprevir,0
Lumefantrine,Galantamine,1
Enalapril,Trimethoprim,1
Fosphenytoin,Promethazine,0
Rosuvastatin,Mirtazapine,0
Estradiol,Zucapsaicin,0
Rolapitant,Cobicistat,0
Omeprazole,Darunavir,0
Lidocaine,Losartan,0
Epinastine,Sertraline,0
Granisetron,Olaparib,0
Tramadol,Itraconazole,0
Perphenazine,Isradipine,0
Methylphenidate,Minaprine,0
Glimepiride,Trimethoprim,0
Valsartan,Ticlopidine,0
Vemurafenib,Testosterone,0
Glyburide,Fosaprepitant,0
Pseudoephedrine,Furazolidone,0
Primaquine,Granisetron,1
Aminophylline,Tibolone,0
Buspirone,Pramipexole,0
Nebivolol,Cobicistat,0
Dextroamphetamine,Clemastine,0
Bosentan,Fluvoxamine,0
Minaprine,Carteolol,1
Pazopanib,Idelalisib,0
Duloxetine,Theophylline,0
Disopyramide,Minaprine,1
Bepridil,Cimetidine,0
Fluvoxamine,Hydroxyzine,1
Macitentan,Cimetidine,0
Rifaximin,Rifampicin,0
Mianserin,Bupropion,0
Primidone,Losartan,0
Atenolol,Metyrosine,0
Lercanidipine,Posaconazole,0
Paliperidone,Perampanel,1
Cyclosporine,Vincristine,0
Carbamazepine,Lumacaftor,0
Methylphenobarbital,Canagliflozin,0
Ubidecarenone,Fluoxetine,0
Nateglinide,Cholecalciferol,0
Ximelagatran,Tibolone,1
Prucalopride,Levofloxacin,0
Alprenolol,Methadone,0
Nafamostat,Epinastine,1
Doxazosin,Efavirenz,0
Guanfacine,Carteolol,1
Diclofenac,Idelalisib,0
Pentobarbital,Parecoxib,0
Bumetanide,Duloxetine,0
Ubidecarenone,Doxycycline,0
Primidone,Sulfamethoxazole,0
Cisapride,Ciprofloxacin,1
Apixaban,Esomeprazole,0
Fluoxetine,Abiraterone,0
Lumefantrine,Sevoflurane,1
Methylene blue,Captopril,0
Moclobemide,Rolapitant,0
Toremifene,Simeprevir,0
Edoxaban,Nilotinib,0
Yohimbine,Clomipramine,0
Perampanel,Mifepristone,0
Pentobarbital,Bupropion,0
Toremifene,Imatinib,0
Atenolol,Lercanidipine,0
Oxprenolol,Olsalazine,0
Itraconazole,Telaprevir,0
Deferasirox,Pentamidine,0
Ritonavir,Sitagliptin,0
Carteolol,Lopinavir,0
Hexobarbital,Ketoconazole,0
Bosutinib,Methadone,0
Simvastatin,Ceritinib,0
Clarithromycin,Zucapsaicin,0
Vincristine,Ritonavir,0
Cocaine,Minocycline,1
Paraldehyde,Promethazine,1
Paraldehyde,Fosphenytoin,1
Amobarbital,Pramipexole,0
Valsartan,Bepridil,0
Crizotinib,Doxepin,1
Prucalopride,Dihydroergotamine,0
Salicylic acid,Methyclothiazide,0
Pentobarbital,Fosamprenavir,0
Nateglinide,Methadone,0
Pseudoephedrine,Labetalol,1
Alfuzosin,Tibolone,0
Perampanel,Ivacaftor,0
Carbamazepine,Caffeine,0
Domperidone,Amoxapine,1
Sertraline,Sulfadiazine,0
Levomilnacipran,Eliglustat,0
Warfarin,Mirtazapine,1
Colchicine,Isradipine,0
Efavirenz,Posaconazole,0
Carteolol,Olopatadine,0
Penbutolol,Venlafaxine,0
Verapamil,Ouabain,1
Sotalol,Ritonavir,1
Ondansetron,Rotigotine,0
Disopyramide,Thioridazine,1
Indapamide,Glimepiride,0
Citalopram,Telithromycin,0
Phenytoin,Estrone,0
Phenprocoumon,Zafirlukast,0
Felodipine,Yohimbine,0
Methadone,Ivacaftor,0
Pentobarbital,Silodosin,0
Thioridazine,Cobicistat,0
Afatinib,Canagliflozin,0
Nitrendipine,Penbutolol,0
Mitotane,Nilvadipine,0
Pseudoephedrine,Tipranavir,0
Enzalutamide,Indinavir,0
Salicylic acid,Crisaborole,0
Topotecan,Sorafenib,0
Silodosin,Progesterone,0
Ticagrelor,Ziprasidone,0
Ximelagatran,Leflunomide,0
Domperidone,Sunitinib,1
Warfarin,Etoricoxib,1
Vardenafil,Labetalol,0
Celiprolol,Stiripentol,0
Glyburide,Ketoconazole,0
Canagliflozin,Pargyline,1
Selegiline,Clotrimazole,0
Enalapril,Macitentan,0
Loratadine,Midostaurin,0
Labetalol,Pregabalin,0
Pravastatin,Sertraline,0
Buprenorphine,Paraldehyde,1
Losartan,Metyrosine,0
Loratadine,Indinavir,0
Nilotinib,Trimethoprim,1
Bosentan,Sitagliptin,0
Cyclophosphamide,Lovastatin,0
Carbamazepine,Cisapride,0
Acenocoumarol,Tamoxifen,1
Teriflunomide,Propranolol,0
Sulfisoxazole,Duloxetine,1
Ibrutinib,Itraconazole,0
Pitavastatin,Gemfibrozil,1
Phenytoin,Fluconazole,0
Toloxatone,Isradipine,0
Clarithromycin,Fluvoxamine,0
Bisoprolol,Lumiracoxib,0
Imatinib,Palbociclib,0
Benzphetamine,Atenolol,1
Lumiracoxib,Rucaparib,0
Doxepin,Olaparib,0
Lumiracoxib,Dosulepin,0
Estrone sulfate,Polythiazide,0
Dronedarone,Manidipine,0
Epinastine,Nicardipine,0
Phenprocoumon,Indomethacin,1
Secobarbital,Doxepin,0
Primidone,Clotrimazole,0
Glyburide,Sorafenib,0
Buspirone,Bupropion,0
Amiodarone,Droperidol,1
Doxorubicin,Cimetidine,0
Loratadine,Promazine,0
Saquinavir,Isavuconazonium,0
Celiprolol,Crizotinib,0
Ondansetron,Amiodarone,0
Azelastine,Sevoflurane,1
Zafirlukast,Clotrimazole,0
Dextroamphetamine,Methotrimeprazine,0
Vincristine,Ciprofloxacin,0
Tolvaptan,Cocaine,0
Phenobarbital,Gemfibrozil,0
Chloroquine,Bumetanide,0
Iloprost,Ambrisentan,0
Argatroban,Dronedarone,0
Gliclazide,Topiroxostat,0
Primidone,Tipranavir,0
Primaquine,Trimipramine,1
Ledipasvir,Simvastatin,0
Losartan,Erythromycin,0
Seratrodast,Aripiprazole,0
Dolasetron,Tizanidine,1
Anagrelide,Amiodarone,1
Primidone,Bosentan,0
Bepridil,Amiodarone,0
Metipranolol,Manidipine,0
Sulfadiazine,Dronedarone,0
Thiamylal,Bepridil,0
Chlorothiazide,Polythiazide,0
Quetiapine,Hydroxyzine,1
Meloxicam,Furosemide,0
Rifapentine,Diphenhydramine,0
Rilpivirine,Lercanidipine,0
Amitriptyline,Ketoconazole,0
Selegiline,Sulfisoxazole,0
Dextroamphetamine,Epinastine,0
Methotrimeprazine,Nortriptyline,1
Dasatinib,Zucapsaicin,0
Pravastatin,Iloperidone,0
Mitotane,Aminophylline,0
Tolbutamide,Dosulepin,0
Doxepin,Alogliptin,0
Ceritinib,Ranolazine,0
Zolpidem,Thalidomide,1
Cabergoline,Sitagliptin,0
Digitoxin,Fosamprenavir,0
Lumacaftor,Ziprasidone,0
Idarubicin,Lopinavir,0
Vardenafil,Losartan,0
Diphenhydramine,Sulfisoxazole,0
Tizanidine,Esmolol,1
Fluvastatin,Tacrolimus,0
Promazine,Indapamide,1
Anagrelide,Promazine,1
Glipizide,Bopindolol,1
Oxprenolol,Fesoterodine,0
Trimethoprim,Mifepristone,0
Amoxapine,Furazolidone,1
Artemether,Olaparib,0
Zolpidem,Ceritinib,0
Everolimus,Trimethoprim,0
Ritonavir,Cocaine,0
Cilostazol,Idelalisib,0
Gemifloxacin,Paroxetine,1
Rosuvastatin,Crizotinib,0
Verapamil,Sulfadiazine,0
Salicylic acid,Fluvastatin,0
Pentobarbital,Iloprost,0
Nilotinib,Lithium cation,1
Nortriptyline,Sulfisoxazole,0
Clonidine,Amoxapine,0
Tolterodine,Sorafenib,0
Acebutolol,Chloroquine,0
Bosentan,Atenolol,0
Mitotane,Conivaptan,0
Lumefantrine,Arformoterol,1
Pimozide,Nilotinib,0
Zolpidem,Lovastatin,0
Deferasirox,Hexobarbital,0
Haloperidol,Topiroxostat,0
Levomilnacipran,Palbociclib,0
Methylphenidate,Clotrimazole,0
Clobazam,Ketoconazole,0
Amobarbital,Hydroxyzine,1
Moexipril,Estrone sulfate,0
Dolasetron,Nilotinib,0
Seratrodast,Nicardipine,0
Treprostinil,Cyclosporine,0
Diphenhydramine,Ranolazine,0
Haloperidol,Duloxetine,0
Selegiline,Valproic acid,0
Amiodarone,Desipramine,1
Tolbutamide,Olsalazine,1
Phenobarbital,Palbociclib,0
Everolimus,Acetyldigitoxin,0
Toloxatone,Chlorthalidone,0
Metipranolol,Olopatadine,0
Estradiol,Leflunomide,0
Toremifene,Aripiprazole,1
Selegiline,Midostaurin,0
Rifampicin,Selexipag,0
Oxprenolol,Chloroquine,0
Acenocoumarol,Abiraterone,0
Gemifloxacin,Mifepristone,1
Tolazamide,Atenolol,1
Thioridazine,Mexiletine,0
Perphenazine,Telithromycin,0
Trichlormethiazide,Pioglitazone,0
Rifampicin,Fluconazole,0
Aminophylline,Osimertinib,0
Cilostazol,Moclobemide,0
Lorcaserin,Paroxetine,0
Granisetron,Fesoterodine,0
Moclobemide,Ticlopidine,0
Tramadol,Tranylcypromine,0
Daunorubicin,Fluvoxamine,0
Nilotinib,Teriflunomide,0
Afatinib,Simeprevir,0
Quetiapine,Dronedarone,0
Propofol,Nabilone,1
Tolazamide,Moclobemide,1
Clobazam,Estrone sulfate,0
Etacrynic acid,Enalaprilat,0
Alprenolol,Hydrochlorothiazide,0
Domperidone,Netupitant,0
Dronedarone,Trimipramine,1
Ubidecarenone,Progesterone,0
Esomeprazole,Olaparib,0
Estradiol,Pantoprazole,0
Domperidone,Zuclopenthixol,1
Donepezil,Fusidic acid,0
Dextroamphetamine,Duloxetine,0
Glimepiride,Lobeglitazone,0
Clomipramine,Bupropion,0
Chlorpromazine,Simeprevir,0
Ibuprofen,Zucapsaicin,0
Promethazine,Carteolol,0
Tolvaptan,Lopinavir,0
Crizotinib,Methadone,1
Azelastine,Pentobarbital,1
Conivaptan,Quazepam,0
Olanzapine,Rucaparib,0
Ranolazine,Imipramine,0
Fosphenytoin,Efavirenz,0
Levomilnacipran,Cyclosporine,0
Domperidone,Ondansetron,1
Rifaximin,Methylphenobarbital,0
Enalapril,Bupranolol,0
Caffeine,Quinidine,0
Carteolol,Chlorpromazine,0
Mycophenolate mofetil,Pioglitazone,0
Buprenorphine,Abiraterone,0
Brimonidine,Sotalol,1
Enzalutamide,Domperidone,0
Primidone,Methyclothiazide,0
Imipramine,Magnesium sulfate,1
Colchicine,Doxycycline,0
Pimozide,Fluconazole,0
Tamoxifen,Sildenafil,0
Mirtazapine,Sodium oxybate,1
Pentobarbital,Metoprolol,0
Selegiline,Ceritinib,0
Cyclosporine,Pentamidine,0
Methadone,Dasatinib,0
Sulfisoxazole,Phenelzine,1
Perphenazine,Tolbutamide,0
Nadolol,Lumiracoxib,0
Bosentan,Abiraterone,0
Pravastatin,Zafirlukast,0
Sulfadiazine,Lapatinib,0
Trichlormethiazide,Metyrosine,0
Amphetamine,Promazine,0
Naloxegol,Crizotinib,0
Topotecan,Topiroxostat,0
Warfarin,Azelastine,1
Disopyramide,Palbociclib,0
Tolvaptan,Cobicistat,0
Disopyramide,Asenapine,1
Simvastatin,Olanzapine,0
Diltiazem,Alogliptin,0
Methylphenobarbital,Pindolol,0
Propofol,Sildenafil,0
Dicoumarol,Sevoflurane,1
Ibrutinib,Doxorubicin,0
Azelastine,Isoniazid,0
Vincristine,Etravirine,0
Mycophenolate mofetil,Polythiazide,0
Hexobarbital,Lovastatin,0
Lovastatin,Bortezomib,0
Argatroban,Cilostazol,1
Teriflunomide,Chlorothiazide,0
Mirtazapine,Vemurafenib,0
Rifapentine,Pindolol,0
Phenobarbital,Haloperidol,0
Nitrendipine,Ketoconazole,0
Felodipine,Manidipine,0
Erythromycin,Trimethoprim,1
Rifabutin,Dosulepin,0
Cinacalcet,Nilotinib,0
Levofloxacin,Dasatinib,1
Promazine,Minocycline,1
Pazopanib,Nilotinib,0
Pitavastatin,Indinavir,0
Conivaptan,Bortezomib,0
Amiodarone,Nadolol,1
Prucalopride,Rucaparib,0
Acebutolol,Celiprolol,0
Boceprevir,Warfarin,0
Pregabalin,Rotigotine,0
Lovastatin,Tranylcypromine,0
Fluoxetine,Boceprevir,0
Enzalutamide,Clomipramine,0
Riociguat,Moexipril,0
Indapamide,Telaprevir,0
Clomipramine,Alogliptin,0
Erythromycin,Zafirlukast,0
Primidone,Guanfacine,0
Carbamazepine,Donepezil,0
Tamsulosin,Quinine,0
Crizotinib,Erythromycin,1
Loratadine,Saquinavir,0
Disopyramide,Azithromycin,1
Carteolol,Ketoconazole,0
Conivaptan,Methadone,0
Promazine,Lovastatin,0
Topotecan,Atazanavir,0
Thalidomide,Loratadine,1
Lidocaine,Trimethoprim,0
Cilostazol,Omeprazole,0
Furazolidone,Propranolol,0
Boceprevir,Enalapril,0
Pimozide,Ivacaftor,0
Doxepin,Darifenacin,0
Penbutolol,Digitoxin,1
Telithromycin,Aprepitant,0
Saquinavir,Fluvoxamine,0
Pargyline,Pindolol,0
Etoricoxib,Ketoconazole,0
Propranolol,Lorcaserin,0
Rosuvastatin,Telaprevir,0
Enzalutamide,Hydrocodone,0
Etravirine,Crizotinib,0
Rucaparib,Cholecalciferol,0
Vemurafenib,Fosamprenavir,0
Quinine,Metyrosine,0
Metamfetamine,Mirtazapine,0
Labetalol,Hydroflumethiazide,0
Orphenadrine,Methylphenobarbital,1
Tizanidine,Orphenadrine,0
Amiodarone,Clemastine,0
Ticlopidine,Saquinavir,0
Rifapentine,Doxepin,0
Mefloquine,Palbociclib,0
Deferasirox,Everolimus,0
Dolasetron,Ciprofloxacin,1
Phenytoin,Propafenone,0
Rifaximin,Labetalol,0
Cyclosporine,Ibuprofen,1
Yohimbine,Cyclosporine,0
Mefloquine,Osimertinib,0
Tipranavir,Boceprevir,0
Imatinib,Sulfisoxazole,0
Ethanol,Fusidic acid,0
Mirabegron,Cholecalciferol,0
Nicotine,Lobeglitazone,0
Conivaptan,Levomilnacipran,0
Mexiletine,Luliconazole,0
Caffeine,Clotrimazole,0
Ranolazine,Fesoterodine,0
Clonidine,Fosaprepitant,0
Zafirlukast,Osimertinib,0
Tizanidine,Isoniazid,0
Rabeprazole,Delavirdine,0
Lovastatin,Indinavir,0
Nevirapine,Dorzolamide,0
Prucalopride,Ketoconazole,0
Ergotamine,Nefazodone,0
Tranylcypromine,Risperidone,0
Secobarbital,Etoricoxib,0
Amphetamine,Phenelzine,0
Crizotinib,Cobicistat,0
Mitotane,Lapatinib,0
Ethanol,Isoniazid,0
Aminophylline,Idelalisib,0
Leflunomide,Bortezomib,0
Ximelagatran,Amiodarone,0
Thioridazine,Lovastatin,0
Benzphetamine,Simeprevir,0
Zolpidem,Azithromycin,0
Indapamide,Mifepristone,1
Nateglinide,Sitagliptin,1
Disopyramide,Methotrimeprazine,1
Ethanol,Isavuconazonium,0
Carteolol,Darifenacin,0
Esomeprazole,Bortezomib,0
Pentobarbital,Nebivolol,0
Lidocaine,Fluorouracil,0
Dronabinol,Dabigatran etexilate,0
Cyproterone acetate,Rucaparib,0
Ranolazine,Levofloxacin,0
Ritonavir,Rosiglitazone,0
Quetiapine,Crizotinib,0
Phenoxybenzamine,Felodipine,0
Rifabutin,Darifenacin,0
Midostaurin,Fluconazole,0
Ranolazine,Netupitant,0
Amphetamine,Indinavir,0
Primidone,Fluvastatin,0
Rifaximin,Venlafaxine,0
Olanzapine,Tapentadol,1
Gemifloxacin,Tolterodine,1
Nelfinavir,Luliconazole,0
Propofol,Lopinavir,0
Thioridazine,Tapentadol,1
Bendroflumethiazide,Hydroflumethiazide,0
Rilpivirine,Caffeine,0
Colchicine,Aprepitant,0
Zolpidem,Azelastine,1
Nevirapine,Ranolazine,0
Secobarbital,Pioglitazone,0
Perphenazine,Rosiglitazone,0
Ceritinib,Iloperidone,0
Fesoterodine,Nabilone,0
Cilostazol,Simeprevir,0
Ticagrelor,Diltiazem,0
Afatinib,Bepridil,0
Osimertinib,Acetyldigitoxin,0
Zolpidem,Oxprenolol,1
Cilostazol,Lopinavir,0
Droperidol,Paroxetine,1
Buprenorphine,Amobarbital,1
Dolasetron,Fosamprenavir,0
Cyclobenzaprine,Granisetron,1
Efavirenz,Minocycline,1
Manidipine,Enalaprilat,0
Phenytoin,Minocycline,1
Cyclophosphamide,Idarubicin,1
Lovastatin,Desipramine,0
Clobazam,Tamoxifen,0
Nebivolol,Diclofenac,0
Sildenafil,Palbociclib,0
Nevirapine,Alogliptin,0
Methylphenobarbital,Furosemide,0
Suvorexant,Amiodarone,0
Promazine,Bupranolol,0
Vardenafil,Chlorthalidone,0
Rivaroxaban,Doxycycline,0
Doxazosin,Trichlormethiazide,0
Ambrisentan,Clotrimazole,0
Ticlopidine,Voriconazole,0
Rasagiline,Theophylline,0
Estrone sulfate,Clarithromycin,0
Cyproterone acetate,Toremifene,0
Zuclopenthixol,Cocaine,0
Eliglustat,Lithium cation,1
Terbinafine,Lapatinib,0
Ibuprofen,Fluvoxamine,0
Bosutinib,Tranylcypromine,0
Fluoxetine,Vardenafil,1
Progesterone,Abiraterone,0
Repaglinide,Ticlopidine,0
Amobarbital,Bupranolol,0
Amobarbital,Felodipine,0
Omeprazole,Simeprevir,0
Lovastatin,Captopril,0
Palbociclib,Deslanoside,0
Imatinib,Osimertinib,0
Ledipasvir,Dihydroergotamine,0
Rilpivirine,Verapamil,0
Timolol,Tipranavir,0
Fosphenytoin,Fingolimod,0
Orphenadrine,Verapamil,0
Theophylline,Amiodarone,0
Rifampicin,Glyburide,0
Isavuconazonium,Ceritinib,0
Tolbutamide,Betaxolol,1
Sulfamethoxazole,Voriconazole,0
Olopatadine,Fosamprenavir,0
Olaparib,Erythromycin,0
Phenytoin,Quetiapine,0
Tamoxifen,Doxorubicin,0
Terbinafine,Ketoconazole,0
Macitentan,Clotrimazole,0
Enalaprilat,Estradiol,0
Antipyrine,Methyclothiazide,0
Glyburide,Atomoxetine,0
Treprostinil,Sulfisoxazole,0
Phenytoin,Idarubicin,0
Phenobarbital,Riociguat,0
Diclofenac,Metolazone,0
Lumacaftor,Abiraterone,0
Alprenolol,Digoxin,1
Mirabegron,Itraconazole,0
Ledipasvir,Glyburide,0
Saxagliptin,Lovastatin,0
Pentamidine,Canagliflozin,0
Cyproterone acetate,Nilvadipine,0
Rifapentine,Argatroban,0
Fosphenytoin,Cisapride,0
Mexiletine,Clobazam,0
Clozapine,Tranylcypromine,0
Mitotane,Aliskiren,0
Dolasetron,Itraconazole,0
Esomeprazole,Clotrimazole,0
Phenoxybenzamine,Ketoconazole,0
Ambrisentan,Bortezomib,0
Hydroflumethiazide,Polythiazide,0
Metoprolol,Enalaprilat,0
Azelastine,Sertraline,0
Bopindolol,Celiprolol,0
Ergotamine,Fluconazole,0
Lumacaftor,Enalapril,0
Sulfadiazine,Nilotinib,0
Citalopram,Indinavir,0
Meloxicam,Doxycycline,0
Oxprenolol,Primaquine,0
Nafamostat,Bumetanide,0
Sulfadiazine,Atomoxetine,0
Eliglustat,Droperidol,1
Yohimbine,Lumefantrine,0
Diclofenac,Sulfadiazine,0
Zileuton,Atomoxetine,0
Sotalol,Escitalopram,1
Tapentadol,Voriconazole,0
Azelastine,Dronedarone,0
Rifabutin,Bromocriptine,0
Guanfacine,Nortriptyline,0
Promethazine,Metipranolol,0
Nicotine,Imatinib,0
Aripiprazole,Isoniazid,0
Crizotinib,Boceprevir,0
Cyproterone acetate,Saxagliptin,0
Rifapentine,Simeprevir,0
Amphetamine,Treprostinil,0
Pentobarbital,Ticagrelor,0
Deslanoside,Chloroquine,0
Primidone,Abiraterone,0
Protriptyline,Fosamprenavir,0
Teriflunomide,Etoricoxib,0
Tramadol,Moclobemide,0
Colchicine,Indinavir,0
Clonidine,Carteolol,1
Alprenolol,Nicorandil,0
Nicorandil,Iloprost,0
Mirabegron,Mifepristone,1
Colchicine,Amiodarone,0
Metoprolol,Clobazam,0
Mianserin,Paraldehyde,0
Teriflunomide,Epoprostenol,0
Thioridazine,Duloxetine,0
Canagliflozin,Norfloxacin,1
Ceritinib,Tolazamide,0
Thioridazine,Levofloxacin,1
Duloxetine,Arformoterol,0
Oxprenolol,Risperidone,0
Rosuvastatin,Atazanavir,0
Zolpidem,Gemfibrozil,0
Everolimus,Pravastatin,0
Tibolone,Celecoxib,1
Sunitinib,Dihydroergotamine,0
Ziprasidone,Tamoxifen,0
Pazopanib,Moexipril,1
Pimozide,Lobeglitazone,0
Fesoterodine,Netupitant,0
Ciprofloxacin,Sertraline,1
Dosulepin,Pirlindole,1
Iloperidone,Olanzapine,1
Artemether,Imipramine,1
Nicardipine,Doxycycline,0
Rifaximin,Diclofenac,0
Mirabegron,Ranolazine,0
Conivaptan,Rotigotine,0
Dolasetron,Norfloxacin,1
Darifenacin,Nabilone,0
Pseudoephedrine,Asenapine,0
Phenobarbital,Daunorubicin,0
Delavirdine,Fosaprepitant,0
Buspirone,Sodium oxybate,1
Telaprevir,Indinavir,0
Ledipasvir,Cyclosporine,0
Valproic acid,Citalopram,0
Sotalol,Clomipramine,1
Zolpidem,Efavirenz,1
Phenobarbital,Conivaptan,0
Haloperidol,Clomipramine,1
Mianserin,Fosaprepitant,0
Toloxatone,Nicorandil,0
Cocaine,Erythromycin,0
Primidone,Nilvadipine,0
Arformoterol,Efavirenz,0
Verapamil,Desipramine,0
Phenytoin,Selegiline,0
Perphenazine,Aprepitant,0
Mirtazapine,Tolbutamide,0
Isradipine,Voriconazole,0
Etacrynic acid,Sitagliptin,0
Thioridazine,Citalopram,0
Nilvadipine,Netupitant,0
Cisapride,Luliconazole,0
Esmolol,Nafamostat,0
Methotrimeprazine,Thiopental,1
Sildenafil,Propranolol,0
Rilpivirine,Idelalisib,0
Risperidone,Repaglinide,0
Selegiline,Epoprostenol,0
Paroxetine,Aprepitant,0
Abiraterone,Clotrimazole,0
Dolasetron,Cobicistat,0
Conivaptan,Rolapitant,0
Omeprazole,Fosamprenavir,0
Methyclothiazide,Repaglinide,0
Rifampicin,Alfuzosin,0
Nitrendipine,Diltiazem,0
Nitrendipine,Dihydroergotamine,0
Idarubicin,Ticlopidine,0
Bupropion,Valsartan,0
Pentobarbital,Dorzolamide,0
Carbamazepine,Antipyrine,0
Metipranolol,Fluoxetine,0
Clonidine,Tipranavir,0
Dofetilide,Formoterol,1
Pitavastatin,Doxorubicin,0
Labetalol,Digitoxin,1
Ergotamine,Nilotinib,0
Pindolol,Selexipag,0
Tipranavir,Dosulepin,0
Clopidogrel,Leflunomide,0
Betaxolol,Olsalazine,0
Toremifene,Alfuzosin,1
Doxorubicin,Buprenorphine,0
Pitavastatin,Haloperidol,0
Disopyramide,Pirlindole,1
Phenytoin,Lorcaserin,0
Rosiglitazone,Epinastine,1
Clomipramine,Sitagliptin,0
Etravirine,Irbesartan,0
Clomipramine,Olaparib,0
Carbamazepine,Gemfibrozil,0
Sulfamethoxazole,Lopinavir,0
Darifenacin,Clotrimazole,0
Chloroquine,Chlorthalidone,0
Sulfadiazine,Palbociclib,0
Aliskiren,Netupitant,0
Clemastine,Toloxatone,0
Doxylamine,Methylene blue,0
Aripiprazole,Propranolol,0
Meloxicam,Stiripentol,0
Rifaximin,Carteolol,0
Telaprevir,Netupitant,0
Vemurafenib,Itraconazole,0
Clozapine,Carbamazepine,1
Ethanol,Ceritinib,0
Mirtazapine,Metyrosine,0
Phenelzine,Metipranolol,0
Diltiazem,Metyrosine,0
Zafirlukast,Bortezomib,0
Quinethazone,Canagliflozin,0
Ibuprofen,Ticagrelor,0
Doxorubicin,Cobicistat,0
Sulfamethoxazole,Tolazamide,1
Arformoterol,Quinethazone,0
Rifampicin,Doxazosin,0
Tranylcypromine,Nabilone,1
Simvastatin,Fluoxetine,0
Buprenorphine,Rabeprazole,0
Silodosin,Sunitinib,0
Minaprine,Epoprostenol,0
Bumetanide,Glipizide,0
Clonidine,Carvedilol,1
Toremifene,Sulfisoxazole,0
Metamfetamine,Panobinostat,0
Telithromycin,Tizanidine,1
Enzalutamide,Silodosin,0
Rifaximin,Atenolol,0
Selexipag,Rabeprazole,0
Venlafaxine,Sulfisoxazole,0
Enalapril,Dronedarone,0
Ethinylestradiol,Repaglinide,0
Eliglustat,Olaparib,0
Primidone,Dosulepin,0
Efavirenz,Magnesium sulfate,1
Bromocriptine,Atomoxetine,0
Primidone,Luliconazole,0
Amoxapine,Terbinafine,0
Rasagiline,Bendroflumethiazide,0
Ledipasvir,Lopinavir,0
Conivaptan,Delavirdine,0
Thiamylal,Losartan,0
Acenocoumarol,Verapamil,0
Fosphenytoin,Imipramine,0
Ledipasvir,Indomethacin,0
Aliskiren,Etoricoxib,0
Bupropion,Tramadol,0
Topotecan,Isavuconazonium,0
Domperidone,Felodipine,0
Propafenone,Norfloxacin,1
Propafenone,Vemurafenib,0
Atenolol,Indomethacin,0
Topotecan,Trimipramine,0
Secobarbital,Protriptyline,0
Fluvastatin,Ranolazine,0
Silodosin,Metoprolol,0
Sulfisoxazole,Imipramine,1
Lumiracoxib,Topiroxostat,0
Seratrodast,Crizotinib,0
Promazine,Doxycycline,0
Teriflunomide,Aminophylline,0
Lithium cation,Acetylsalicylic acid,0
Rifabutin,Ibrutinib,0
Acebutolol,Tibolone,0
Nilvadipine,Olaparib,0
Risperidone,Aprepitant,0
Felodipine,Ambrisentan,0
Doxylamine,Tranylcypromine,0
Levofloxacin,Azithromycin,1
Omeprazole,Crizotinib,0
Methylene blue,Hydrocodone,0
Cilostazol,Ritonavir,0
Stiripentol,Clobazam,0
Betaxolol,Levodopa,0
Ubidecarenone,Losartan,0
Warfarin,Indinavir,0
Buprenorphine,Dabigatran etexilate,0
Treprostinil,Carteolol,0
Desvenlafaxine,Erythromycin,0
Prochlorperazine,Metipranolol,0
Azelastine,Lovastatin,0
Phenprocoumon,Cyclobenzaprine,1
Nicardipine,Terbinafine,0
Lovastatin,Sitagliptin,0
Clozapine,Gemfibrozil,0
Buspirone,Dasatinib,0
Fingolimod,Darifenacin,0
Tapentadol,Mirabegron,0
Suvorexant,Methadone,1
Quinine,Hydroflumethiazide,0
Eliglustat,Nefazodone,0
Glyburide,Alprenolol,1
Glipizide,Venlafaxine,0
Teriflunomide,Rucaparib,0
Pramipexole,Duloxetine,0
Lumacaftor,Fluoxetine,0
Antipyrine,Ticagrelor,0
Betaxolol,Deferasirox,0
Brimonidine,Hydrochlorothiazide,0
Gemifloxacin,Protriptyline,1
Galantamine,Saquinavir,0
Macitentan,Esomeprazole,0
Dabrafenib,Irbesartan,0
Rilpivirine,Tacrolimus,0
Amiodarone,Bupranolol,1
Etacrynic acid,Alogliptin,0
Granisetron,Amitriptyline,1
Rosiglitazone,Sorafenib,0
Progesterone,Nateglinide,0
Pindolol,Epoprostenol,0
Primidone,Amiodarone,0
Azelastine,Aripiprazole,1
Levodopa,Promazine,0
Acetylsalicylic acid,Sulfamethoxazole,0
Mirtazapine,Pimozide,1
Ubidecarenone,Saquinavir,0
Tolterodine,Esomeprazole,0
Edoxaban,Testosterone,0
Ixazomib,Celecoxib,0
Venlafaxine,Ticlopidine,0
Guanfacine,Fluvoxamine,0
Fluvastatin,Olanzapine,0
Sertraline,Abiraterone,0
Canagliflozin,Mifepristone,0
Imipramine,Minocycline,1
Phenytoin,Ergotamine,0
Moclobemide,Omeprazole,0
Testosterone,Simeprevir,0
Testosterone,Celecoxib,0
Hydrocodone,Trimipramine,1
Thalidomide,Aripiprazole,0
Pioglitazone,Cobicistat,0
Primidone,Repaglinide,0
Saxagliptin,Fluvoxamine,0
Doxepin,Clobazam,0
Toloxatone,Carteolol,0
Dolasetron,Dosulepin,0
Alprenolol,Metyrosine,0
Lumacaftor,Carvedilol,0
Doxorubicin,Lidocaine,0
Glyburide,Darunavir,0
Imipramine,Itraconazole,0
Furazolidone,Betaxolol,0
Alprenolol,Etoricoxib,0
Sitagliptin,Phenelzine,1
Meloxicam,Fluvastatin,0
Digoxin,Dihydroergotamine,0
Ondansetron,Nelfinavir,0
Nevirapine,Clomipramine,0
Glyburide,Bopindolol,1
Bosutinib,Crizotinib,0
Acenocoumarol,Diclofenac,1
Selegiline,Isavuconazonium,0
Pazopanib,Erythromycin,0
Suvorexant,Diltiazem,0
Antipyrine,Itraconazole,0
Haloperidol,Fosaprepitant,0
Doxorubicin,Paroxetine,0
Pravastatin,Repaglinide,0
Phenobarbital,Arformoterol,0
Conivaptan,Toremifene,0
Indomethacin,Sulfamethoxazole,0
Colchicine,Venlafaxine,0
Hydrochlorothiazide,Trichlormethiazide,0
Phenytoin,Tamoxifen,0
Ubidecarenone,Fluconazole,0
Methotrimeprazine,Primidone,1
Sulfisoxazole,Topiroxostat,0
Rifapentine,Atenolol,0
Metoprolol,Venlafaxine,0
Cocaine,Amiodarone,0
Apixaban,Moclobemide,0
Propranolol,Aprepitant,0
Lorcaserin,Dasatinib,0
Pentobarbital,Carteolol,0
Amoxapine,Ketoconazole,0
Ergotamine,Pirlindole,0
Dextroamphetamine,Amiodarone,0
Suvorexant,Diphenhydramine,1
Tamoxifen,Ceritinib,0
Propranolol,Levomilnacipran,0
Ubidecarenone,Daunorubicin,0
Risperidone,Droperidol,1
Rifampicin,Esomeprazole,0
Nilvadipine,Ticlopidine,0
Primaquine,Lobeglitazone,0
Simvastatin,Ropinirole,0
Deferasirox,Diltiazem,0
Levofloxacin,Ketoconazole,1
Doxorubicin,Palbociclib,0
Betaxolol,Ranolazine,0
Anagrelide,Epoprostenol,0
Meloxicam,Crizotinib,0
Losartan,Osimertinib,0
Vemurafenib,Tofacitinib,0
Primidone,Doxycycline,0
Dolasetron,Ketoconazole,0
Tamsulosin,Bupropion,0
Phenobarbital,Leflunomide,0
Clopidogrel,Palbociclib,0
Azelastine,Dasatinib,1
Escitalopram,Isoniazid,0
Carbamazepine,Dolasetron,0
Ketoconazole,Osimertinib,0
Lercanidipine,Nilvadipine,0
Ranolazine,Crizotinib,0
Nilvadipine,Saquinavir,0
Nevirapine,Nefazodone,0
Minaprine,Cocaine,0
Ethanol,Imipramine,1
Aprepitant,Lumiracoxib,0
Chloroquine,Itraconazole,0
Bortezomib,Cobicistat,0
Benzphetamine,Bortezomib,0
Labetalol,Cobicistat,0
Propranolol,Yohimbine,0
Ropinirole,Isradipine,0
Modafinil,Mifepristone,0
Glipizide,Posaconazole,1
Diphenhydramine,Crisaborole,0
Propofol,Dihydroergotamine,0
Bendroflumethiazide,Sertraline,0
Tamoxifen,Telithromycin,0
Acebutolol,Metyrosine,0
Doxorubicin,Clotrimazole,0
Methyclothiazide,Levomilnacipran,0
Carteolol,Meloxicam,0
Conivaptan,Clotrimazole,0
Carvedilol,Ketoconazole,0
Ixazomib,Mirabegron,0
Perphenazine,Stiripentol,0
Minaprine,Indapamide,0
Quetiapine,Fluconazole,1
Testosterone,Indinavir,0
Nevirapine,Mefloquine,0
Methadone,Esomeprazole,0
Lopinavir,Desipramine,1
Protriptyline,Brimonidine,1
Amprenavir,Ethinylestradiol,0
Lercanidipine,Dihydroergotamine,0
Tizanidine,Fluoxetine,0
Aripiprazole,Fluconazole,0
Phenobarbital,Venlafaxine,0
Seratrodast,Atazanavir,0
Azelastine,Ticlopidine,0
Prucalopride,Buspirone,0
Modafinil,Atomoxetine,0
Tofacitinib,Penbutolol,1
Mirtazapine,Celecoxib,0
Propofol,Amiodarone,0
Zuclopenthixol,Isoniazid,0
Tolterodine,Delavirdine,0
Eliglustat,Clobazam,0
Phenobarbital,Selexipag,0
Diclofenac,Luliconazole,0
Fosamprenavir,Lopinavir,0
Fosphenytoin,Glimepiride,0
Tolbutamide,Canagliflozin,1
Bopindolol,Fingolimod,1
Crizotinib,Simeprevir,0
Lumacaftor,Cimetidine,0
Phenytoin,Yohimbine,0
Penbutolol,Celiprolol,0
Venlafaxine,Atomoxetine,0
Bromocriptine,Pargyline,1
Escitalopram,Fosamprenavir,0
Nicotine,Fusidic acid,0
Ziprasidone,Chlorpropamide,0
Haloperidol,Idelalisib,0
Diphenhydramine,Tolbutamide,0
Tipranavir,Enalaprilat,0
Phenobarbital,Olopatadine,0
Rifampicin,Afatinib,0
Azelastine,Clemastine,1
Sorafenib,Ketoconazole,0
Nefazodone,Ketoconazole,0
Topotecan,Boceprevir,0
Primidone,Chlorpropamide,0
Acenocoumarol,Fluconazole,0
Galantamine,Fesoterodine,0
Alfuzosin,Hydrochlorothiazide,0
Estrone sulfate,Lopinavir,0
Lercanidipine,Netupitant,0
Quazepam,Cholecalciferol,0
Cilostazol,Osimertinib,0
Ritonavir,Fosaprepitant,0
Tizanidine,Timolol,1
Primidone,Indomethacin,0
Cyclophosphamide,Ketoconazole,0
Glipizide,Labetalol,1
Imatinib,Sildenafil,0
Moclobemide,Carvedilol,0
Vincristine,Lopinavir,0
Rasagiline,Alprenolol,0
Zolpidem,Dronedarone,0
Macitentan,Fluvoxamine,0
Rifabutin,Estrone sulfate,0
Tramadol,Sulfisoxazole,0
Zolpidem,Losartan,0
Fosamprenavir,Luliconazole,0
Ibrutinib,Caffeine,0
Amprenavir,Felodipine,0
Teriflunomide,Antipyrine,0
Lapatinib,Isoniazid,0
Idarubicin,Sildenafil,0
Timolol,Bupropion,0
Eliglustat,Isavuconazonium,0
Lopinavir,Netupitant,0
Saxagliptin,Theophylline,0
Etravirine,Posaconazole,0
Methylphenobarbital,Doxylamine,1
Enzalutamide,Rifabutin,0
Prucalopride,Tamoxifen,0
Dorzolamide,Nadolol,0
Azelastine,Metolazone,0
Amprenavir,Paroxetine,0
Nicardipine,Tamoxifen,0
Indinavir,Luliconazole,0
Clozapine,Terbinafine,0
Artemether,Indapamide,1
Phenytoin,Posaconazole,0
Theophylline,Ketoconazole,0
Simvastatin,Citalopram,0
Dihydroergotamine,Fluconazole,0
Hydrocodone,Clemastine,1
Deferasirox,Felodipine,0
Parecoxib,Manidipine,0
Everolimus,Ergotamine,0
Brimonidine,Moexipril,0
Asenapine,Cyclosporine,0
Guanfacine,Crisaborole,0
Pregabalin,Guanfacine,0
Promethazine,Pindolol,0
Suvorexant,Luliconazole,0
Nebivolol,Salicylic acid,0
Digoxin,Alogliptin,0
Hexobarbital,Topiroxostat,0
Phenobarbital,Polythiazide,0
Thioridazine,Haloperidol,0
Selexipag,Posaconazole,0
Azelastine,Nefazodone,0
Bendroflumethiazide,Selexipag,0
Diltiazem,Captopril,0
Saxagliptin,Mesalazine,1
Vemurafenib,Galantamine,0
Sunitinib,Fusidic acid,0
Mirtazapine,Cyclobenzaprine,1
Anagrelide,Digoxin,0
Indinavir,Atomoxetine,0
Lumefantrine,Tramadol,0
Thalidomide,Sodium oxybate,1
Metoprolol,Escitalopram,0
Estrone sulfate,Ethinylestradiol,0
Diltiazem,Cinacalcet,0
Prochlorperazine,Stiripentol,0
Primaquine,Isradipine,1
Phenoxybenzamine,Idelalisib,0
Tofacitinib,Simeprevir,0
Secobarbital,Salicylic acid,0
Dabrafenib,Fluoxetine,0
Indapamide,Rucaparib,0
Lithium cation,Nortriptyline,1
Domperidone,Bupropion,0
Betaxolol,Ticlopidine,0
Moclobemide,Nicardipine,0
Enalaprilat,Selexipag,0
Bosutinib,Nelfinavir,0
Apixaban,Indomethacin,1
Delavirdine,Posaconazole,0
Selegiline,Topiroxostat,0
Isradipine,Alprenolol,0
Ranolazine,Ticagrelor,0
Lercanidipine,Ambrisentan,0
Rifabutin,Stiripentol,0
Metoprolol,Moclobemide,0
Bepridil,Sertraline,0
Phenelzine,Nitrendipine,0
Nefazodone,Cimetidine,0
Trichlormethiazide,Macitentan,0
Amphetamine,Ranolazine,0
Promazine,Cholecalciferol,0
Vemurafenib,Trimipramine,0
Lumiracoxib,Mexiletine,0
Thiamylal,Hydroflumethiazide,0
Bromocriptine,Nebivolol,1
Protriptyline,Pargyline,1
Prucalopride,Crizotinib,0
Toremifene,Digitoxin,0
Ondansetron,Sevoflurane,1
Edoxaban,Citalopram,0
Diltiazem,Doxycycline,0
Toloxatone,Acebutolol,0
Primaquine,Telaprevir,0
Bosentan,Felodipine,0
Buprenorphine,Amitriptyline,1
Risperidone,Rolapitant,0
Paraldehyde,Carbamazepine,1
Cinacalcet,Telaprevir,0
Fingolimod,Osimertinib,0
Atazanavir,Cobicistat,0
Domperidone,Lapatinib,1
Metoprolol,Epinastine,0
Bepridil,Nebivolol,0
Escitalopram,Minaprine,1
Bosentan,Ropinirole,0
Nateglinide,Gemfibrozil,0
Mycophenolate mofetil,Deslanoside,0
Acebutolol,Theophylline,0
Orphenadrine,Primidone,1
Hydroflumethiazide,Alprenolol,0
Vincristine,Bromocriptine,0
Pargyline,Betaxolol,0
Chlorpropamide,Tranylcypromine,1
Cisapride,Osimertinib,0
Idelalisib,Iloperidone,0
Mefloquine,Darifenacin,0
Digoxin,Dronedarone,1
Lercanidipine,Osimertinib,0
Ergotamine,Ivacaftor,0
Abiraterone,Idelalisib,0
Venlafaxine,Fusidic acid,0
Irbesartan,Methylphenidate,0
Clarithromycin,Paroxetine,1
Celecoxib,Olaparib,0
Rifabutin,Abiraterone,0
Magnesium sulfate,Cimetidine,0
Osimertinib,Leflunomide,0
Chlorothiazide,Alogliptin,0
Toremifene,Quinidine,1
Minaprine,Atenolol,1
Amoxapine,Minaprine,1
Aripiprazole,Saxagliptin,0
Phenprocoumon,Tramadol,1
Itraconazole,Atomoxetine,0
Ziprasidone,Nicardipine,1
Imipramine,Celecoxib,0
Ethinylestradiol,Stiripentol,0
Cyclosporine,Chloroquine,1
Celiprolol,Manidipine,0
Valproic acid,Cyclosporine,0
Mirtazapine,Methohexital,1
Sorafenib,Fluvoxamine,0
Valsartan,Nicardipine,0
Ticagrelor,Simeprevir,0
Zafirlukast,Fluorouracil,0
Galantamine,Labetalol,1
Buprenorphine,Nortriptyline,1
Amobarbital,Phenelzine,0
Theophylline,Erythromycin,0
Formoterol,Modafinil,0
Citalopram,Tranylcypromine,0
Phenytoin,Chlorpropamide,0
Levofloxacin,Droperidol,1
Alogliptin,Lorcaserin,0
Vincristine,Rucaparib,0
Penbutolol,Salicylic acid,0
Ritonavir,Pioglitazone,0
Captopril,Darifenacin,0
Tolterodine,Duloxetine,0
Hexobarbital,Mestranol,0
Citalopram,Pantoprazole,0
Paliperidone,Mirabegron,1
Dasatinib,Clemastine,0
Bupropion,Dasatinib,0
Bepridil,Fluconazole,0
Rotigotine,Artemether,0
Clozapine,Lapatinib,1
Suvorexant,Ranolazine,0
Ledipasvir,Tacrolimus,0
Deferasirox,Nefazodone,0
Pazopanib,Acetyldigitoxin,0
Mitotane,Perampanel,0
Zolpidem,Rucaparib,0
Celecoxib,Propafenone,0
Fingolimod,Atomoxetine,0
Cyclosporine,Simeprevir,0
Glipizide,Paroxetine,1
Pioglitazone,Clarithromycin,0
Enzalutamide,Suvorexant,0
Nefazodone,Moexipril,0
Colchicine,Pimozide,0
Zolpidem,Cyclobenzaprine,1
Tofacitinib,Omeprazole,0
Hexobarbital,Bromocriptine,0
Phenoxybenzamine,Clemastine,0
Clarithromycin,Erythromycin,1
Bosentan,Ambrisentan,0
Vincristine,Digitoxin,0
Aminophylline,Cyclosporine,0
Ergotamine,Clomipramine,0
Benzphetamine,Amoxapine,0
Bosentan,Imatinib,0
Doxazosin,Bepridil,0
Bromocriptine,Ticlopidine,0
Pravastatin,Tranylcypromine,0
Nilvadipine,Posaconazole,0
Ranolazine,Lapatinib,0
Orphenadrine,Efavirenz,1
Donepezil,Cyclosporine,0
Selexipag,Lovastatin,0
Benzphetamine,Paroxetine,0
Lidocaine,Doxylamine,1
Rilpivirine,Clotrimazole,0
Dolasetron,Quinidine,0
Ziprasidone,Netupitant,0
Ketoconazole,Iloperidone,0
Osimertinib,Cobicistat,0
Mirabegron,Voriconazole,0
Rabeprazole,Indinavir,0
Fluvastatin,Sildenafil,0
Labetalol,Ibuprofen,0
Escitalopram,Fluoxetine,0
Methotrimeprazine,Azelastine,1
Amobarbital,Carvedilol,0
Escitalopram,Osimertinib,0
Tipranavir,Nelfinavir,0
Levofloxacin,Voriconazole,1
Pindolol,Ranolazine,0
Carvedilol,Ziprasidone,0
Cabergoline,Nelfinavir,0
Quinidine,Palbociclib,0
Amiodarone,Paliperidone,1
Mitotane,Yohimbine,0
Sulfisoxazole,Clotrimazole,0
Dronedarone,Carteolol,1
Clemastine,Brimonidine,1
Pioglitazone,Amphetamine,1
Rifampicin,Carbamazepine,0
Sotalol,Mirtazapine,1
Estrone,Fluvastatin,0
Daunorubicin,Citalopram,0
Imipramine,Hydroxyzine,1
Etravirine,Amiodarone,0
Glipizide,Sulfisoxazole,0
Lumiracoxib,Leflunomide,0
Panobinostat,Clemastine,0
Saxagliptin,Levomilnacipran,1
Metamfetamine,Fesoterodine,0
Escitalopram,Propafenone,1
Mitotane,Mexiletine,0
Riociguat,Ticlopidine,0
Hexobarbital,Mexiletine,0
Tacrolimus,Vemurafenib,0
Vemurafenib,Voriconazole,0
Prochlorperazine,Ketoconazole,0
Disopyramide,Pimozide,1
Loratadine,Panobinostat,0
Clopidogrel,Ranolazine,0
Simvastatin,Glyburide,0
Metoprolol,Idarubicin,0
Glipizide,Glimepiride,1
Iloprost,Metoprolol,0
Bosutinib,Ciprofloxacin,0
Mianserin,Stiripentol,0
Bosentan,Mexiletine,0
Dabrafenib,Bupropion,0
Panobinostat,Gemifloxacin,1
Hydrocodone,Isradipine,0
Vardenafil,Bortezomib,0
Metoprolol,Mianserin,0
Clozapine,Verapamil,0
Rifampicin,Prochlorperazine,0
Isradipine,Yohimbine,0
Betaxolol,Paroxetine,0
Primaquine,Diltiazem,0
Primidone,Delavirdine,0
Dabrafenib,Ondansetron,0
Trimipramine,Ticlopidine,0
Rifapentine,Ondansetron,0
Glipizide,Osimertinib,0
Nicorandil,Sotalol,0
Midostaurin,Netupitant,0
Hydrochlorothiazide,Nefazodone,0
Dicoumarol,Esomeprazole,0
Fluvastatin,Levofloxacin,0
Timolol,Phenoxybenzamine,0
Ethanol,Netupitant,0
Sildenafil,Doxycycline,0
Secobarbital,Pravastatin,0
Everolimus,Caffeine,0
Quazepam,Doxylamine,1
Toremifene,Cisapride,1
Aripiprazole,Nelfinavir,0
Propofol,Ivacaftor,0
Trimethoprim,Clotrimazole,0
Propranolol,Mexiletine,0
Promethazine,Timolol,0
Phenprocoumon,Verapamil,0
Fluvoxamine,Buspirone,1
Indomethacin,Moclobemide,0
Hydrocodone,Olopatadine,1
Citalopram,Nicardipine,0
Tolazamide,Quinine,1
Theophylline,Ritonavir,0
Vincristine,Cyclosporine,0
Formoterol,Cyclosporine,0
Rifampicin,Pimozide,0
Ondansetron,Dronabinol,1
Estrone,Nefazodone,0
Captopril,Paroxetine,0
Pindolol,Antipyrine,0
Sotalol,Bortezomib,1
Rasagiline,Duloxetine,0
Lithium cation,Dronabinol,1
Gliclazide,Sertraline,0
Estrone,Desipramine,0
Lercanidipine,Risperidone,0
Disopyramide,Citalopram,1
Delavirdine,Lovastatin,0
Paliperidone,Metyrosine,0
Pregabalin,Sodium oxybate,1
Losartan,Fluorouracil,0
Buprenorphine,Venlafaxine,0
Phenoxybenzamine,Posaconazole,0
Rifampicin,Valsartan,0
Artemether,Ketoconazole,0
Amoxapine,Dabigatran etexilate,0
Ziprasidone,Osimertinib,0
Hexobarbital,Caffeine,0
Quinine,Fosaprepitant,0
Bisoprolol,Ziprasidone,0
Rifaximin,Lovastatin,0
Rifampicin,Pregabalin,0
Sulfadiazine,Cobicistat,0
Fluoxetine,Darunavir,0
Testosterone,Doxycycline,0
Theophylline,Lumacaftor,0
Amoxapine,Diphenhydramine,0
Pirlindole,Nitrendipine,0
Lorcaserin,Promazine,0
Losartan,Saquinavir,0
Modafinil,Doxycycline,0
Bupropion,Clotrimazole,0
Caffeine,Methotrimeprazine,0
Arformoterol,Betaxolol,0
Lidocaine,Idelalisib,0
Thiamylal,Desipramine,0
Alfuzosin,Ritonavir,0
Phenprocoumon,Isradipine,0
Methadone,Citalopram,0
Rifabutin,Mifepristone,0
Benzphetamine,Alprenolol,1
Sulfadiazine,Fusidic acid,0
Deferasirox,Nateglinide,0
Simvastatin,Quinidine,0
Captopril,Bepridil,0
Quinine,Lithium cation,1
Minaprine,Phenoxybenzamine,0
Pazopanib,Fosamprenavir,0
Nicardipine,Aprepitant,0
Minaprine,Pargyline,0
Rifabutin,Naloxegol,0
Loratadine,Celecoxib,0
Loratadine,Cholecalciferol,0
Clobazam,Sodium oxybate,1
Lidocaine,Ritonavir,0
Buprenorphine,Imatinib,0
Meloxicam,Olaparib,0
Timolol,Mycophenolate mofetil,0
Anagrelide,Haloperidol,1
Phenindione,Celecoxib,1
Toremifene,Luliconazole,0
Antipyrine,Cimetidine,0
Theophylline,Thioridazine,0
Cyclobenzaprine,Theophylline,0
Pimozide,Imipramine,1
Estrone,Clarithromycin,0
Hydrochlorothiazide,Levomilnacipran,0
Prochlorperazine,Clobazam,0
Mianserin,Cyclosporine,0
Pantoprazole,Tranylcypromine,0
Pitavastatin,Quinidine,0
Rifampicin,Quinine,0
Pindolol,Clozapine,0
Saxagliptin,Nelfinavir,0
Glipizide,Sotalol,1
Theophylline,Telithromycin,0
Fluoxetine,Mefloquine,1
Clomipramine,Argatroban,0
Tapentadol,Sildenafil,0
Nicotine,Terbinafine,0
Asenapine,Mefloquine,1
Prucalopride,Rifampicin,0
Metoprolol,Cobicistat,0
Doxazosin,Macitentan,0
Estrone,Gemfibrozil,0
Ciprofloxacin,Sulfamethoxazole,1
Ethanol,Droperidol,1
Theophylline,Diltiazem,0
Parecoxib,Gemfibrozil,0
Prochlorperazine,Nicardipine,0
Rifapentine,Itraconazole,0
Rucaparib,Azithromycin,0
Nevirapine,Pazopanib,0
Mexiletine,Lumefantrine,0
Chlorthalidone,Yohimbine,0
Mitotane,Lumefantrine,0
Conivaptan,Selexipag,0
Ethinylestradiol,Amiodarone,0
Caffeine,Mexiletine,0
Alfuzosin,Penbutolol,0
Canagliflozin,Ticlopidine,0
Lumacaftor,Iloperidone,0
Metoprolol,Acebutolol,0
Escitalopram,Telithromycin,0
Carbamazepine,Sildenafil,0
Selexipag,Epoprostenol,1
Moexipril,Selexipag,0
Granisetron,Lapatinib,1
Rifabutin,Osimertinib,0
Mycophenolate mofetil,Crizotinib,0
Nefazodone,Furazolidone,1
Imipramine,Pargyline,1
Ledipasvir,Diltiazem,0
Tipranavir,Gemfibrozil,0
Chlorothiazide,Nilvadipine,0
Enzalutamide,Celecoxib,0
Warfarin,Mesalazine,1
Thioridazine,Fingolimod,1
Nadolol,Balsalazide,0
Diphenhydramine,Zafirlukast,0
Lumefantrine,Imatinib,0
Eliglustat,Doxepin,1
Ticagrelor,Olaparib,0
Thiopental,Nebivolol,0
Rucaparib,Acetyldigitoxin,0
Ixazomib,Rabeprazole,0
Nilvadipine,Nelfinavir,0
Dorzolamide,Telithromycin,0
Caffeine,Saquinavir,0
Bisoprolol,Tamsulosin,0
Conivaptan,Rosuvastatin,0
Bupropion,Ziprasidone,0
Iloperidone,Rolapitant,0
Rasagiline,Enalaprilat,0
Celiprolol,Azelastine,0
Felodipine,Metyrosine,0
Theophylline,Panobinostat,0
Aminophylline,Atomoxetine,0
Rasagiline,Irbesartan,0
Apixaban,Tranylcypromine,0
Atazanavir,Aprepitant,0
Thioridazine,Betaxolol,0
Mirtazapine,Desipramine,1
Domperidone,Rabeprazole,0
Nebivolol,Isoniazid,0
Rabeprazole,Amiodarone,0
Desvenlafaxine,Mifepristone,0
Formoterol,Bromocriptine,0
Primidone,Tramadol,0
Pimozide,Sildenafil,0
Oxprenolol,Fingolimod,1
Zileuton,Aprepitant,0
Ibrutinib,Tranylcypromine,0
Hexobarbital,Phenprocoumon,0
Fosphenytoin,Fesoterodine,0
Cyclobenzaprine,Verapamil,0
Polythiazide,Nilvadipine,0
Tolterodine,Sulfisoxazole,0
Ledipasvir,Rucaparib,0
Pregabalin,Pimozide,0
Prucalopride,Doxazosin,0
Fluvastatin,Posaconazole,0
Tizanidine,Rucaparib,0
Chlorpropamide,Voriconazole,0
Mexiletine,Ketoconazole,0
Dofetilide,Zuclopenthixol,1
Primaquine,Clemastine,0
Phenprocoumon,Clarithromycin,0
Glimepiride,Efavirenz,0
Pioglitazone,Ranolazine,0
Methylphenobarbital,Doxorubicin,0
Primaquine,Ziprasidone,0
Prucalopride,Doxepin,0
Conivaptan,Guanfacine,0
Esmolol,Tamsulosin,0
Thalidomide,Theophylline,0
Carvedilol,Doxycycline,0
Gemfibrozil,Saxagliptin,0
Perampanel,Ranolazine,0
Terbinafine,Stiripentol,0
Naloxegol,Pravastatin,0
Desipramine,Nabilone,1
Glipizide,Pregabalin,1
Eliglustat,Rilpivirine,1
Azelastine,Doxycycline,0
Propranolol,Nilotinib,0
Pseudoephedrine,Phenelzine,0
Mefloquine,Fosamprenavir,0
Sitagliptin,Paroxetine,1
Gemifloxacin,Sevoflurane,1
Aliskiren,Fusidic acid,0
Omeprazole,Ticagrelor,0
Methylphenidate,Isoniazid,0
Edoxaban,Desipramine,0
Minaprine,Valsartan,0
Sotalol,Crizotinib,1
Ritonavir,Sorafenib,0
Boceprevir,Posaconazole,0
Artemether,Tolbutamide,0
Indomethacin,Irbesartan,0
Pantoprazole,Riociguat,0
Warfarin,Indomethacin,1
Edoxaban,Vemurafenib,0
Hydrocodone,Netupitant,0
Estrone,Itraconazole,0
Rotigotine,Darunavir,0
Orphenadrine,Lovastatin,0
Modafinil,Voriconazole,0
Simvastatin,Rosiglitazone,0
Topotecan,Amprenavir,0
Captopril,Nilotinib,0
Topotecan,Dronedarone,0
Nadolol,Silodosin,0
Citalopram,Erythromycin,0
Riociguat,Ximelagatran,0
Olanzapine,Zucapsaicin,0
Rivaroxaban,Sulfisoxazole,0
Rifampicin,Rilpivirine,0
Enalapril,Lopinavir,0
Rifampicin,Dolasetron,0
Sulfamethoxazole,Minaprine,1
Tranylcypromine,Nilvadipine,0
Dolasetron,Cyclosporine,0
Argatroban,Celecoxib,1
Argatroban,Darunavir,0
Chloroquine,Dabigatran etexilate,0
Phenobarbital,Ixazomib,0
Lovastatin,Cyclosporine,0
Acenocoumarol,Sevoflurane,1
Domperidone,Abiraterone,0
Celiprolol,Osimertinib,0
Doxorubicin,Rucaparib,0
Nilvadipine,Fusidic acid,0
Nicotine,Darifenacin,0
Nevirapine,Esomeprazole,0
Furosemide,Lithium cation,0
Cabergoline,Posaconazole,0
Afatinib,Chlorpromazine,0
Phenytoin,Bupropion,0
Brimonidine,Yohimbine,0
Escitalopram,Manidipine,0
Ibrutinib,Thiopental,0
Felodipine,Fusidic acid,0
Pioglitazone,Dasatinib,0
Modafinil,Itraconazole,0
Bosentan,Phenytoin,0
Clonidine,Nabilone,1
Bosutinib,Lercanidipine,0
Quinine,Mesalazine,1
Verapamil,Dosulepin,0
Haloperidol,Dronabinol,1
Pseudoephedrine,Methotrimeprazine,0
Lumacaftor,Atomoxetine,0
Phenindione,Desipramine,1
Conivaptan,Ambrisentan,0
Nateglinide,Furazolidone,1
Rivaroxaban,Isavuconazonium,0
Dabrafenib,Boceprevir,0
Escitalopram,Crizotinib,0
Primidone,Isavuconazonium,0
Saquinavir,Haloperidol,1
Pazopanib,Promazine,1
Dabrafenib,Conivaptan,0
Amiodarone,Esmolol,1
Bopindolol,Lumiracoxib,0
Pseudoephedrine,Dronedarone,0
Rifampicin,Zileuton,0
Rifaximin,Boceprevir,0
Metamfetamine,Venlafaxine,0
Digitoxin,Netupitant,0
Sorafenib,Osimertinib,0
Azithromycin,Tolterodine,1
Zuclopenthixol,Nortriptyline,1
Ropinirole,Atazanavir,0
Tibolone,Macitentan,0
Vemurafenib,Indapamide,0
Cabergoline,Carteolol,0
Perphenazine,Idelalisib,0
Trimipramine,Mirabegron,0
Haloperidol,Fusidic acid,0
Glyburide,Ceritinib,0
Alogliptin,Cinacalcet,0
Azithromycin,Sunitinib,1
Saquinavir,Atomoxetine,1
Indapamide,Cobicistat,0
Testosterone,Saquinavir,0
Deferasirox,Glipizide,0
Zolpidem,Bupropion,0
Atomoxetine,Tramadol,0
Epinastine,Rolapitant,0
Leflunomide,Theophylline,0
Enzalutamide,Ethanol,0
Acetylsalicylic acid,Desvenlafaxine,0
Sulfisoxazole,Erythromycin,1
Cyproterone acetate,Fluorouracil,0
Tofacitinib,Pantoprazole,0
Saquinavir,Epinastine,0
Esomeprazole,Nefazodone,0
Carbamazepine,Cobicistat,0
Ciprofloxacin,Atazanavir,1
Oxprenolol,Tibolone,0
Paliperidone,Acebutolol,1
Fesoterodine,Vemurafenib,0
Quinine,Metolazone,0
Hydrocodone,Atomoxetine,0
Primidone,Desvenlafaxine,0
Propofol,Mifepristone,0
Macitentan,Telithromycin,0
Dasatinib,Vemurafenib,0
Imipramine,Ximelagatran,0
Cisapride,Trimethoprim,1
Pioglitazone,Tamoxifen,0
Timolol,Methylphenidate,0
Selegiline,Isoniazid,0
Mexiletine,Lopinavir,0
Alogliptin,Metoprolol,0
Bupranolol,Methylphenidate,0
Apixaban,Ranolazine,0
Dofetilide,Fluoxetine,1
Sulfadiazine,Erythromycin,0
Dronabinol,Celiprolol,0
Indomethacin,Levofloxacin,0
Propofol,Fosamprenavir,0
Pioglitazone,Pregabalin,1
Pravastatin,Nilvadipine,0
Brimonidine,Bisoprolol,0
Thioridazine,Metyrosine,0
Chloroquine,Galantamine,1
Cyproterone acetate,Lumiracoxib,0
Afatinib,Dihydroergotamine,0
Methohexital,Amitriptyline,0
Methadone,Felodipine,0
Phenobarbital,Isoniazid,0
Teriflunomide,Doxepin,0
Rilpivirine,Sertraline,0
Nortriptyline,Idelalisib,0
Loratadine,Fesoterodine,0
Rifampicin,Cobicistat,0
Phenytoin,Simeprevir,0
Bosutinib,Zucapsaicin,0
Pseudoephedrine,Doxepin,0
Orphenadrine,Methadone,1
Valsartan,Voriconazole,0
Vardenafil,Bendroflumethiazide,0
Ivacaftor,Atomoxetine,0
Aprepitant,Leflunomide,0
Formoterol,Tipranavir,0
Zolpidem,Asenapine,1
Phenobarbital,Valproic acid,0
Prochlorperazine,Ranolazine,0
Carvedilol,Indomethacin,0
Amitriptyline,Cyclosporine,0
Clomipramine,Clobazam,0
Celecoxib,Duloxetine,0
Fosphenytoin,Amprenavir,0
Escitalopram,Lapatinib,1
Glyburide,Fluconazole,0
Alogliptin,Darunavir,0
Levomilnacipran,Clonidine,0
Carteolol,Quinidine,0
Celiprolol,Venlafaxine,0
Ropinirole,Dihydroergotamine,0
Tolterodine,Sulfamethoxazole,0
Etoricoxib,Iloprost,0
Lovastatin,Quinine,0
Topotecan,Pantoprazole,0
Methadone,Escitalopram,0
Promazine,Manidipine,0
Diclofenac,Crizotinib,0
Glipizide,Clotrimazole,0
Etoricoxib,Artemether,0
Haloperidol,Atazanavir,0
Furosemide,Glipizide,0
Promazine,Cyclosporine,0
Colchicine,Trimethoprim,0
Dolasetron,Erythromycin,1
Metoprolol,Manidipine,0
Abiraterone,Cyclosporine,0
Pirlindole,Metyrosine,0
Zolpidem,Sildenafil,0
Carvedilol,Tibolone,0
Fluvastatin,Dronedarone,0
Olopatadine,Ropinirole,0
Levomilnacipran,Haloperidol,0
Efavirenz,Nilotinib,0
Indomethacin,Indinavir,0
Rifapentine,Canagliflozin,0
Pregabalin,Promethazine,0
Nortriptyline,Duloxetine,1
Levofloxacin,Paroxetine,1
Edoxaban,Amprenavir,0
Dextroamphetamine,Lithium cation,0
Minaprine,Aliskiren,0
Fosphenytoin,Etoricoxib,0
Felodipine,Nelfinavir,0
Guanfacine,Isavuconazonium,0
Iloperidone,Olaparib,0
Zafirlukast,Rabeprazole,0
Lorcaserin,Tipranavir,0
Testosterone,Ticagrelor,0
Amprenavir,Irbesartan,0
Aripiprazole,Isradipine,0
Glipizide,Tranylcypromine,1
Escitalopram,Primaquine,1
Clemastine,Minocycline,1
Ethinylestradiol,Itraconazole,0
Toremifene,Azithromycin,0
Promazine,Ticagrelor,0
Dorzolamide,Indinavir,0
Phenobarbital,Trimethoprim,0
Bromocriptine,Alogliptin,0
Argatroban,Etravirine,0
Tamoxifen,Vemurafenib,0
Selexipag,Sevoflurane,1
Doxepin,Droperidol,1
Fluvastatin,Artemether,0
Testosterone,Omeprazole,0
Sulfamethoxazole,Nateglinide,1
Dofetilide,Chlorpromazine,1
Torasemide,Cholecalciferol,0
Rifapentine,Rolapitant,0
Disopyramide,Lopinavir,0
Rifampicin,Mifepristone,0
Hydrocodone,Olanzapine,1
Pravastatin,Telithromycin,0
Cyclophosphamide,Cobicistat,0
Ethinylestradiol,Diltiazem,0
Ziprasidone,Posaconazole,0
Bosutinib,Atomoxetine,0
Mycophenolate mofetil,Crisaborole,0
Etoricoxib,Trichlormethiazide,0
Clomipramine,Fusidic acid,0
Nortriptyline,Abiraterone,0
Lumacaftor,Nitrendipine,0
Buprenorphine,Irbesartan,0
Lumiracoxib,Bortezomib,0
Pentobarbital,Selexipag,0
Cilostazol,Sertraline,0
Nitrendipine,Tibolone,0
Erythromycin,Osimertinib,0
Etravirine,Netupitant,0
Amoxapine,Manidipine,0
Dicoumarol,Doxepin,1
Dabrafenib,Diphenhydramine,0
Cyproterone acetate,Terbinafine,0
Chlorpropamide,Ketoconazole,0
Metipranolol,Polythiazide,0
Daunorubicin,Posaconazole,0
Esmolol,Levomilnacipran,0
Digoxin,Indomethacin,0
Lorcaserin,Caffeine,0
Cyclobenzaprine,Celecoxib,0
Lidocaine,Luliconazole,0
Amobarbital,Dosulepin,0
Rifampicin,Leflunomide,0
Desvenlafaxine,Doxycycline,0
Cilostazol,Progesterone,0
Losartan,Simeprevir,0
Rosiglitazone,Tamoxifen,0
Iloperidone,Lapatinib,1
Cinacalcet,Midostaurin,0
Methohexital,Brimonidine,1
Propranolol,Atomoxetine,0
Rifapentine,Dronedarone,0
Rifapentine,Mestranol,0
Quazepam,Etravirine,0
Alfuzosin,Bendroflumethiazide,0
Azelastine,Clotrimazole,0
Phenobarbital,Clobazam,0
Citalopram,Osimertinib,0
Thiamylal,Sulfisoxazole,0
Cabergoline,Cyclosporine,0
Trimipramine,Ropinirole,0
Balsalazide,Quinethazone,0
Metoprolol,Loratadine,0
Pravastatin,Aprepitant,0
Sertraline,Darifenacin,0
Cyclophosphamide,Toremifene,1
Tapentadol,Artemether,0
Rotigotine,Verapamil,0
Telithromycin,Palbociclib,0
Imipramine,Isavuconazonium,0
Diltiazem,Abiraterone,0
Nevirapine,Galantamine,0
Rucaparib,Paroxetine,0
Artemether,Valproic acid,0
Ondansetron,Netupitant,0
Zileuton,Trichlormethiazide,0
Saquinavir,Paroxetine,0
Olopatadine,Droperidol,1
Amoxapine,Moexipril,0
Phenobarbital,Minocycline,1
Estradiol,Amiodarone,0
Cobicistat,Dabigatran etexilate,0
Vincristine,Buspirone,0
Nefazodone,Ticagrelor,0
Silodosin,Ciprofloxacin,0
Pazopanib,Lithium cation,1
Losartan,Ticlopidine,0
Pentamidine,Fluvoxamine,0
Ixazomib,Ketoconazole,0
Cisapride,Palbociclib,0
Benzphetamine,Stiripentol,0
Lidocaine,Dabigatran etexilate,0
Zileuton,Levofloxacin,0
Ticagrelor,Sevoflurane,1
Metolazone,Sitagliptin,0
Macitentan,Citalopram,0
Cholecalciferol,Amiodarone,0
Fluoxetine,Sorafenib,1
Pitavastatin,Ranolazine,0
Bisoprolol,Bupropion,0
Ledipasvir,Propranolol,0
Testosterone,Ivacaftor,0
Ceritinib,Saquinavir,0
Benzphetamine,Desvenlafaxine,0
Conivaptan,Prochlorperazine,0
Etravirine,Venlafaxine,0
Brimonidine,Ergotamine,0
Minaprine,Bupropion,0
Ximelagatran,Balsalazide,1
Digoxin,Moexipril,0
Clopidogrel,Doxycycline,0
Ambrisentan,Abiraterone,0
Lumefantrine,Clemastine,0
Quinine,Mifepristone,0
Olopatadine,Rotigotine,0
Secobarbital,Rosiglitazone,0
Promazine,Zucapsaicin,0
Dronedarone,Luliconazole,0
Suvorexant,Phenobarbital,1
Methylene blue,Levomilnacipran,1
Nevirapine,Quazepam,0
Olaparib,Dihydroergotamine,0
Ubidecarenone,Tramadol,0
Ergotamine,Cobicistat,0
Dabrafenib,Panobinostat,0
Teriflunomide,Progesterone,0
Amprenavir,Luliconazole,0
Propranolol,Fosamprenavir,0
Phenobarbital,Esomeprazole,0
Rifampicin,Bromocriptine,0
Pargyline,Propranolol,0
Thiopental,Bisoprolol,0
Ethanol,Saquinavir,0
Ergotamine,Carteolol,1
Pregabalin,Cyclobenzaprine,0
Amoxapine,Boceprevir,0
Iloperidone,Manidipine,0
Rifampicin,Ethanol,0
Dolasetron,Moexipril,1
Acebutolol,Levodopa,0
Hexobarbital,Moexipril,0
Lumefantrine,Panobinostat,1
Olopatadine,Doxycycline,0
Quinidine,Mianserin,0
Clonidine,Amitriptyline,0
Ranolazine,Canagliflozin,0
Antipyrine,Voriconazole,0
Labetalol,Venlafaxine,0
Hydrocodone,Imatinib,0
Efavirenz,Droperidol,1
Ubidecarenone,Repaglinide,0
Dabrafenib,Cabergoline,0
Desvenlafaxine,Granisetron,1
Methadone,Sorafenib,1
Argatroban,Mestranol,0
Dofetilide,Moexipril,1
Epoprostenol,Dasatinib,1
Phenelzine,Torasemide,0
Abiraterone,Erythromycin,0
Nateglinide,Ketoconazole,0
Arformoterol,Bromocriptine,0
Promazine,Acebutolol,0
Vemurafenib,Tipranavir,0
Tolvaptan,Ivacaftor,0
Daunorubicin,Fosamprenavir,0
Epoprostenol,Fluvastatin,0
Alogliptin,Atomoxetine,0
Rosiglitazone,Rucaparib,0
Conivaptan,Rifampicin,0
Gemifloxacin,Digitoxin,0
Doxazosin,Ticlopidine,0
Toremifene,Propofol,1
Nortriptyline,Lobeglitazone,0
Citalopram,Promethazine,1
Ubidecarenone,Tranylcypromine,0
Terbinafine,Cobicistat,0
Dicoumarol,Testosterone,1
Pantoprazole,Midostaurin,0
Levodopa,Tipranavir,0
Warfarin,Cholecalciferol,0
Phenprocoumon,Bortezomib,0
Dasatinib,Indinavir,0
Ouabain,Propafenone,0
Paroxetine,Pirlindole,1
Zolpidem,Ranolazine,0
Chlorpromazine,Citalopram,0
Cisapride,Lobeglitazone,0
Paraldehyde,Risperidone,1
Mycophenolate mofetil,Boceprevir,0
Suvorexant,Iloperidone,1
Seratrodast,Amiodarone,0
Tofacitinib,Fosamprenavir,0
Clopidogrel,Simeprevir,0
Estradiol,Theophylline,0
Oxprenolol,Aminophylline,0
Quinidine,Isavuconazonium,0
Celiprolol,Atomoxetine,0
Aripiprazole,Lercanidipine,0
Methylphenobarbital,Carteolol,0
Edoxaban,Haloperidol,0
Duloxetine,Ranolazine,0
Olanzapine,Ketoconazole,0
Nicotine,Bortezomib,0
Fosphenytoin,Lumefantrine,0
Aminophylline,Ceritinib,0
Parecoxib,Voriconazole,0
Propofol,Topiroxostat,0
Topotecan,Vincristine,0
Apixaban,Dasatinib,1
Anagrelide,Zuclopenthixol,1
Epinastine,Betaxolol,0
Darifenacin,Tranylcypromine,0
Quinine,Desipramine,1
Verapamil,Sitagliptin,0
Pentobarbital,Phenindione,0
Quinine,Doxycycline,0
Toremifene,Acetyldigitoxin,0
Deferasirox,Rifabutin,0
Ibrutinib,Imatinib,0
Carteolol,Mesalazine,0
Bromocriptine,Lovastatin,0
Droperidol,Indapamide,1
Rifabutin,Disopyramide,0
Glimepiride,Carvedilol,1
Pazopanib,Bupropion,0
Quetiapine,Dihydroergotamine,0
Dicoumarol,Ticagrelor,0
Antipyrine,Epoprostenol,0
Azelastine,Hydrochlorothiazide,0
Lopinavir,Warfarin,0
Chloroquine,Amitriptyline,1
Repaglinide,Salicylic acid,1
Anagrelide,Fluconazole,1
Cyclophosphamide,Osimertinib,1
Phenobarbital,Metoprolol,0
Trimipramine,Isradipine,0
Atomoxetine,Cocaine,0
Cisapride,Arformoterol,1
Chlorpromazine,Cinacalcet,0
Guanfacine,Posaconazole,0
Pindolol,Sertraline,0
Amphetamine,Diltiazem,0
Theophylline,Paroxetine,0
Trimipramine,Luliconazole,0
Paliperidone,Saquinavir,1
Hydroflumethiazide,Citalopram,0
Anagrelide,Lopinavir,1
Granisetron,Olanzapine,1
Dofetilide,Desipramine,1
Diltiazem,Diphenhydramine,0
Isradipine,Aprepitant,0
Argatroban,Nilotinib,0
Amprenavir,Quinidine,0
Celiprolol,Aprepitant,0
Bepridil,Aliskiren,0
Glyburide,Amiodarone,0
Penbutolol,Manidipine,0
Daunorubicin,Bupropion,0
Primidone,Sotalol,0
Vincristine,Aprepitant,0
Venlafaxine,Telaprevir,0
Primidone,Alprenolol,0
Tolterodine,Ceritinib,0
Clobazam,Etravirine,0
Metipranolol,Levodopa,0
Cyclophosphamide,Isoniazid,0
Atenolol,Venlafaxine,0
Ceritinib,Norfloxacin,1
Pazopanib,Olaparib,0
Nicardipine,Saxagliptin,0
Trichlormethiazide,Canagliflozin,0
Glimepiride,Mifepristone,0
Propranolol,Mesalazine,0
Clonidine,Citalopram,0
Benzphetamine,Cyclosporine,0
Guanfacine,Magnesium sulfate,1
Primaquine,Methadone,1
Phenprocoumon,Toremifene,1
Simvastatin,Rivaroxaban,0
Phenytoin,Epinastine,0
Antipyrine,Palbociclib,0
Deferasirox,Lidocaine,0
Torasemide,Manidipine,0
Ritonavir,Atazanavir,0
Tolterodine,Lopinavir,0
Venlafaxine,Brimonidine,0
Naloxegol,Indomethacin,0
Primaquine,Amoxapine,1
Netupitant,Lobeglitazone,0
Everolimus,Clarithromycin,0
Conivaptan,Azithromycin,0
Rotigotine,Atazanavir,0
Dolasetron,Clotrimazole,0
Bosutinib,Chlorpromazine,0
Acemetacin,Timolol,0
Moclobemide,Ondansetron,1
Bosentan,Fosaprepitant,0
Cisapride,Eliglustat,1
Thioridazine,Sodium oxybate,1
Amitriptyline,Ticagrelor,0
Promazine,Diphenhydramine,1
Phenobarbital,Pimozide,0
Sulfamethoxazole,Ketoconazole,0
Bopindolol,Digitoxin,1
Ethanol,Darunavir,0
Pseudoephedrine,Esmolol,1
Dabrafenib,Zolpidem,0
Diphenhydramine,Bupropion,0
Repaglinide,Disopyramide,1
Mexiletine,Atomoxetine,0
Alprenolol,Quinidine,0
Ticagrelor,Nilotinib,0
Rifabutin,Primaquine,0
Nilotinib,Lovastatin,0
Pentobarbital,Propranolol,0
Dolasetron,Galantamine,1
Efavirenz,Darunavir,0
Salicylic acid,Valsartan,0
Disopyramide,Ondansetron,1
Disopyramide,Telithromycin,1
Gemfibrozil,Ceritinib,0
Eliglustat,Nortriptyline,1
Epoprostenol,Polythiazide,0
Dabrafenib,Nortriptyline,0
Cyclosporine,Atazanavir,0
Labetalol,Teriflunomide,0
Dabrafenib,Topiroxostat,0
Rifabutin,Parecoxib,0
Mycophenolate mofetil,Clemastine,0
Asenapine,Indapamide,1
Amprenavir,Clarithromycin,0
Galantamine,Boceprevir,0
Etoricoxib,Atomoxetine,0
Mirtazapine,Manidipine,0
Netupitant,Mifepristone,0
Tolvaptan,Quinine,0
Toremifene,Methotrimeprazine,1
Theophylline,Quinine,0
Carbamazepine,Warfarin,0
Dabrafenib,Telithromycin,0
Argatroban,Antipyrine,1
Aripiprazole,Tamsulosin,0
Amitriptyline,Trimethoprim,0
Pantoprazole,Clemastine,0
Saquinavir,Arformoterol,1
Etravirine,Tolbutamide,0
Pioglitazone,Escitalopram,1
Valproic acid,Manidipine,0
Propofol,Cimetidine,0
Daunorubicin,Ibuprofen,0
Penbutolol,Meloxicam,0
Celiprolol,Acetylsalicylic acid,0
Rifapentine,Tipranavir,0
Paliperidone,Ritonavir,1
Doxylamine,Rasagiline,0
Orphenadrine,Palbociclib,0
Dabrafenib,Thiamylal,0
Aminophylline,Telaprevir,0
Suvorexant,Clozapine,1
Metoprolol,Clozapine,0
Mestranol,Leflunomide,0
Chloroquine,Felodipine,0
Sildenafil,Ritonavir,0
Phenytoin,Brimonidine,1
Minaprine,Imipramine,0
Pantoprazole,Vemurafenib,0
Primidone,Mestranol,0
Mirtazapine,Ticlopidine,0
Nevirapine,Methylphenobarbital,0
Progesterone,Isradipine,0
Nilotinib,Dihydroergotamine,0
Sildenafil,Alprenolol,0
Amoxapine,Nafamostat,0
Gemfibrozil,Clarithromycin,0
Trimethoprim,Teriflunomide,0
Thalidomide,Amitriptyline,1
Nelfinavir,Ledipasvir,0
Nevirapine,Luliconazole,0
Cocaine,Cobicistat,0
Carteolol,Imipramine,0
Sotalol,Iloperidone,1
Nicorandil,Nicardipine,0
Canagliflozin,Minaprine,1
Haloperidol,Cinacalcet,0
Bisoprolol,Nilotinib,0
Sulfadiazine,Efavirenz,0
Ledipasvir,Mefloquine,0
Mianserin,Ivacaftor,0
Tranylcypromine,Moexipril,0
Canagliflozin,Toloxatone,1
Citalopram,Fusidic acid,0
Ondansetron,Zucapsaicin,0
Ziprasidone,Droperidol,1
Ibuprofen,Chlorothiazide,0
Artemether,Lopinavir,0
Dabigatran etexilate,Balsalazide,1
Azelastine,Sulfadiazine,0
Caffeine,Chloroquine,0
Dabrafenib,Nateglinide,0
Azelastine,Lapatinib,0
Rifapentine,Ixazomib,0
Glyburide,Balsalazide,1
Rifaximin,Ticagrelor,0
Propranolol,Vemurafenib,0
Fluvoxamine,Tramadol,0
Pregabalin,Tranylcypromine,0
Sulfisoxazole,Furazolidone,1
Amoxapine,Nicorandil,0
Mexiletine,Panobinostat,0
Pazopanib,Clozapine,1
Telithromycin,Treprostinil,1
Escitalopram,Tizanidine,1
Cyclobenzaprine,Dronedarone,0
Desvenlafaxine,Stiripentol,0
Haloperidol,Fluorouracil,0
Ibrutinib,Quinine,0
Mestranol,Pioglitazone,0
Imipramine,Ixazomib,0
Rifaximin,Lercanidipine,0
Telithromycin,Haloperidol,1
Orphenadrine,Nabilone,1
Erythromycin,Fluconazole,1
Clonidine,Nefazodone,0
Dabigatran etexilate,Quinidine,0
Dicoumarol,Etravirine,0
Macitentan,Sertraline,0
Warfarin,Pravastatin,1
Rifabutin,Eliglustat,0
Pimozide,Norfloxacin,1
Acenocoumarol,Stiripentol,0
Ethanol,Hydrochlorothiazide,0
Diphenhydramine,Celecoxib,0
Indomethacin,Crisaborole,0
Enzalutamide,Mianserin,0
Risperidone,Fesoterodine,0
Caffeine,Ketoconazole,0
Telaprevir,Estradiol,0
Doxorubicin,Telithromycin,0
Dorzolamide,Delavirdine,0
Darunavir,Fluconazole,0
Promazine,Nadolol,0
Doxazosin,Diphenhydramine,0
Pioglitazone,Levomilnacipran,1
Progesterone,Duloxetine,0
Metamfetamine,Midostaurin,0
Vincristine,Azithromycin,0
Warfarin,Epoprostenol,1
Labetalol,Epinastine,0
Ropinirole,Clarithromycin,0
Phenobarbital,Ropinirole,0
Pentamidine,Lorcaserin,0
Hydrocodone,Benzphetamine,0
Conivaptan,Lapatinib,0
Mefloquine,Bupranolol,1
Minaprine,Clozapine,0
Domperidone,Tipranavir,0
Enzalutamide,Cyclophosphamide,0
Colchicine,Caffeine,0
Colchicine,Digoxin,0
Disopyramide,Tolterodine,1
Deferasirox,Propafenone,0
Mitotane,Caffeine,0
Panobinostat,Aprepitant,0
Domperidone,Paliperidone,1
Perampanel,Atazanavir,0
Irbesartan,Zafirlukast,0
Cyclophosphamide,Itraconazole,0
Tacrolimus,Diltiazem,0
Pravastatin,Simeprevir,0
Thioridazine,Magnesium sulfate,1
Rilpivirine,Doxycycline,0
Amprenavir,Dasatinib,0
Cyclophosphamide,Fingolimod,0
Theophylline,Imatinib,0
Hexobarbital,Timolol,0
Acemetacin,Hydroflumethiazide,0
Formoterol,Darifenacin,0
Methotrimeprazine,Paraldehyde,1
Selegiline,Labetalol,0
Trimipramine,Cholecalciferol,0
Prochlorperazine,Fosamprenavir,0
Fosamprenavir,Ticlopidine,0
Cilostazol,Venlafaxine,0
Cholecalciferol,Nefazodone,0
Omeprazole,Dihydroergotamine,0
Bisoprolol,Imatinib,0
Guanfacine,Zucapsaicin,0
Ergotamine,Aprepitant,0
Primidone,Cyclophosphamide,0
Tamoxifen,Saxagliptin,0
Afatinib,Lovastatin,0
Enalapril,Osimertinib,0
Dicoumarol,Dasatinib,1
Vincristine,Nitrendipine,0
Topotecan,Rabeprazole,0
Hexobarbital,Chlorthalidone,0
Pioglitazone,Paroxetine,1
Mexiletine,Nicardipine,0
Carvedilol,Diphenhydramine,0
Clonidine,Nelfinavir,0
Tapentadol,Fluorouracil,0
Buprenorphine,Thiamylal,1
Granisetron,Clomipramine,1
Methylphenobarbital,Imipramine,0
Daunorubicin,Nefazodone,0
Naloxegol,Lidocaine,0
Tacrolimus,Chlorpropamide,0
Etoricoxib,Rolapitant,0
Methylphenobarbital,Methyclothiazide,0
Ethanol,Atomoxetine,0
Tolterodine,Sildenafil,0
Tramadol,Osimertinib,0
Warfarin,Clopidogrel,1
Clopidogrel,Telithromycin,0
Amobarbital,Bisoprolol,0
Daunorubicin,Venlafaxine,0
Bisoprolol,Crizotinib,0
Mitotane,Diltiazem,0
Thiopental,Nicardipine,0
Desvenlafaxine,Dasatinib,0
Lovastatin,Idelalisib,0
Pimozide,Imatinib,0
Vemurafenib,Rilpivirine,0
Cyproterone acetate,Rifabutin,0
Fluvastatin,Sulfamethoxazole,0
Phenoxybenzamine,Nebivolol,0
Alprenolol,Propafenone,0
Methotrimeprazine,Aripiprazole,1
Phenytoin,Dorzolamide,0
Primidone,Risperidone,0
Ixazomib,Nilotinib,0
Mesalazine,Etacrynic acid,0
Phenobarbital,Gliclazide,0
Manidipine,Clarithromycin,0
Deferasirox,Benzphetamine,0
Mestranol,Ceritinib,0
Dabrafenib,Carvedilol,0
Bupranolol,Propafenone,0
Pentobarbital,Atazanavir,0
Tofacitinib,Sulfisoxazole,0
Nafamostat,Torasemide,0
Rifaximin,Nilvadipine,0
Rosiglitazone,Celecoxib,0
Lumacaftor,Isavuconazonium,0
Metipranolol,Propafenone,0
Pitavastatin,Amprenavir,0
Quazepam,Abiraterone,0
Epinastine,Ergotamine,0
Tapentadol,Dextroamphetamine,0
Glyburide,Tranylcypromine,1
Phenindione,Nefazodone,1
Ziprasidone,Promethazine,1
Erythromycin,Idelalisib,0
Mirtazapine,Sulfamethoxazole,0
Saxagliptin,Pirlindole,1
Sulfamethoxazole,Diltiazem,0
Estrone,Sulfadiazine,0
Zuclopenthixol,Bortezomib,0
Telaprevir,Fusidic acid,0
Nateglinide,Abiraterone,0
Thiopental,Captopril,0
Tacrolimus,Itraconazole,0
Rifabutin,Dicoumarol,0
Lithium cation,Desipramine,1
Lapatinib,Digitoxin,0
Amprenavir,Chlorpromazine,0
Toloxatone,Alprenolol,0
Cimetidine,Bupropion,0
Caffeine,Zucapsaicin,0
Rosuvastatin,Fosaprepitant,0
Idarubicin,Azelastine,0
Rifapentine,Telithromycin,0
Ranolazine,Carbamazepine,0
Alogliptin,Lopinavir,0
Palbociclib,Osimertinib,0
Fosamprenavir,Rifabutin,0
Losartan,Darunavir,0
Acenocoumarol,Ceritinib,0
Phenobarbital,Fluorouracil,0
Labetalol,Enalaprilat,0
Warfarin,Mestranol,0
Levofloxacin,Lapatinib,1
Indinavir,Fosaprepitant,0
Macitentan,Stiripentol,0
Desipramine,Theophylline,0
Thalidomide,Mexiletine,0
Venlafaxine,Pirlindole,1
Methohexital,Mestranol,0
Phenobarbital,Sorafenib,0
Dabrafenib,Aliskiren,0
Alfuzosin,Labetalol,0
Dabigatran etexilate,Teriflunomide,1
Dabrafenib,Cyclobenzaprine,0
Glyburide,Bortezomib,0
Quinine,Doxazosin,0
Dextroamphetamine,Iloperidone,0
Saxagliptin,Ticlopidine,0
Ximelagatran,Diclofenac,1
Chloroquine,Clobazam,0
Tranylcypromine,Acebutolol,0
Parecoxib,Chlorothiazide,0
Hexobarbital,Palbociclib,0
Asenapine,Metyrosine,0
Acenocoumarol,Fluvoxamine,0
Esomeprazole,Imatinib,0
Fosphenytoin,Sildenafil,0
Canagliflozin,Atazanavir,0
Tolvaptan,Sildenafil,0
Hydrocodone,Methotrimeprazine,1
Rasagiline,Betaxolol,0
Naloxegol,Dihydroergotamine,0
Tolazamide,Olsalazine,1
Canagliflozin,Methylene blue,1
Minaprine,Chlorothiazide,0
Penbutolol,Enalaprilat,0
Indomethacin,Ticagrelor,0
Bosentan,Quetiapine,0
Bopindolol,Olsalazine,0
Thalidomide,Thiopental,1
Atomoxetine,Manidipine,0
Losartan,Cyclosporine,0
Tacrolimus,Venlafaxine,0
Rifabutin,Saxagliptin,0
Estrone,Citalopram,0
Disopyramide,Alprenolol,1
Diphenhydramine,Ritonavir,0
Ranolazine,Pentamidine,0
Ximelagatran,Estradiol,0
Yohimbine,Pregabalin,0
Everolimus,Deslanoside,0
Testosterone,Amiodarone,0
Etravirine,Nicardipine,0
Ibrutinib,Nitrendipine,0
Carbamazepine,Nortriptyline,0
Rosiglitazone,Delavirdine,0
Bupropion,Boceprevir,0
Nefazodone,Iloperidone,0
Saxagliptin,Phenelzine,1
Repaglinide,Sertraline,1
Carvedilol,Caffeine,0
Etravirine,Mexiletine,0
Trimipramine,Nabilone,1
Paliperidone,Sulfisoxazole,1
Artemether,Celecoxib,0
Indapamide,Selexipag,0
Apixaban,Nelfinavir,0
Toloxatone,Guanfacine,0
Lidocaine,Doxycycline,0
Meloxicam,Lapatinib,0
Everolimus,Fingolimod,0
Delavirdine,Isradipine,0
Sulfamethoxazole,Selegiline,1
Imatinib,Cimetidine,0
Clobazam,Droperidol,1
Indomethacin,Chlorothiazide,0
Perphenazine,Atazanavir,0
Saxagliptin,Duloxetine,1
Paraldehyde,Methadone,1
Conivaptan,Nilotinib,0
Carvedilol,Clomipramine,0
Canagliflozin,Vemurafenib,0
Enzalutamide,Tofacitinib,0
Warfarin,Clotrimazole,0
Mianserin,Ranolazine,0
Treprostinil,Nicardipine,0
Carbamazepine,Phenytoin,0
Hydrocodone,Mifepristone,0
Clarithromycin,Netupitant,0
Dronedarone,Alprenolol,1
Nabilone,Minocycline,1
Cabergoline,Metoprolol,0
Anagrelide,Alfuzosin,1
Pantoprazole,Ticlopidine,0
Progesterone,Ivacaftor,0
Digoxin,Bisoprolol,1
Venlafaxine,Guanfacine,0
Guanfacine,Omeprazole,0
Lumacaftor,Ubidecarenone,0
Timolol,Midostaurin,0
Abiraterone,Fusidic acid,0
Iloperidone,Imipramine,1
Canagliflozin,Delavirdine,0
Selegiline,Isradipine,0
Sulfamethoxazole,Mesalazine,1
Quinine,Epoprostenol,0
Quazepam,Delavirdine,0
Rifabutin,Thiamylal,0
Fosphenytoin,Idarubicin,0
Celecoxib,Idelalisib,0
Amprenavir,Estradiol,0
Lapatinib,Digoxin,0
Primaquine,Risperidone,1
Phenelzine,Pargyline,0
Domperidone,Artemether,0
Tipranavir,Estradiol,0
Bisoprolol,Arformoterol,0
Mitotane,Toremifene,0
Mitotane,Fingolimod,0
Rilpivirine,Fluvastatin,0
Pentobarbital,Glyburide,0
Pazopanib,Mirabegron,1
Acebutolol,Enalaprilat,0
Theophylline,Rabeprazole,0
Fluoxetine,Hydroxyzine,1
Bupropion,Abiraterone,0
Oxprenolol,Duloxetine,0
Dronedarone,Vardenafil,1
Rivaroxaban,Tipranavir,1
Carbamazepine,Salicylic acid,0
Quetiapine,Repaglinide,0
Vemurafenib,Clarithromycin,0
Celiprolol,Enalaprilat,0
Boceprevir,Captopril,0
Estrone sulfate,Nefazodone,0
Gliclazide,Fluvastatin,0
Tamsulosin,Arformoterol,0
Isoniazid,Rifampicin,1
Cyclosporine,Seratrodast,1
Theophylline,Delavirdine,0
Ibuprofen,Lapatinib,0
Rosuvastatin,Simvastatin,0
Sildenafil,Osimertinib,0
Daunorubicin,Lopinavir,0
Progesterone,Paroxetine,0
Balsalazide,Gemifloxacin,0
Antipyrine,Tipranavir,0
Indomethacin,Dosulepin,0
Quinine,Indinavir,0
Antipyrine,Hydrochlorothiazide,0
Ximelagatran,Estrone,0
Hydroflumethiazide,Duloxetine,0
Lidocaine,Palbociclib,0
Metamfetamine,Lithium cation,0
Metamfetamine,Lumefantrine,0
Phenobarbital,Sotalol,0
Zileuton,Osimertinib,0
Naloxegol,Chlorpropamide,0
Lumiracoxib,Lidocaine,0
Moclobemide,Fluorouracil,0
Indapamide,Clemastine,0
Clomipramine,Magnesium sulfate,1
Vemurafenib,Aliskiren,0
Phenytoin,Ibrutinib,0
Alprenolol,Sertraline,0
Citalopram,Diphenhydramine,1
Metoprolol,Diclofenac,0
Clobazam,Ethinylestradiol,0
Nilvadipine,Cimetidine,0
Hexobarbital,Fluconazole,0
Primidone,Stiripentol,0
Cyclobenzaprine,Erythromycin,0
Sulfisoxazole,Ritonavir,1
Azithromycin,Simeprevir,0
Cyclophosphamide,Tibolone,1
Quinine,Pimozide,1
Amoxapine,Valproic acid,0
Diphenhydramine,Abiraterone,0
Sulfisoxazole,Nelfinavir,1
Diphenhydramine,Propafenone,0
Thioridazine,Moexipril,1
Tolazamide,Pentamidine,1
Guanfacine,Lopinavir,0
Daunorubicin,Zucapsaicin,0
Sitagliptin,Nilotinib,0
Trimipramine,Valproic acid,0
Thiopental,Doxylamine,1
Pazopanib,Nitrendipine,0
Idarubicin,Betaxolol,0
Pentamidine,Imipramine,1
Acemetacin,Pargyline,0
Omeprazole,Tranylcypromine,0
Bromocriptine,Palbociclib,0
Citalopram,Pimozide,1
Bosentan,Dasatinib,0
Toloxatone,Treprostinil,0
Promazine,Sorafenib,1
Zafirlukast,Aprepitant,0
Verapamil,Abiraterone,0
Clobazam,Modafinil,0
Moclobemide,Clozapine,0
Rilpivirine,Progesterone,0
Atenolol,Duloxetine,0
Bupropion,Cobicistat,0
Promazine,Moexipril,1
Phenobarbital,Lercanidipine,0
Tofacitinib,Clonidine,1
Ouabain,Amiodarone,0
Quinine,Delavirdine,0
Doxazosin,Isoniazid,0
Saxagliptin,Fluoxetine,1
Bortezomib,Osimertinib,0
Pregabalin,Promazine,0
Bortezomib,Vemurafenib,0
Duloxetine,Deferasirox,0
Chloroquine,Duloxetine,0
Saquinavir,Cimetidine,0
Imipramine,Ropinirole,0
Bisoprolol,Phenoxybenzamine,0
Progesterone,Fluvoxamine,0
Tranylcypromine,Magnesium sulfate,1
Hydrocodone,Conivaptan,0
Hydroflumethiazide,Epoprostenol,0
Tapentadol,Lovastatin,0
Etoricoxib,Rucaparib,0
Indapamide,Nelfinavir,0
Ethanol,Aprepitant,0
Azelastine,Quetiapine,1
Celecoxib,Clotrimazole,0
Pravastatin,Rolapitant,0
Estrone,Erythromycin,0
Disopyramide,Fluoxetine,1
Venlafaxine,Posaconazole,0
Pargyline,Nilvadipine,0
Phenoxybenzamine,Fluvoxamine,0
Azelastine,Tipranavir,0
Ketoconazole,Aprepitant,0
Labetalol,Desipramine,0
Nelfinavir,Clemastine,0
Quazepam,Nilotinib,0
Teriflunomide,Verapamil,0
Torasemide,Glipizide,0
Tolvaptan,Cyclosporine,0
Rabeprazole,Ziprasidone,0
Pitavastatin,Telaprevir,0
Tacrolimus,Indomethacin,1
Doxorubicin,Cyclophosphamide,0
Olanzapine,Bortezomib,0
Propranolol,Darunavir,0
Risperidone,Lovastatin,0
Prochlorperazine,Voriconazole,0
Prochlorperazine,Quinine,0
Tacrolimus,Fosaprepitant,0
Tofacitinib,Idelalisib,0
Moclobemide,Fluconazole,0
Conivaptan,Repaglinide,0
Suvorexant,Clonidine,1
Primidone,Fingolimod,0
Rotigotine,Simeprevir,0
Amphetamine,Nilvadipine,0
Lumacaftor,Nadolol,0
Propranolol,Lovastatin,0
Buprenorphine,Amoxapine,1
Parecoxib,Valsartan,0
Rasagiline,Lercanidipine,0
Imipramine,Rotigotine,0
Rilpivirine,Rucaparib,0
Amitriptyline,Alogliptin,0
Hydrochlorothiazide,Enalaprilat,0
Carteolol,Mirabegron,0
Dicoumarol,Propafenone,0
Cisapride,Topiroxostat,0
Alfuzosin,Ivacaftor,0
Hydrochlorothiazide,Repaglinide,0
Esomeprazole,Gemfibrozil,0
Mianserin,Fesoterodine,0
Ritonavir,Ropinirole,0
Droperidol,Fingolimod,1
Antipyrine,Olaparib,0
Carteolol,Tamsulosin,0
Clobazam,Idelalisib,0
Digitoxin,Dihydroergotamine,0
Buprenorphine,Clotrimazole,0
Bosentan,Delavirdine,0
Atenolol,Primaquine,0
Warfarin,Lobeglitazone,0
Ubidecarenone,Telithromycin,0
Etoricoxib,Topiroxostat,0
Tacrolimus,Fingolimod,0
Sunitinib,Sitagliptin,1
Haloperidol,Chlorpromazine,1
Nateglinide,Simeprevir,0
Fosphenytoin,Abiraterone,0
Hydrochlorothiazide,Chlorpropamide,0
Dicoumarol,Levofloxacin,1
Doxazosin,Panobinostat,0
Aprepitant,Mifepristone,0
Mirabegron,Isoniazid,0
Ethanol,Valproic acid,1
Buspirone,Chloroquine,0
Losartan,Duloxetine,0
Buprenorphine,Telithromycin,0
Mirtazapine,Olanzapine,1
Nilotinib,Sunitinib,1
Amiodarone,Dosulepin,0
Teriflunomide,Propofol,0
Irbesartan,Crisaborole,0
Saxagliptin,Norfloxacin,1
Enalapril,Ketoconazole,0
Pentobarbital,Mexiletine,0
Theophylline,Efavirenz,0
Saxagliptin,Voriconazole,0
Desvenlafaxine,Cobicistat,0
Fosphenytoin,Alfuzosin,0
Olopatadine,Metyrosine,0
Asenapine,Idelalisib,0
Epinastine,Lopinavir,0
Silodosin,Atenolol,0
Orphenadrine,Dihydroergotamine,0
Propranolol,Panobinostat,0
Bendroflumethiazide,Glimepiride,0
Ritonavir,Nelfinavir,0
Tacrolimus,Clarithromycin,0
Sildenafil,Indinavir,0
Pazopanib,Ceritinib,0
Treprostinil,Ceritinib,0
Olaparib,Delavirdine,0
Clonidine,Atomoxetine,0
Alfuzosin,Ceritinib,0
Amphetamine,Clozapine,0
Sevoflurane,Tapentadol,1
Deferasirox,Clomipramine,0
Ranolazine,Etravirine,0
Deferasirox,Doxorubicin,0
Midostaurin,Tramadol,0
Pindolol,Ziprasidone,0
Bromocriptine,Telithromycin,0
Gliclazide,Pirlindole,1
Doxepin,Cobicistat,0
Toremifene,Lobeglitazone,0
Benzphetamine,Toloxatone,0
Phenobarbital,Doxorubicin,0
Cisapride,Imipramine,1
Nebivolol,Fingolimod,1
Pitavastatin,Rolapitant,0
Bisoprolol,Thioridazine,0
Metoprolol,Antipyrine,0
Canagliflozin,Amphetamine,1
Seratrodast,Isradipine,0
Fluoxetine,Propafenone,1
Clobazam,Cholecalciferol,0
Galantamine,Darifenacin,0
Pirlindole,Tranylcypromine,0
Nicorandil,Manidipine,0
Fosphenytoin,Primidone,0
Trimipramine,Gemfibrozil,0
Pimozide,Tipranavir,0
Sulfisoxazole,Pirlindole,1
Rilpivirine,Saquinavir,0
Methohexital,Bortezomib,0
Zolpidem,Cyclosporine,0
Pseudoephedrine,Risperidone,0
Etoricoxib,Saquinavir,0
Azelastine,Hydroxyzine,1
Silodosin,Buspirone,0
Nevirapine,Alfuzosin,0
Alprenolol,Desipramine,0
Rotigotine,Stiripentol,0
Eliglustat,Stiripentol,0
Bepridil,Fluvoxamine,0
Bosentan,Amitriptyline,0
Gliclazide,Carvedilol,1
Bosentan,Dronedarone,0
Guanfacine,Ticagrelor,0
Ixazomib,Estradiol,0
Nilotinib,Vemurafenib,0
Saxagliptin,Cobicistat,0
Antipyrine,Polythiazide,0
Tapentadol,Crisaborole,0
Phenoxybenzamine,Enalaprilat,0
Dolasetron,Etravirine,0
Alprenolol,Selexipag,0
Pentobarbital,Ergotamine,0
Guanfacine,Treprostinil,0
Nadolol,Diclofenac,0
Penbutolol,Fingolimod,1
Carbamazepine,Darunavir,0
Asenapine,Chloroquine,1
Rosuvastatin,Progesterone,0
Rifabutin,Losartan,0
Thalidomide,Clozapine,1
Tibolone,Ouabain,0
Thioridazine,Cocaine,0
Clonidine,Oxprenolol,1
Alogliptin,Fusidic acid,0
Tacrolimus,Fluoxetine,0
Lidocaine,Sulfamethoxazole,0
Teriflunomide,Cinacalcet,0
Pirlindole,Phenelzine,0
Clomipramine,Fosamprenavir,0
Pentamidine,Mesalazine,1
Gemifloxacin,Deslanoside,0
Nilotinib,Amiodarone,0
Sitagliptin,Fluconazole,0
Teriflunomide,Terbinafine,0
Rasagiline,Chlorthalidone,0
Telithromycin,Norfloxacin,1
Quinidine,Dorzolamide,0
Artemether,Alfuzosin,1
Rucaparib,Cinacalcet,0
Terbinafine,Clotrimazole,0
Fluvastatin,Crisaborole,0
Ixazomib,Midostaurin,0
Diphenhydramine,Fluvoxamine,0
Amprenavir,Isradipine,0
Progesterone,Felodipine,0
Dorzolamide,Dosulepin,0
Acenocoumarol,Glimepiride,1
Quinethazone,Moexipril,0
Rivaroxaban,Venlafaxine,0
Mestranol,Ticagrelor,0
Cisapride,Felodipine,0
Colchicine,Glyburide,0
Netupitant,Dosulepin,0
Caffeine,Ticlopidine,0
Rifaximin,Salicylic acid,0
Promethazine,Doxylamine,1
Vardenafil,Atazanavir,0
Antipyrine,Ritonavir,0
Rifaximin,Dronabinol,0
Alogliptin,Valproic acid,0
Etravirine,Verapamil,0
Polythiazide,Pioglitazone,0
Azelastine,Ethanol,1
Methylene blue,Paroxetine,1
Alfuzosin,Manidipine,0
Doxorubicin,Vemurafenib,0
Estrone sulfate,Rosiglitazone,0
Amobarbital,Enalaprilat,0
Doxazosin,Nitrendipine,0
Nevirapine,Methadone,0
Yohimbine,Mirabegron,0
Phenindione,Amitriptyline,1
Rifampicin,Fosphenytoin,0
Timolol,Isoniazid,0
Glipizide,Verapamil,0
Carteolol,Dosulepin,0
Thioridazine,Artemether,0
Methohexital,Voriconazole,0
Ibuprofen,Lumacaftor,0
Chloroquine,Nelfinavir,0
Methylene blue,Hydrochlorothiazide,0
Rolapitant,Osimertinib,0
Nafamostat,Meloxicam,1
Carbamazepine,Propafenone,0
Lercanidipine,Hydroflumethiazide,0
Repaglinide,Moclobemide,1
Lumacaftor,Tofacitinib,0
Cisapride,Fluorouracil,0
Sildenafil,Fusidic acid,0
Mitotane,Esomeprazole,0
Quinidine,Tipranavir,0
Bromocriptine,Dronedarone,0
Acetylsalicylic acid,Nicardipine,0
Ixazomib,Thioridazine,0
Promazine,Theophylline,0
Phenobarbital,Aliskiren,0
Metamfetamine,Tipranavir,0
Azithromycin,Vardenafil,1
Olaparib,Telithromycin,0
Rifapentine,Dabrafenib,0
Trimethoprim,Artemether,1
Everolimus,Citalopram,0
Nafamostat,Parecoxib,1
Formoterol,Mifepristone,0
Amiodarone,Clopidogrel,0
Protriptyline,Abiraterone,0
Escitalopram,Doxycycline,0
Methylphenidate,Clobazam,0
Omeprazole,Isavuconazonium,0
Mianserin,Clonidine,0
Desvenlafaxine,Ceritinib,0
Methohexital,Nadolol,0
Amitriptyline,Clemastine,0
Phenytoin,Terbinafine,0
Thiamylal,Ropinirole,0
Dronabinol,Midostaurin,0
Bosentan,Bortezomib,0
Cocaine,Lopinavir,0
Cocaine,Doxylamine,1
Testosterone,Imatinib,0
Sulfadiazine,Stiripentol,0
Ubidecarenone,Posaconazole,0
Bosentan,Imipramine,0
Iloperidone,Celecoxib,0
Domperidone,Dasatinib,0
Crizotinib,Trimipramine,1
Citalopram,Nelfinavir,0
Ondansetron,Osimertinib,0
Artemether,Mirtazapine,1
Teriflunomide,Asenapine,0
Pentobarbital,Celiprolol,0
Cisapride,Imatinib,0
Imipramine,Tramadol,0
Toloxatone,Riociguat,0
Phenytoin,Lapatinib,0
Risperidone,Idelalisib,0
Nadolol,Indomethacin,0
Amitriptyline,Cocaine,0
Doxazosin,Tibolone,0
Trimipramine,Diltiazem,0
Ledipasvir,Chloroquine,0
Cocaine,Nilotinib,0
Thiopental,Carvedilol,0
Glipizide,Carvedilol,1
Amobarbital,Amitriptyline,0
Theophylline,Ticagrelor,0
Benzphetamine,Clopidogrel,0
Prochlorperazine,Cobicistat,0
Ritonavir,Bupropion,0
Tofacitinib,Ranolazine,0
Dronabinol,Zucapsaicin,0
Itraconazole,Aprepitant,0
Dabrafenib,Digoxin,0
Rifampicin,Crizotinib,0
Yohimbine,Palbociclib,0
Lorcaserin,Atazanavir,0
Celecoxib,Metolazone,0
Pentamidine,Sulfadiazine,1
Tamoxifen,Gemfibrozil,0
Rifaximin,Buspirone,0
Desipramine,Hydroxyzine,1
Pindolol,Stiripentol,0
Propofol,Nefazodone,0
Formoterol,Clobazam,0
Selegiline,Lumacaftor,0
Mianserin,Methotrimeprazine,0
Artemether,Lovastatin,0
Dabrafenib,Epoprostenol,0
Darifenacin,Nilotinib,0
Glipizide,Zafirlukast,0
Diclofenac,Norfloxacin,0
Parecoxib,Fluoxetine,0
Estrone sulfate,Abiraterone,0
Zolpidem,Buprenorphine,1
Posaconazole,Clotrimazole,0
Methadone,Propafenone,0
Artemether,Formoterol,1
Rifapentine,Phenytoin,0
Lercanidipine,Fosaprepitant,0
Warfarin,Crizotinib,0
Celiprolol,Doxazosin,0
Mitotane,Chloroquine,0
Bupropion,Atazanavir,0
Thalidomide,Rucaparib,0
Secobarbital,Canagliflozin,0
Pentobarbital,Abiraterone,0
Phenobarbital,Cimetidine,0
Disopyramide,Clemastine,0
Sildenafil,Fluconazole,0
Phenprocoumon,Cimetidine,1
Lorcaserin,Erythromycin,0
Labetalol,Nefazodone,0
Alprenolol,Eliglustat,0
Enalapril,Risperidone,0
Glipizide,Fluvastatin,0
Manidipine,Ambrisentan,0
Diltiazem,Bupranolol,0
Bisoprolol,Fluvoxamine,0
Iloperidone,Rosiglitazone,0
Estrone sulfate,Simeprevir,0
Saquinavir,Fesoterodine,0
Methylphenobarbital,Metolazone,0
Bromocriptine,Tipranavir,0
Levomilnacipran,Gemfibrozil,0
Prucalopride,Verapamil,0
Apixaban,Acemetacin,1
Gliclazide,Oxprenolol,1
Lithium cation,Clozapine,1
Thiamylal,Fluorouracil,0
Aprepitant,Ximelagatran,0
Ibuprofen,Sorafenib,0
Idarubicin,Teriflunomide,0
Tamsulosin,Nitrendipine,0
Verapamil,Amprenavir,0
Digitoxin,Erythromycin,0
Progesterone,Promazine,0
Diltiazem,Saquinavir,0
Levofloxacin,Isradipine,1
Dihydroergotamine,Crizotinib,0
Methohexital,Conivaptan,0
Colchicine,Erythromycin,0
Ibrutinib,Eliglustat,0
Rifampicin,Artemether,0
Carbamazepine,Sodium oxybate,1
Acenocoumarol,Fosamprenavir,0
Mitotane,Haloperidol,0
Azelastine,Cocaine,1
Abiraterone,Ouabain,0
Omeprazole,Dextroamphetamine,0
Cilostazol,Amitriptyline,0
Phenytoin,Treprostinil,0
Dicoumarol,Tramadol,1
Tolterodine,Losartan,0
Tofacitinib,Fluconazole,0
Digoxin,Pindolol,1
Cilostazol,Nevirapine,0
Phenindione,Azithromycin,0
Dextroamphetamine,Doxepin,0
Ledipasvir,Buprenorphine,0
Pregabalin,Nortriptyline,0
Buprenorphine,Cholecalciferol,0
Nilvadipine,Dihydroergotamine,0
Secobarbital,Thiamylal,0
Azelastine,Quinidine,0
Nicotine,Leflunomide,0
Apixaban,Conivaptan,0
Pirlindole,Epoprostenol,0
Cisapride,Clopidogrel,0
Panobinostat,Mefloquine,1
Fosphenytoin,Bosentan,0
Indomethacin,Fluoxetine,0
Yohimbine,Protriptyline,0
Rotigotine,Erythromycin,0
Argatroban,Dicoumarol,1
Thiopental,Alprenolol,0
Conivaptan,Telaprevir,0
Methylphenobarbital,Doxycycline,0
Rifapentine,Chlorpromazine,0
Aripiprazole,Indapamide,0
Darifenacin,Fluoxetine,0
Alogliptin,Ropinirole,0
Carbamazepine,Delavirdine,0
Sildenafil,Simeprevir,0
Haloperidol,Darunavir,0
Bepridil,Clobazam,0
Ziprasidone,Anagrelide,1
Thiopental,Pramipexole,0
Ixazomib,Leflunomide,0
Glyburide,Zucapsaicin,0
Dicoumarol,Quinine,1
Dabrafenib,Testosterone,0
Bumetanide,Tolbutamide,0
Simvastatin,Doxorubicin,0
Lopinavir,Hydrocodone,0
Anagrelide,Midostaurin,0
Daunorubicin,Rolapitant,0
Epinastine,Fesoterodine,0
Olanzapine,Buspirone,1
Vemurafenib,Granisetron,0
Sotalol,Amoxapine,1
Zuclopenthixol,Risperidone,1
Pravastatin,Luliconazole,0
Secobarbital,Cyclophosphamide,0
Phenelzine,Clonidine,0
Tizanidine,Deferasirox,0
Esmolol,Seratrodast,0
Zolpidem,Ticlopidine,0
Doxazosin,Esomeprazole,0
Promethazine,Ticlopidine,0
Edoxaban,Digoxin,0
Deferasirox,Trimipramine,0
Etravirine,Isradipine,0
Rucaparib,Methadone,0
Carteolol,Oxprenolol,0
Mirtazapine,Fesoterodine,0
Rilpivirine,Tapentadol,0
Pimozide,Sevoflurane,1
Pitavastatin,Zafirlukast,0
Acebutolol,Primaquine,0
Diltiazem,Levodopa,0
Amitriptyline,Dosulepin,0
Tizanidine,Zucapsaicin,0
Tolbutamide,Clotrimazole,0
Dronedarone,Fesoterodine,0
Gliclazide,Bupranolol,1
Enzalutamide,Propranolol,0
Dronedarone,Panobinostat,0
Tolazamide,Norfloxacin,1
Risperidone,Glimepiride,0
Rifaximin,Indomethacin,0
Tapentadol,Dosulepin,0
Terbinafine,Zucapsaicin,0
Rosuvastatin,Rivaroxaban,0
Lumacaftor,Cyclosporine,0
Asenapine,Crizotinib,0
Pirlindole,Bisoprolol,0
Amitriptyline,Fosamprenavir,0
Cyproterone acetate,Digoxin,0
Doxorubicin,Fosaprepitant,0
Cabergoline,Digitoxin,0
Phenoxybenzamine,Indinavir,0
Nilvadipine,Bupranolol,0
Esmolol,Labetalol,0
Amphetamine,Betaxolol,0
Oxprenolol,Digitoxin,1
Silodosin,Pseudoephedrine,0
Pindolol,Etoricoxib,0
Thiopental,Valsartan,0
Sotalol,Mycophenolate mofetil,0
Rifampicin,Sertraline,0
Mirtazapine,Nefazodone,0
Levomilnacipran,Panobinostat,0
Vemurafenib,Dosulepin,1
Ethanol,Paliperidone,1
Afatinib,Sertraline,0
Tolvaptan,Ceritinib,0
Pentobarbital,Pimozide,0
Olsalazine,Methyclothiazide,0
Escitalopram,Sulfamethoxazole,1
Donepezil,Propafenone,1
Colchicine,Felodipine,0
Cilostazol,Ketoconazole,0
Levomilnacipran,Metoprolol,0
Amiodarone,Fusidic acid,0
Pazopanib,Eliglustat,0
Acemetacin,Propranolol,0
Rosuvastatin,Boceprevir,0
Argatroban,Etoricoxib,1
Promazine,Tapentadol,1
Etoricoxib,Crizotinib,0
Meloxicam,Norfloxacin,0
Protriptyline,Midostaurin,0
Rolapitant,Clemastine,0
Tapentadol,Rucaparib,0
Treprostinil,Fluvastatin,0
Rifabutin,Meloxicam,0
Chloroquine,Osimertinib,0
Tranylcypromine,Pramipexole,0
Ubidecarenone,Lopinavir,0
Rasagiline,Celiprolol,0
Alogliptin,Artemether,0
Vardenafil,Metyrosine,0
Formoterol,Bumetanide,0
Lumacaftor,Ticlopidine,0
Simvastatin,Diphenhydramine,0
Clonidine,Cinacalcet,0
Apixaban,Fusidic acid,0
Nilotinib,Rosiglitazone,0
Dicoumarol,Chlorpropamide,1
Isradipine,Dasatinib,0
Phenytoin,Nilvadipine,0
Edoxaban,Teriflunomide,1
Methadone,Fosaprepitant,0
Verapamil,Dihydroergotamine,0
Enzalutamide,Sertraline,0
Alfuzosin,Enalaprilat,0
Tolvaptan,Nitrendipine,0
Carvedilol,Quinine,0
Donepezil,Efavirenz,0
Zileuton,Lobeglitazone,0
Lopinavir,Posaconazole,0
Quinine,Primaquine,1
Rifapentine,Perphenazine,0
Minaprine,Cimetidine,0
Enzalutamide,Sulfisoxazole,0
Seratrodast,Imatinib,0
Doxorubicin,Rolapitant,0
Tacrolimus,Alogliptin,0
Etoricoxib,Lidocaine,0
Clobazam,Brimonidine,1
Moexipril,Enalaprilat,0
Secobarbital,Metipranolol,0
Amphetamine,Paroxetine,0
Propafenone,Fingolimod,1
Ranolazine,Sertraline,0
Haloperidol,Gemfibrozil,0
Carvedilol,Fosaprepitant,0
Yohimbine,Cobicistat,0
Naloxegol,Rucaparib,0
Doxepin,Brimonidine,1
Crizotinib,Voriconazole,0
Cyclophosphamide,Pazopanib,1
Buprenorphine,Lovastatin,0
Phenytoin,Midostaurin,0
Phenobarbital,Antipyrine,0
Risperidone,Nateglinide,0
Hydrochlorothiazide,Rosiglitazone,0
Aripiprazole,Oxprenolol,0
Azelastine,Phenobarbital,1
Caffeine,Lobeglitazone,0
Ondansetron,Valsartan,0
Silodosin,Chlorpropamide,0
Fluoxetine,Hydrocodone,0
Salicylic acid,Tolbutamide,0
Topotecan,Desipramine,0
Hexobarbital,Enalapril,0
Fosphenytoin,Cyclosporine,0
Nateglinide,Levomilnacipran,1
Dabrafenib,Lidocaine,0
Phenprocoumon,Rosiglitazone,1
Moexipril,Dorzolamide,0
Methylene blue,Metoprolol,0
Dabigatran etexilate,Aminophylline,0
Azelastine,Prochlorperazine,1
Mirtazapine,Rivaroxaban,0
Iloprost,Doxazosin,0
Ibrutinib,Zafirlukast,0
Disopyramide,Idelalisib,0
Hydrocodone,Fosphenytoin,1
Acemetacin,Oxprenolol,0
Ledipasvir,Propafenone,0
Fluoxetine,Sertraline,1
Lorcaserin,Itraconazole,0
Secobarbital,Moclobemide,0
Theophylline,Isradipine,0
Penbutolol,Yohimbine,0
Aminophylline,Riociguat,0
Azithromycin,Fosaprepitant,0
Lumacaftor,Alfuzosin,0
Sitagliptin,Ketoconazole,0
Bosentan,Apixaban,0
Mycophenolate mofetil,Posaconazole,0
Digoxin,Clarithromycin,0
Carbamazepine,Atazanavir,0
Phenindione,Gemifloxacin,1
Dextroamphetamine,Methylene blue,0
Quinine,Minaprine,1
Zolpidem,Manidipine,0
Phenytoin,Risperidone,0
Chloroquine,Voriconazole,0
Ropinirole,Vemurafenib,0
Methylphenobarbital,Betaxolol,0
Clozapine,Fosaprepitant,0
Ticagrelor,Osimertinib,0
Cilostazol,Citalopram,0
Dextroamphetamine,Phenobarbital,0
Nicotine,Citalopram,0
Sevoflurane,Amiodarone,0
Clomipramine,Celecoxib,0
Deferasirox,Prochlorperazine,0
Darifenacin,Cocaine,0
Furazolidone,Penbutolol,0
Clonidine,Deslanoside,1
Amobarbital,Propranolol,0
Warfarin,Glimepiride,1
Pentobarbital,Diclofenac,0
Rotigotine,Chloroquine,0
Thalidomide,Iloperidone,1
Timolol,Acetylsalicylic acid,0
Zuclopenthixol,Telaprevir,0
Buspirone,Manidipine,0
Etoricoxib,Paroxetine,0
Rilpivirine,Mefloquine,0
Atenolol,Leflunomide,0
Clopidogrel,Boceprevir,0
Nilotinib,Imipramine,1
Pregabalin,Amobarbital,0
Cobicistat,Iloperidone,0
Glimepiride,Sotalol,1
Sildenafil,Tipranavir,0
Buspirone,Saquinavir,0
Donepezil,Nicardipine,0
Rivaroxaban,Ranolazine,0
Phenobarbital,Ledipasvir,0
Aripiprazole,Captopril,0
Clozapine,Pioglitazone,0
Tacrolimus,Parecoxib,1
Sulfamethoxazole,Toloxatone,1
Captopril,Cobicistat,0
Sevoflurane,Dihydroergotamine,0
Paliperidone,Sulfamethoxazole,1
Rilpivirine,Aprepitant,0
Enalaprilat,Duloxetine,0
Conivaptan,Seratrodast,0
Phenoxybenzamine,Trichlormethiazide,0
Cyclosporine,Sitagliptin,0
Rabeprazole,Palbociclib,0
Mianserin,Mirabegron,0
Levofloxacin,Trimipramine,1
Dabigatran etexilate,Valproic acid,0
Naloxegol,Luliconazole,0
Lapatinib,Nicardipine,0
Moexipril,Oxprenolol,0
Phenobarbital,Saxagliptin,0
Primidone,Netupitant,0
Diltiazem,Polythiazide,0
Formoterol,Abiraterone,0
Doxylamine,Rotigotine,0
Enzalutamide,Rucaparib,0
Ciprofloxacin,Sunitinib,1
Citalopram,Boceprevir,0
Nortriptyline,Tramadol,0
Acebutolol,Nafamostat,0
Quinine,Nicorandil,0
Phenytoin,Aliskiren,0
Prucalopride,Citalopram,0
Thiopental,Felodipine,0
Acenocoumarol,Clopidogrel,1
Enzalutamide,Apixaban,0
Metamfetamine,Moclobemide,0
Glimepiride,Nadolol,1
Ubidecarenone,Rabeprazole,0
Rabeprazole,Nelfinavir,0
Lidocaine,Ketoconazole,0
Bosentan,Amprenavir,0
Metoprolol,Duloxetine,0
Warfarin,Idelalisib,0
Imipramine,Dronabinol,1
Orphenadrine,Ketoconazole,0
Pantoprazole,Stiripentol,0
Azelastine,Irbesartan,0
Gemifloxacin,Sunitinib,1
Propranolol,Promazine,0
Carbamazepine,Thioridazine,0
Warfarin,Rosuvastatin,1
Bromocriptine,Metoprolol,1
Thioridazine,Formoterol,1
Hexobarbital,Trimethoprim,0
Tolbutamide,Rabeprazole,0
Antipyrine,Trichlormethiazide,0
Methohexital,Penbutolol,0
Zileuton,Indinavir,0
Deferasirox,Crizotinib,0
Lumacaftor,Timolol,0
Valproic acid,Clotrimazole,0
Tipranavir,Stiripentol,0
Toremifene,Lumefantrine,1
Celecoxib,Topiroxostat,0
Chlorpromazine,Brimonidine,1
Tolazamide,Bisoprolol,1
Trichlormethiazide,Escitalopram,0
Thalidomide,Digoxin,0
Clozapine,Nelfinavir,0
Propafenone,Sevoflurane,1
Selegiline,Nebivolol,0
Deferasirox,Enzalutamide,0
Ziprasidone,Sevoflurane,1
Lopinavir,Fluconazole,1
Estradiol,Celecoxib,1
Bosutinib,Amitriptyline,0
Propafenone,Vardenafil,1
Telaprevir,Palbociclib,0
Tolvaptan,Erythromycin,0
Sotalol,Pimozide,1
Hexobarbital,Ethinylestradiol,0
Bepridil,Cholecalciferol,0
Efavirenz,Olaparib,0
Zileuton,Azithromycin,0
Repaglinide,Methylene blue,1
Conivaptan,Nateglinide,0
Perampanel,Lopinavir,0
Eliglustat,Clomipramine,0
Macitentan,Abiraterone,0
Epoprostenol,Omeprazole,0
Pindolol,Indomethacin,0
Canagliflozin,Lopinavir,0
Carteolol,Tipranavir,0
Orphenadrine,Clonidine,1
Lidocaine,Felodipine,0
Antipyrine,Nelfinavir,0
Daunorubicin,Etoricoxib,0
Meloxicam,Diltiazem,0
Edoxaban,Dronedarone,0
Selegiline,Ticlopidine,0
Lumacaftor,Pimozide,0
Dolasetron,Fluoxetine,0
Vincristine,Diclofenac,0
Perphenazine,Ivacaftor,0
Thalidomide,Ethinylestradiol,1
Salicylic acid,Lovastatin,0
Nateglinide,Fluoxetine,0
Cyclobenzaprine,Fosamprenavir,0
Digoxin,Amiodarone,0
Nicardipine,Ivacaftor,0
Ibrutinib,Clemastine,0
Tipranavir,Clemastine,0
Tapentadol,Pseudoephedrine,0
Propranolol,Saquinavir,0
Phenobarbital,Thiamylal,0
Methylphenobarbital,Luliconazole,0
Ledipasvir,Sorafenib,0
Dofetilide,Primaquine,1
Rifampicin,Phenoxybenzamine,0
Dabrafenib,Rivaroxaban,0
Sorafenib,Fusidic acid,0
Treprostinil,Celiprolol,0
Tolazamide,Sertraline,1
Nebivolol,Tranylcypromine,0
Clomipramine,Nafamostat,0
Clopidogrel,Tolbutamide,0
Carbamazepine,Dronedarone,0
Nelfinavir,Clarithromycin,0
Rivaroxaban,Rosiglitazone,1
Rucaparib,Clozapine,0
Enalapril,Isavuconazonium,0
Panobinostat,Itraconazole,0
Penbutolol,Carvedilol,0
Gemifloxacin,Atomoxetine,1
Verapamil,Quazepam,0
Dolasetron,Luliconazole,0
Glyburide,Duloxetine,1
Rucaparib,Betaxolol,0
Nadolol,Carvedilol,0
Sitagliptin,Bortezomib,0
Glipizide,Ticagrelor,0
Amobarbital,Metipranolol,0
Carvedilol,Valproic acid,0
Ondansetron,Dolasetron,1
Losartan,Nilvadipine,0
Imipramine,Posaconazole,0
Pravastatin,Cyclosporine,0
Digitoxin,Mifepristone,0
Saquinavir,Tizanidine,1
Rifapentine,Lopinavir,0
Bisoprolol,Atomoxetine,0
Fosphenytoin,Domperidone,0
Quinidine,Leflunomide,0
Simvastatin,Modafinil,0
Omeprazole,Losartan,0
Orphenadrine,Mirtazapine,1
Tamsulosin,Fosaprepitant,0
Progesterone,Chloroquine,0
Methadone,Tramadol,0
Dorzolamide,Luliconazole,0
Etravirine,Olaparib,0
Dicoumarol,Clomipramine,1
Colchicine,Rolapitant,0
Dronabinol,Labetalol,0
Losartan,Artemether,0
Warfarin,Clomipramine,1
Imipramine,Vemurafenib,0
Palbociclib,Doxycycline,0
Epoprostenol,Trimethoprim,0
Dasatinib,Deslanoside,0
Alfuzosin,Tizanidine,0
Cilostazol,Azelastine,0
Fluvastatin,Quinidine,0
Alfuzosin,Celiprolol,0
Indinavir,Tolazamide,0
Gemifloxacin,Treprostinil,1
Perampanel,Voriconazole,0
Nateglinide,Indinavir,0
Primidone,Timolol,0
Dolasetron,Ranolazine,1
Tipranavir,Fusidic acid,0
Terbinafine,Posaconazole,0
Tamsulosin,Epinastine,0
Doxepin,Trimethoprim,0
Naloxegol,Propranolol,0
Lopinavir,Lumiracoxib,0
Anagrelide,Clopidogrel,1
Toremifene,Hydroflumethiazide,0
Dosulepin,Pargyline,1
Ubidecarenone,Sorafenib,0
Saquinavir,Sulfisoxazole,1
Lorcaserin,Clotrimazole,0
Lopinavir,Ibuprofen,0
Lercanidipine,Moexipril,0
Tolbutamide,Midostaurin,0
Progesterone,Imatinib,0
Zileuton,Ranolazine,0
Perphenazine,Topiroxostat,0
Amphetamine,Mirabegron,0
Azelastine,Promethazine,1
Chlorothiazide,Nitrendipine,0
Phenoxybenzamine,Delavirdine,0
Nevirapine,Boceprevir,0
Pravastatin,Mifepristone,0
Everolimus,Fosamprenavir,0
Treprostinil,Mifepristone,0
Seratrodast,Gemfibrozil,0
Carteolol,Nilvadipine,0
Prochlorperazine,Simeprevir,0
Methylphenobarbital,Pramipexole,0
Lercanidipine,Metyrosine,0
Saquinavir,Manidipine,0
Dabrafenib,Losartan,0
Ropinirole,Fosaprepitant,0
Chloroquine,Midostaurin,0
Thioridazine,Desipramine,0
Nevirapine,Clonidine,0
Meloxicam,Posaconazole,0
Efavirenz,Doxycycline,0
Glipizide,Ticlopidine,0
Boceprevir,Enalaprilat,0
Ticlopidine,Stiripentol,0
Repaglinide,Efavirenz,0
Pindolol,Cinacalcet,0
Crizotinib,Doxycycline,0
Lorcaserin,Isavuconazonium,0
Moclobemide,Artemether,0
Apixaban,Estradiol,0
Dextroamphetamine,Artemether,0
Propafenone,Lopinavir,0
Zafirlukast,Venlafaxine,0
Cyclosporine,Netupitant,0
Cocaine,Rotigotine,0
Everolimus,Cimetidine,0
Posaconazole,Itraconazole,0
Zolpidem,Quinidine,0
Penbutolol,Desvenlafaxine,0
Aripiprazole,Manidipine,0
Silodosin,Doxycycline,0
Metoprolol,Yohimbine,0
Testosterone,Esomeprazole,0
Clobazam,Netupitant,0
Aminophylline,Azithromycin,0
Conivaptan,Idelalisib,0
Propafenone,Levofloxacin,1
Pindolol,Primaquine,0
Fosphenytoin,Cocaine,0
Ixazomib,Crisaborole,0
Crizotinib,Dolasetron,1
Bosentan,Simeprevir,0
Acetylsalicylic acid,Abiraterone,0
Warfarin,Torasemide,0
Citalopram,Ondansetron,1
Zuclopenthixol,Clomipramine,1
Pazopanib,Posaconazole,0
Domperidone,Idelalisib,0
Apixaban,Delavirdine,0
Yohimbine,Doxycycline,0
Lercanidipine,Idelalisib,0
Lumacaftor,Argatroban,0
Gemifloxacin,Norfloxacin,1
Tolvaptan,Fosamprenavir,0
Cyclobenzaprine,Duloxetine,1
Ziprasidone,Sorafenib,1
Metoprolol,Pravastatin,0
Cyclophosphamide,Delavirdine,0
Ledipasvir,Boceprevir,0
Nateglinide,Fluconazole,0
Deferasirox,Fluoxetine,0
Metipranolol,Chloroquine,0
Warfarin,Esomeprazole,0
Idarubicin,Tolbutamide,0
Clomipramine,Captopril,0
Conivaptan,Darunavir,0
Sunitinib,Pentamidine,0
Zolpidem,Zafirlukast,0
Dronabinol,Nelfinavir,0
Lopinavir,Indomethacin,0
Ibuprofen,Hydroflumethiazide,0
Doxorubicin,Doxycycline,0
Deferasirox,Propofol,0
Zuclopenthixol,Lumefantrine,0
Fluvastatin,Tolbutamide,0
Thiopental,Verapamil,0
Pentamidine,Artemether,0
Bisoprolol,Doxycycline,0
Estrone,Fusidic acid,0
Ledipasvir,Etravirine,0
Cabergoline,Granisetron,1
Ubidecarenone,Simvastatin,0
Tolterodine,Bupropion,0
Apixaban,Chloroquine,1
Lumiracoxib,Caffeine,0
Azelastine,Cimetidine,0
Zafirlukast,Manidipine,0
Canagliflozin,Selegiline,1
Nortriptyline,Ticlopidine,0
Gemifloxacin,Promethazine,1
Lumefantrine,Aripiprazole,0
Carbamazepine,Rosuvastatin,0
Rolapitant,Ketoconazole,0
Sulfadiazine,Duloxetine,1
Sitagliptin,Celecoxib,0
Dihydroergotamine,Nadolol,1
Methylphenobarbital,Indinavir,0
Ixazomib,Citalopram,0
Bupropion,Clarithromycin,0
Haloperidol,Tranylcypromine,0
Fluvastatin,Cyclosporine,0
Stiripentol,Hydroxyzine,1
Bosutinib,Cabergoline,0
Lorcaserin,Ketoconazole,0
Fluvoxamine,Rotigotine,0
Fosphenytoin,Pitavastatin,0
Dronabinol,Ticlopidine,0
Sildenafil,Moclobemide,0
Vincristine,Itraconazole,0
Mirtazapine,Ritonavir,0
Etoricoxib,Methadone,0
Deferasirox,Rotigotine,0
Sildenafil,Betaxolol,0
Pentamidine,Lumefantrine,0
Argatroban,Mifepristone,0
Metipranolol,Epoprostenol,0
Quinine,Hydrochlorothiazide,0
Paliperidone,Isradipine,1
Phenoxybenzamine,Telithromycin,0
Rosuvastatin,Modafinil,0
Dronabinol,Osimertinib,0
Ixazomib,Cimetidine,0
Amitriptyline,Tapentadol,1
Ximelagatran,Trimethoprim,0
Toloxatone,Clonidine,0
Fosphenytoin,Sitagliptin,0
Pentamidine,Tranylcypromine,1
Metamfetamine,Carvedilol,1
Cyclophosphamide,Rucaparib,1
Pindolol,Imipramine,0
Dofetilide,Osimertinib,0
Amprenavir,Chloroquine,0
Pentobarbital,Lovastatin,0
Tapentadol,Cinacalcet,0
Tacrolimus,Tofacitinib,0
Ergotamine,Ximelagatran,0
Mexiletine,Boceprevir,0
Tolbutamide,Fluconazole,0
Cyclophosphamide,Fluorouracil,1
Disopyramide,Imipramine,1
Anagrelide,Sertraline,1
Dosulepin,Enalaprilat,0
Ivacaftor,Bortezomib,0
Bosutinib,Etravirine,0
Zafirlukast,Fosamprenavir,0
Fluoxetine,Isavuconazonium,0
Dihydroergotamine,Penbutolol,1
Etoricoxib,Imipramine,0
Fosphenytoin,Haloperidol,0
Nateglinide,Rasagiline,1
Nortriptyline,Rolapitant,0
Dolasetron,Mefloquine,1
Escitalopram,Efavirenz,0
Imipramine,Fusidic acid,0
Rolapitant,Saquinavir,0
Chlorpromazine,Lopinavir,0
Omeprazole,Mexiletine,0
Dronedarone,Tipranavir,0
Glipizide,Metoprolol,1
Fingolimod,Ropinirole,0
Phenytoin,Sitagliptin,0
Sulfadiazine,Boceprevir,0
Pazopanib,Midostaurin,0
Ibrutinib,Amiodarone,0
Enzalutamide,Buspirone,0
Mitotane,Netupitant,0
Zafirlukast,Fusidic acid,0
Ambrisentan,Amiodarone,0
Acetylsalicylic acid,Pioglitazone,0
Dronabinol,Dosulepin,0
Promazine,Droperidol,1
Netupitant,Manidipine,0
Clobazam,Telithromycin,0
Sunitinib,Glyburide,1
Buspirone,Atazanavir,0
Timolol,Lumiracoxib,0
Amoxapine,Tramadol,0
Domperidone,Nevirapine,0
Chlorothiazide,Yohimbine,0
Etoricoxib,Netupitant,0
Primidone,Omeprazole,0
Amprenavir,Etravirine,0
Clozapine,Dronabinol,1
Tolbutamide,Modafinil,0
Tamsulosin,Clarithromycin,0
Balsalazide,Indapamide,0
Sotalol,Balsalazide,0
Buprenorphine,Betaxolol,0
Pentobarbital,Furosemide,0
Quinidine,Ceritinib,0
Rilpivirine,Risperidone,0
Azithromycin,Aripiprazole,1
Phenobarbital,Felodipine,0
Pravastatin,Fluvoxamine,0
Quinine,Idelalisib,0
Pravastatin,Sulfadiazine,0
Donepezil,Isoniazid,0
Everolimus,Etravirine,0
Carteolol,Rucaparib,0
Nicotine,Sorafenib,0
Nicorandil,Bumetanide,0
Clonidine,Dronabinol,1
Estradiol,Felodipine,0
Mianserin,Magnesium sulfate,0
Metipranolol,Enalaprilat,0
Sotalol,Nilotinib,1
Toremifene,Quetiapine,1
Lercanidipine,Luliconazole,0
Propafenone,Ritonavir,0
Arformoterol,Hydroflumethiazide,0
Lumacaftor,Dofetilide,0
Perphenazine,Sertraline,0
Sevoflurane,Ceritinib,0
Rifapentine,Betaxolol,0
Trimethoprim,Nefazodone,0
Citalopram,Tipranavir,0
Estrone,Clotrimazole,0
Rifampicin,Sotalol,0
Rosuvastatin,Efavirenz,0
Phenytoin,Pazopanib,0
Perphenazine,Mefloquine,0
Naloxegol,Tamoxifen,0
Pravastatin,Dronedarone,0
Thalidomide,Omeprazole,0
Sulfamethoxazole,Itraconazole,0
Sevoflurane,Perampanel,1
Dihydroergotamine,Saquinavir,0
Ibrutinib,Diphenhydramine,0
Tizanidine,Nortriptyline,0
Rifampicin,Chloroquine,0
Pargyline,Losartan,0
Warfarin,Ketoconazole,0
Sildenafil,Apixaban,0
Cabergoline,Minaprine,0
Ondansetron,Ritonavir,0
Pirlindole,Chlorothiazide,0
Trimipramine,Argatroban,0
Quinine,Panobinostat,0
Amitriptyline,Minaprine,1
Diltiazem,Bupropion,0
Primidone,Etravirine,0
Asenapine,Atazanavir,0
Zolpidem,Rotigotine,0
Formoterol,Omeprazole,0
Prochlorperazine,Brimonidine,1
Propofol,Levodopa,0
Celecoxib,Tamoxifen,0
Pravastatin,Boceprevir,0
Iloperidone,Lidocaine,0
Pirlindole,Pargyline,0
Edoxaban,Carvedilol,0
Crizotinib,Ceritinib,0
Vardenafil,Carvedilol,0
Alprenolol,Oxprenolol,0
Buspirone,Fosaprepitant,0
Dabrafenib,Guanfacine,0
Buprenorphine,Iloperidone,1
Conivaptan,Quinine,0
Selegiline,Luliconazole,0
Propranolol,Methylphenidate,0
Rifapentine,Selexipag,0
Naloxegol,Atazanavir,0
Protriptyline,Ropinirole,0
Rifampicin,Vincristine,0
Zolpidem,Clemastine,1
Glimepiride,Ketoconazole,0
Phenobarbital,Methadone,0
Glimepiride,Alogliptin,1
Citalopram,Voriconazole,0
Nitrendipine,Delavirdine,0
Aripiprazole,Fluvoxamine,0
Silodosin,Verapamil,0
Carvedilol,Clotrimazole,0
Tamsulosin,Haloperidol,0
Anagrelide,Citalopram,0
Zafirlukast,Ticagrelor,0
Pentamidine,Rabeprazole,0
Dabrafenib,Dofetilide,0
Etoricoxib,Trimethoprim,0
Carvedilol,Panobinostat,0
Carbamazepine,Promazine,0
Toremifene,Rucaparib,0
Sulfadiazine,Olsalazine,1
Dorzolamide,Nitrendipine,0
Clozapine,Osimertinib,0
Mirtazapine,Sildenafil,0
Nicotine,Netupitant,0
Cilostazol,Pantoprazole,0
Cyproterone acetate,Cinacalcet,0
Phenindione,Voriconazole,0
Ciprofloxacin,Fosphenytoin,1
Atomoxetine,Tipranavir,0
Bopindolol,Fluoxetine,0
Ranolazine,Pantoprazole,0
Hexobarbital,Celiprolol,0
Valproic acid,Dronabinol,1
Pravastatin,Cyclophosphamide,0
Dorzolamide,Efavirenz,0
Selegiline,Fusidic acid,0
Dabrafenib,Fluvoxamine,0
Benzphetamine,Amitriptyline,0
Rifabutin,Ondansetron,0
Pantoprazole,Telaprevir,0
Asenapine,Fosamprenavir,0
Fluoxetine,Atazanavir,0
Arformoterol,Fluorouracil,0
Dicoumarol,Ketoconazole,0
Polythiazide,Metyrosine,0
Nitrendipine,Nilotinib,0
Repaglinide,Darunavir,0
Methotrimeprazine,Loratadine,1
Vardenafil,Delavirdine,0
Methohexital,Tapentadol,1
Pentamidine,Gemfibrozil,0
Lorcaserin,Telaprevir,0
Sulfadiazine,Alogliptin,1
Pentobarbital,Clobazam,0
Primidone,Idelalisib,0
Phenelzine,Dolasetron,1
Metoprolol,Modafinil,0
Treprostinil,Ketoconazole,0
Cyclophosphamide,Idelalisib,1
Carbamazepine,Crizotinib,0
Pantoprazole,Simeprevir,0
Asenapine,Dolasetron,1
Tolazamide,Disopyramide,1
Etoricoxib,Isradipine,0
Phenobarbital,Macitentan,0
Rosuvastatin,Glyburide,0
Aminophylline,Venlafaxine,0
Aliskiren,Saquinavir,0
Methotrimeprazine,Tolazamide,0
Paliperidone,Norfloxacin,1
Vincristine,Erythromycin,0
Nitrendipine,Polythiazide,0
Ixazomib,Topiroxostat,0
Olopatadine,Fluvoxamine,0
Simvastatin,Luliconazole,0
Lumacaftor,Celecoxib,0
Toremifene,Olaparib,0
Rolapitant,Mifepristone,0
Vemurafenib,Sulfadiazine,0
Conivaptan,Duloxetine,0
Sildenafil,Brimonidine,0
Colchicine,Chlorpropamide,0
Lumefantrine,Fusidic acid,0
Selexipag,Crizotinib,0
Toremifene,Pimozide,1
Primidone,Conivaptan,0
Ledipasvir,Citalopram,0
Thalidomide,Cocaine,1
Diclofenac,Manidipine,0
Tamoxifen,Itraconazole,0
Pitavastatin,Mifepristone,0
Rifapentine,Fosphenytoin,0
Rifapentine,Mifepristone,0
Fluoxetine,Pirlindole,1
Bosentan,Carteolol,0
Pantoprazole,Lovastatin,0
Rilpivirine,Rabeprazole,0
Testosterone,Abiraterone,0
Sotalol,Asenapine,1
Doxorubicin,Quinidine,0
Cilostazol,Darifenacin,0
Propafenone,Indapamide,1
Paroxetine,Dabigatran etexilate,0
Lumiracoxib,Levomilnacipran,0
Bopindolol,Seratrodast,0
Pravastatin,Dosulepin,0
Trimethoprim,Rabeprazole,0
Methylphenidate,Eliglustat,0
Vemurafenib,Atazanavir,0
Loratadine,Paroxetine,0
Sildenafil,Fosaprepitant,0
Nevirapine,Bromocriptine,0
Mefloquine,Stiripentol,0
Digoxin,Mifepristone,0
Ibrutinib,Telaprevir,0
Estradiol,Crizotinib,0
Deferasirox,Cyclophosphamide,0
Cabergoline,Sulfisoxazole,0
Nadolol,Epoprostenol,0
Dronabinol,Olaparib,0
Deferasirox,Nortriptyline,0
Phenobarbital,Estrone,0
Lercanidipine,Doxycycline,0
Omeprazole,Ticlopidine,0
Lercanidipine,Amiodarone,0
Enzalutamide,Posaconazole,0
Indapamide,Tolazamide,0
Lercanidipine,Penbutolol,0
Olopatadine,Dasatinib,0
Progesterone,Isoniazid,0
Hexobarbital,Cholecalciferol,0
Pimozide,Bupropion,0
Fingolimod,Paroxetine,0
Propafenone,Luliconazole,0
Vincristine,Protriptyline,0
Iloperidone,Theophylline,0
Formoterol,Ceritinib,0
Pirlindole,Labetalol,0
Diltiazem,Manidipine,0
Oxprenolol,Fluoxetine,0
Prucalopride,Digoxin,0
Methadone,Rabeprazole,0
Daunorubicin,Itraconazole,0
Ibrutinib,Lorcaserin,0
Bromocriptine,Toloxatone,1
Tizanidine,Norfloxacin,0
Enzalutamide,Nicotine,0
Sulfadiazine,Rasagiline,1
Desvenlafaxine,Saxagliptin,0
Tolbutamide,Manidipine,0
Propofol,Bupropion,0
Pentobarbital,Zuclopenthixol,0
Dorzolamide,Fluorouracil,0
Bisoprolol,Atazanavir,0
Nilotinib,Alfuzosin,1
Prucalopride,Erythromycin,0
Donepezil,Isradipine,0
Methylene blue,Buspirone,1
Quetiapine,Doxepin,1
Acetylsalicylic acid,Efavirenz,0
Nortriptyline,Bupropion,0
Minaprine,Fesoterodine,0
Rifabutin,Dolasetron,0
Amitriptyline,Telaprevir,0
Doxepin,Theophylline,0
Amoxapine,Cimetidine,0
Mirtazapine,Mifepristone,0
Esomeprazole,Atomoxetine,0
Arformoterol,Acemetacin,0
Nebivolol,Paroxetine,0
Pimozide,Darunavir,0
Domperidone,Alfuzosin,1
Dihydroergotamine,Posaconazole,0
Tacrolimus,Nelfinavir,0
Pirlindole,Diltiazem,0
Telithromycin,Fluconazole,1
Thiamylal,Quinethazone,0
Testosterone,Fluoxetine,0
Phenprocoumon,Argatroban,1
Dronabinol,Manidipine,0
Ambrisentan,Etravirine,0
Ondansetron,Lidocaine,0
Rucaparib,Ticlopidine,0
Cabergoline,Captopril,0
Tamsulosin,Darunavir,0
Asenapine,Nortriptyline,1
Cisapride,Ivacaftor,0
Brimonidine,Droperidol,1
Omeprazole,Atomoxetine,0
Bosutinib,Caffeine,0
Indomethacin,Valsartan,0
Conivaptan,Aminophylline,0
Acetylsalicylic acid,Trichlormethiazide,0
Bromocriptine,Netupitant,0
Sulfamethoxazole,Tolbutamide,0
Ibuprofen,Leflunomide,0
Suvorexant,Efavirenz,1
Bosentan,Dronabinol,0
Timolol,Sertraline,0
Cyproterone acetate,Aminophylline,0
Erythromycin,Fingolimod,1
Dicoumarol,Erythromycin,0
Bisoprolol,Cholecalciferol,0
Pentobarbital,Stiripentol,0
Rifabutin,Galantamine,0
Pargyline,Hydrochlorothiazide,0
Valsartan,Duloxetine,0
Losartan,Nicardipine,0
Dihydroergotamine,Fosaprepitant,0
Aripiprazole,Imatinib,0
Hydrocodone,Lithium cation,1
Lumefantrine,Verapamil,0
Estrone sulfate,Bumetanide,0
Trimipramine,Fluvastatin,0
Ubidecarenone,Erythromycin,0
Fluvastatin,Isavuconazonium,0
Lovastatin,Luliconazole,0
Seratrodast,Sildenafil,0
Gemifloxacin,Sulfisoxazole,1
Dronedarone,Mirtazapine,1
Saquinavir,Droperidol,1
Lumiracoxib,Epoprostenol,0
Warfarin,Meloxicam,1
Mianserin,Verapamil,0
Carvedilol,Rolapitant,0
Sotalol,Carvedilol,0
Nortriptyline,Cinacalcet,0
Paroxetine,Ropinirole,0
Caffeine,Fluoxetine,0
Macitentan,Ticlopidine,0
Pseudoephedrine,Midostaurin,0
Sorafenib,Venlafaxine,0
Nebivolol,Risperidone,0
Bopindolol,Mycophenolate mofetil,0
Pseudoephedrine,Cobicistat,0
Donepezil,Isavuconazonium,0
Nafamostat,Tipranavir,1
Caffeine,Fluvoxamine,0
Modafinil,Ranolazine,0
Rosuvastatin,Dihydroergotamine,0
Teriflunomide,Clonidine,0
Buprenorphine,Atazanavir,0
Prochlorperazine,Imipramine,0
Saxagliptin,Conivaptan,0
Carbamazepine,Omeprazole,0
Methotrimeprazine,Tramadol,1
Sulfamethoxazole,Telaprevir,0
Benzphetamine,Diltiazem,0
Prochlorperazine,Penbutolol,0
Perphenazine,Theophylline,0
Pioglitazone,Midostaurin,0
Loratadine,Cocaine,0
Amitriptyline,Ximelagatran,0
Galantamine,Propranolol,1
Rivaroxaban,Nilotinib,0
Fluvoxamine,Delavirdine,0
Lithium cation,Captopril,0
Pioglitazone,Toloxatone,1
Ondansetron,Isoniazid,0
Felodipine,Fluconazole,0
Bepridil,Tibolone,0
Digoxin,Vemurafenib,0
Moclobemide,Chlorpromazine,0
Lumefantrine,Ritonavir,1
Etoricoxib,Duloxetine,0
Fosphenytoin,Sevoflurane,0
Amoxapine,Stiripentol,0
Argatroban,Simeprevir,0
Propofol,Nicardipine,0
Dihydroergotamine,Minaprine,0
Edoxaban,Tamoxifen,0
Aminophylline,Saquinavir,0
Nebivolol,Midostaurin,0
Saquinavir,Chlorpropamide,0
Rifampicin,Theophylline,0
Perampanel,Droperidol,1
Nicotine,Omeprazole,0
Guanfacine,Macitentan,0
Pentamidine,Palbociclib,0
Ritonavir,Vemurafenib,0
Sulfadiazine,Aprepitant,0
Propafenone,Trimipramine,1
Nateglinide,Isradipine,0
Clomipramine,Manidipine,0
Tolterodine,Dronabinol,0
Quinine,Sertraline,1
Quetiapine,Sorafenib,1
Secobarbital,Levomilnacipran,0
Cilostazol,Sulfisoxazole,0
Trimethoprim,Idelalisib,0
Propranolol,Luliconazole,0
Digoxin,Erythromycin,0
Fluoxetine,Omeprazole,0
Indomethacin,Stiripentol,0
Metoprolol,Vemurafenib,0
Phenytoin,Carvedilol,0
Celiprolol,Rucaparib,0
Afatinib,Ciprofloxacin,0
Mesalazine,Trichlormethiazide,0
Phenytoin,Fosaprepitant,0
Hydrochlorothiazide,Nateglinide,0
Cilostazol,Mirabegron,0
Citalopram,Arformoterol,1
Perampanel,Clarithromycin,0
Vemurafenib,Meloxicam,0
Digitoxin,Azithromycin,0
Primidone,Enalaprilat,0
Moexipril,Mifepristone,1
Cholecalciferol,Venlafaxine,0
Dofetilide,Pimozide,1
Guanfacine,Modafinil,0
Protriptyline,Saxagliptin,0
Nicorandil,Nadolol,0
Enzalutamide,Azelastine,0
Tizanidine,Risperidone,0
Itraconazole,Fosamprenavir,0
Buprenorphine,Fusidic acid,0
Ergotamine,Granisetron,1
Propranolol,Acetylsalicylic acid,0
Benzphetamine,Delavirdine,0
Nicardipine,Netupitant,0
Pioglitazone,Methylene blue,1
Artemether,Galantamine,1
Ixazomib,Caffeine,0
Disopyramide,Tizanidine,1
Felodipine,Doxycycline,0
Moexipril,Mesalazine,0
Rifampicin,Modafinil,0
Thioridazine,Amphetamine,0
Ondansetron,Fosamprenavir,0
Iloperidone,Repaglinide,0
Meloxicam,Ticagrelor,0
Yohimbine,Dasatinib,0
Azelastine,Iloprost,0
Artemether,Valsartan,0
Gliclazide,Pregabalin,1
Rilpivirine,Glyburide,0
Diclofenac,Mifepristone,0
Fosphenytoin,Dasatinib,0
Pimozide,Artemether,1
Colchicine,Ketoconazole,0
Phenprocoumon,Paroxetine,1
Alprenolol,Ticlopidine,0
Doxepin,Nicardipine,0
Venlafaxine,Dasatinib,0
Enzalutamide,Testosterone,0
Zuclopenthixol,Erythromycin,0
Methylphenobarbital,Lobeglitazone,0
Metolazone,Dorzolamide,0
Ritonavir,Mexiletine,0
Methotrimeprazine,Isoniazid,0
Repaglinide,Selegiline,1
Secobarbital,Parecoxib,0
Caffeine,Metoprolol,0
Silodosin,Clemastine,0
Propranolol,Cobicistat,0
Alfuzosin,Amprenavir,0
Formoterol,Trichlormethiazide,0
Dasatinib,Atomoxetine,0
Lumefantrine,Cyclosporine,0
Buspirone,Thioridazine,0
Acetylsalicylic acid,Amiodarone,0
Ibrutinib,Ouabain,0
Hydroflumethiazide,Riociguat,0
Aripiprazole,Aliskiren,0
Simvastatin,Loratadine,0
Methylphenobarbital,Sertraline,0
Sertraline,Olaparib,0
Palbociclib,Fluvoxamine,0
Panobinostat,Fluconazole,1
Phenindione,Paroxetine,1
Orphenadrine,Atazanavir,0
Chloroquine,Fingolimod,1
Fosphenytoin,Olaparib,0
Idarubicin,Lovastatin,0
Venlafaxine,Midostaurin,0
Chloroquine,Quinine,0
Phenobarbital,Isavuconazonium,0
Methotrimeprazine,Penbutolol,0
Nefazodone,Pargyline,1
Omeprazole,Sulfadiazine,0
Thiopental,Hydroflumethiazide,0
Cyproterone acetate,Glimepiride,0
Methohexital,Nabilone,1
Lithium cation,Chloroquine,0
Lapatinib,Ceritinib,0
Guanfacine,Timolol,1
Dofetilide,Escitalopram,1
Efavirenz,Dasatinib,0
Phenytoin,Aprepitant,0
Clonidine,Perampanel,1
Selexipag,Methylphenidate,0
Ixazomib,Tranylcypromine,0
Methadone,Vardenafil,1
Indinavir,Cobicistat,0
Cyclophosphamide,Ropinirole,0
Phenytoin,Metyrosine,0
Thiamylal,Phenindione,0
Sildenafil,Clonidine,0
Posaconazole,Telithromycin,0
Lumefantrine,Saxagliptin,0
Estrone,Cyclosporine,0
Desvenlafaxine,Cyclosporine,0
Carvedilol,Atomoxetine,0
Rifabutin,Toremifene,0
Nicorandil,Nitrendipine,0
Ledipasvir,Quinine,0
Rosuvastatin,Haloperidol,0
Pantoprazole,Doxycycline,0
Metoprolol,Fesoterodine,0
Doxazosin,Tranylcypromine,0
Dofetilide,Sunitinib,1
Nevirapine,Celecoxib,0
Bosentan,Oxprenolol,0
Mirtazapine,Lovastatin,0
Antipyrine,Tamoxifen,0
Formoterol,Cabergoline,0
Clomipramine,Zucapsaicin,0
Rifabutin,Orphenadrine,0
Thioridazine,Vemurafenib,0
Quetiapine,Panobinostat,0
Timolol,Cobicistat,0
Rifapentine,Phenprocoumon,0
Bepridil,Clomipramine,0
Iloprost,Acebutolol,0
Nebivolol,Delavirdine,0
Perphenazine,Fusidic acid,0
Glipizide,Trimethoprim,0
Theophylline,Quazepam,0
Sildenafil,Dabigatran etexilate,0
Clopidogrel,Nefazodone,0
Glyburide,Venlafaxine,0
Polythiazide,Canagliflozin,0
Dabrafenib,Enzalutamide,0
Vardenafil,Metolazone,0
Tamoxifen,Quazepam,0
Amitriptyline,Nicorandil,0
Amprenavir,Vincristine,0
Doxorubicin,Fesoterodine,0
Simvastatin,Abiraterone,0
Losartan,Dabigatran etexilate,0
Vemurafenib,Felodipine,0
Celiprolol,Olaparib,0
Vincristine,Stiripentol,0
Cyclophosphamide,Valproic acid,0
Topotecan,Haloperidol,0
Estrone sulfate,Aprepitant,0
Tipranavir,Iloperidone,0
Amoxapine,Ixazomib,0
Esomeprazole,Mesalazine,0
Secobarbital,Methyclothiazide,0
Nabilone,Magnesium sulfate,1
Acemetacin,Guanfacine,0
Ibrutinib,Risperidone,0
Sorafenib,Quazepam,0
Nadolol,Risperidone,0
Anagrelide,Voriconazole,1
Lopinavir,Levofloxacin,1
Dabrafenib,Leflunomide,0
Progesterone,Ticlopidine,0
Aliskiren,Manidipine,0
Quinidine,Cobicistat,0
Ticlopidine,Aprepitant,0
Phenobarbital,Saquinavir,0
Torasemide,Duloxetine,0
Efavirenz,Cyclosporine,0
Rivaroxaban,Theophylline,0
Primidone,Chlorthalidone,0
Acetylsalicylic acid,Methyclothiazide,0
Phenytoin,Simvastatin,0
Estradiol,Caffeine,0
Enzalutamide,Escitalopram,0
Promazine,Mexiletine,0
Pentobarbital,Etoricoxib,0
Ledipasvir,Idelalisib,0
Pindolol,Ambrisentan,0
Celiprolol,Ziprasidone,0
Dabigatran etexilate,Phenprocoumon,1
Tizanidine,Dosulepin,0
Chloroquine,Hydrochlorothiazide,0
Alfuzosin,Olaparib,0
Anagrelide,Rilpivirine,1
Phenobarbital,Moclobemide,0
Eliglustat,Arformoterol,1
Losartan,Celiprolol,0
Nabilone,Dronabinol,1
Nilotinib,Fingolimod,0
Venlafaxine,Abiraterone,0
Paraldehyde,Quetiapine,1
Dronabinol,Crisaborole,0
Epoprostenol,Bupranolol,0
Chlorpromazine,Midostaurin,0
Ibuprofen,Isoniazid,0
Metipranolol,Parecoxib,0
Pazopanib,Duloxetine,0
Haloperidol,Vemurafenib,0
Teriflunomide,Fluvoxamine,0
Topotecan,Deslanoside,0
Acenocoumarol,Omeprazole,0
Daunorubicin,Ketoconazole,0
Glyburide,Gemfibrozil,0
Nebivolol,Ropinirole,0
Sildenafil,Ximelagatran,0
Mestranol,Delavirdine,0
Propranolol,Deslanoside,1
Pazopanib,Methotrimeprazine,0
Macitentan,Atomoxetine,0
Enzalutamide,Dolasetron,0
Felodipine,Bupranolol,0
Amitriptyline,Mifepristone,0
Rifabutin,Desvenlafaxine,0
Anagrelide,Indapamide,1
Cyclosporine,Meloxicam,1
Amprenavir,Crizotinib,0
Everolimus,Idelalisib,0
Dorzolamide,Metyrosine,0
Clozapine,Darunavir,0
Methotrimeprazine,Indinavir,0
Doxepin,Dronabinol,1
Azithromycin,Protriptyline,1
Ondansetron,Caffeine,0
Idarubicin,Omeprazole,0
Tacrolimus,Ziprasidone,0
Haloperidol,Itraconazole,0
Pindolol,Digitoxin,1
Phenytoin,Valsartan,0
Ethanol,Methohexital,1
Indomethacin,Nelfinavir,0
Antipyrine,Promazine,0
Deferasirox,Dorzolamide,0
Lopinavir,Gemifloxacin,1
Idarubicin,Nafamostat,0
Disopyramide,Posaconazole,0
Clomipramine,Pirlindole,1
Mirabegron,Atomoxetine,0
Iloprost,Brimonidine,0
Pentobarbital,Sodium oxybate,1
Theophylline,Bortezomib,0
Acenocoumarol,Losartan,0
Losartan,Dihydroergotamine,0
Doxorubicin,Ivacaftor,0
Verapamil,Itraconazole,0
Cisapride,Ropinirole,0
Imatinib,Diltiazem,0
Fosphenytoin,Prochlorperazine,0
Dabrafenib,Aripiprazole,0
Aliskiren,Fluconazole,0
Buprenorphine,Telaprevir,0
Lumiracoxib,Hydrochlorothiazide,0
Bupropion,Nilotinib,0
Buprenorphine,Zafirlukast,0
Sevoflurane,Pramipexole,0
Doxorubicin,Lorcaserin,0
Vemurafenib,Darunavir,0
Manidipine,Metyrosine,0
Dolasetron,Osimertinib,0
Primidone,Salicylic acid,0
Lapatinib,Sulfamethoxazole,0
Rosuvastatin,Trimethoprim,0
Domperidone,Chloroquine,0
Verapamil,Isoniazid,0
Lumacaftor,Etravirine,0
Tamsulosin,Mirabegron,0
Estradiol,Gliclazide,0
Quinine,Darunavir,0
Zafirlukast,Boceprevir,0
Perphenazine,Ketoconazole,0
Pentamidine,Nateglinide,1
Doxorubicin,Posaconazole,0
Midostaurin,Nelfinavir,0
Ximelagatran,Acemetacin,1
Promethazine,Nilotinib,0
Secobarbital,Penbutolol,0
Dofetilide,Olanzapine,1
Epinastine,Iloprost,0
Omeprazole,Saxagliptin,0
Zolpidem,Terbinafine,0
Rucaparib,Ritonavir,0
Methylphenobarbital,Omeprazole,0
Nitrendipine,Riociguat,0
Saquinavir,Clarithromycin,0
Lorcaserin,Quinine,0
Rotigotine,Atomoxetine,0
Epinastine,Telithromycin,0
Primidone,Moexipril,0
Escitalopram,Quinine,0
Darunavir,Clarithromycin,0
Rosuvastatin,Pimozide,0
Sitagliptin,Estrone sulfate,0
Epoprostenol,Irbesartan,0
Betaxolol,Caffeine,0
Lorcaserin,Propafenone,0
Mianserin,Duloxetine,0
Naloxegol,Rilpivirine,0
Selegiline,Captopril,0
Toremifene,Primaquine,1
Aliskiren,Lumiracoxib,0
Phenindione,Duloxetine,1
Doxazosin,Cocaine,0
Gemfibrozil,Palbociclib,0
Doxorubicin,Fluconazole,0
Quinine,Atenolol,0
Amphetamine,Droperidol,0
Mitotane,Trimipramine,0
Glimepiride,Gemifloxacin,1
Saxagliptin,Fosaprepitant,0
Asenapine,Vemurafenib,0
Tamsulosin,Fluoxetine,0
Acebutolol,Fluoxetine,0
Rifapentine,Enalapril,0
Tipranavir,Panobinostat,0
Ethinylestradiol,Etoricoxib,1
Pindolol,Rolapitant,0
Nevirapine,Promethazine,0
Ropinirole,Mirtazapine,0
Pentobarbital,Amprenavir,0
Nefazodone,Enalapril,0
Phenobarbital,Magnesium sulfate,1
Bosentan,Midostaurin,0
Bosentan,Alogliptin,0
Dabrafenib,Clotrimazole,0
Vardenafil,Epoprostenol,0
Estrone,Doxycycline,0
Selexipag,Losartan,0
Buprenorphine,Darifenacin,0
Phenobarbital,Seratrodast,0
Chlorpropamide,Rosiglitazone,1
Propranolol,Oxprenolol,0
Nadolol,Metyrosine,0
Aripiprazole,Abiraterone,0
Seratrodast,Indapamide,0
Carbamazepine,Benzphetamine,0
Terbinafine,Netupitant,0
Phenprocoumon,Losartan,0
Buprenorphine,Celecoxib,0
Ondansetron,Tamoxifen,1
Amprenavir,Ziprasidone,0
Valproic acid,Omeprazole,0
Ximelagatran,Epinastine,1
Rifaximin,Clomipramine,0
Dabrafenib,Chlorpromazine,0
Alfuzosin,Phenoxybenzamine,0
Sitagliptin,Posaconazole,0
Glyburide,Etravirine,0
Pentamidine,Cinacalcet,0
Lumacaftor,Thalidomide,0
Imatinib,Crisaborole,0
Asenapine,Palbociclib,0
Celecoxib,Venlafaxine,0
Hexobarbital,Clarithromycin,0
Polythiazide,Fluvoxamine,0
Pazopanib,Paroxetine,0
Methylene blue,Chlorthalidone,0
Sertraline,Ketoconazole,0
Alprenolol,Chloroquine,0
Zileuton,Ceritinib,0
Azelastine,Guanfacine,1
Naloxegol,Boceprevir,0
Imipramine,Fesoterodine,0
Cabergoline,Ranolazine,0
Irbesartan,Manidipine,0
Ixazomib,Fosaprepitant,0
Rifapentine,Dofetilide,0
Estradiol,Clarithromycin,0
Anagrelide,Nilotinib,1
Canagliflozin,Boceprevir,0
Simvastatin,Colchicine,1
Methylphenobarbital,Phenprocoumon,0
Bisoprolol,Levomilnacipran,0
Pioglitazone,Furazolidone,1
Clonidine,Digoxin,1
Azelastine,Metyrosine,0
Azelastine,Loratadine,1
Dextroamphetamine,Diphenhydramine,0
Domperidone,Atazanavir,0
Amiodarone,Fluvoxamine,0
Diclofenac,Osimertinib,0
Paliperidone,Lumefantrine,1
Rosiglitazone,Cyclosporine,0
Colchicine,Rucaparib,0
Nicardipine,Olaparib,0
Carbamazepine,Dronabinol,1
Glyburide,Disopyramide,1
Timolol,Rolapitant,0
Caffeine,Tranylcypromine,0
Omeprazole,Methylphenidate,0
Loratadine,Aprepitant,0
Rilpivirine,Conivaptan,0
Yohimbine,Amoxapine,0
Methohexital,Warfarin,0
Cisapride,Diphenhydramine,1
Selexipag,Pioglitazone,0
Pindolol,Artemether,0
Dofetilide,Saquinavir,1
Arformoterol,Fluvastatin,0
Bromocriptine,Crizotinib,0
Suvorexant,Promethazine,1
Tofacitinib,Ziprasidone,0
Labetalol,Eliglustat,0
Thalidomide,Topiroxostat,0
Estrone sulfate,Midostaurin,0
Nevirapine,Rotigotine,0
Aripiprazole,Penbutolol,0
Ambrisentan,Ticlopidine,0
Dorzolamide,Ambrisentan,0
Thiamylal,Isradipine,0
Pioglitazone,Pirlindole,1
Thiopental,Dicoumarol,0
Minaprine,Delavirdine,0
Rasagiline,Vemurafenib,0
Doxorubicin,Trimipramine,0
Rifabutin,Antipyrine,0
Dabrafenib,Arformoterol,0
Repaglinide,Felodipine,0
Atenolol,Doxazosin,0
Idarubicin,Tranylcypromine,0
Olanzapine,Clotrimazole,0
Phenobarbital,Nitrendipine,0
Methohexital,Hydrochlorothiazide,0
Toremifene,Hydroxyzine,1
Paliperidone,Amoxapine,1
Dihydroergotamine,Atazanavir,0
Naloxegol,Venlafaxine,0
Diltiazem,Cocaine,0
Everolimus,Bosutinib,0
Ubidecarenone,Cabergoline,0
Methotrimeprazine,Canagliflozin,0
Doxazosin,Clotrimazole,0
Doxepin,Bosutinib,0
Toloxatone,Hydroflumethiazide,0
Bosutinib,Amprenavir,0
Promethazine,Hydroxyzine,1
Saxagliptin,Escitalopram,1
Ibrutinib,Paroxetine,0
Salicylic acid,Hydroflumethiazide,0
Dabrafenib,Propafenone,0
Metoprolol,Methadone,0
Metoprolol,Amiodarone,0
Perampanel,Venlafaxine,0
Cyproterone acetate,Ritonavir,0
Diphenhydramine,Isoniazid,0
Hydrocodone,Lovastatin,0
Chlorothiazide,Nateglinide,0
Dabrafenib,Glipizide,0
Seratrodast,Dronedarone,0
Doxazosin,Clemastine,0
Nicotine,Indinavir,0
Mitotane,Rucaparib,0
Cinacalcet,Ranolazine,0
Chlorthalidone,Orphenadrine,0
Risperidone,Saquinavir,0
Pazopanib,Treprostinil,1
Mycophenolate mofetil,Norfloxacin,0
Amoxapine,Zileuton,0
Phenoxybenzamine,Captopril,0
Cyclosporine,Daunorubicin,1
Erythromycin,Clopidogrel,0
Dorzolamide,Nilvadipine,0
Celecoxib,Midostaurin,0
Glimepiride,Valsartan,0
Nateglinide,Bortezomib,0
Moclobemide,Modafinil,0
Etravirine,Modafinil,0
Conivaptan,Bisoprolol,0
Chloroquine,Arformoterol,1
Donepezil,Darunavir,0
Bosentan,Nevirapine,0
Nevirapine,Riociguat,0
Mycophenolate mofetil,Teriflunomide,0
Escitalopram,Zucapsaicin,0
Apixaban,Imatinib,0
Saxagliptin,Doxycycline,0
Oxprenolol,Doxylamine,1
Deferasirox,Amiodarone,0
Azelastine,Atazanavir,0
Testosterone,Idelalisib,0
Chlorpropamide,Sitagliptin,1
Clomipramine,Minocycline,1
Lovastatin,Olanzapine,0
Lumiracoxib,Voriconazole,0
Rifampicin,Clonidine,0
Nilotinib,Boceprevir,0
Fosphenytoin,Zafirlukast,0
Rifaximin,Pantoprazole,0
Clonidine,Atenolol,1
Telaprevir,Telithromycin,0
Citalopram,Sunitinib,1
Tacrolimus,Osimertinib,0
Dabrafenib,Phenytoin,0
Pioglitazone,Doxycycline,0
Buspirone,Dronabinol,1
Rifampicin,Haloperidol,0
Olanzapine,Mirabegron,0
Diclofenac,Ticagrelor,0
Thioridazine,Ticagrelor,0
Paliperidone,Sitagliptin,0
Ambrisentan,Isradipine,0
Mirtazapine,Tapentadol,1
Terbinafine,Ranolazine,0
Carvedilol,Formoterol,0
Buspirone,Rucaparib,0
Repaglinide,Lumacaftor,0
Mycophenolate mofetil,Bortezomib,0
Cabergoline,Netupitant,0
Progesterone,Mifepristone,0
Pentobarbital,Azithromycin,0
Bortezomib,Ritonavir,0
Leflunomide,Ropinirole,0
Bosutinib,Darunavir,0
Arformoterol,Lobeglitazone,0
Glipizide,Olsalazine,1
Olsalazine,Norfloxacin,0
Fosphenytoin,Carvedilol,0
Zafirlukast,Efavirenz,0
Pimozide,Fesoterodine,0
Labetalol,Etoricoxib,0
Teriflunomide,Clopidogrel,0
Formoterol,Sulfisoxazole,0
Carbamazepine,Ambrisentan,0
Carvedilol,Nicotine,0
Alogliptin,Clemastine,0
Desvenlafaxine,Aprepitant,0
Dolasetron,Clobazam,0
Orphenadrine,Droperidol,1
Quinidine,Dosulepin,1
Ledipasvir,Lumacaftor,0
Indapamide,Levodopa,0
Darifenacin,Clemastine,0
Acemetacin,Tibolone,0
Rucaparib,Isoniazid,0
Losartan,Crizotinib,0
Fosamprenavir,Mifepristone,0
Propranolol,Pantoprazole,0
Metoprolol,Lobeglitazone,0
Dabrafenib,Estrone,0
Antipyrine,Venlafaxine,0
Disopyramide,Glimepiride,1
Metamfetamine,Prochlorperazine,0
Clarithromycin,Isavuconazonium,0
Glimepiride,Ceritinib,0
Cabergoline,Deslanoside,0
Aminophylline,Clemastine,0
Glimepiride,Metipranolol,1
Nortriptyline,Verapamil,0
Carteolol,Levomilnacipran,0
Ropinirole,Palbociclib,0
Escitalopram,Ceritinib,0
Isradipine,Hydroflumethiazide,0
Phenobarbital,Sildenafil,0
Ambrisentan,Indinavir,0
Disopyramide,Amitriptyline,1
Haloperidol,Magnesium sulfate,1
Phenelzine,Atenolol,0
Dextroamphetamine,Fluvoxamine,0
Meloxicam,Fosamprenavir,0
Desipramine,Argatroban,0
Rifaximin,Mefloquine,0
Mestranol,Ticlopidine,0
Carbamazepine,Vemurafenib,0
Iloperidone,Artemether,0
Phenytoin,Bortezomib,0
Estradiol,Vemurafenib,0
Fosphenytoin,Isradipine,0
Eliglustat,Thioridazine,0
Mycophenolate mofetil,Nefazodone,0
Furosemide,Repaglinide,0
Vincristine,Vemurafenib,0
Methyclothiazide,Fluvoxamine,0
Rifapentine,Saxagliptin,0
Sotalol,Eliglustat,1
Atenolol,Formoterol,0
Amprenavir,Sulfamethoxazole,0
Ceritinib,Telithromycin,0
Clobazam,Gemfibrozil,0
Glimepiride,Selegiline,1
Tolterodine,Cocaine,0
Enzalutamide,Ticagrelor,0
Macitentan,Modafinil,0
Parecoxib,Polythiazide,0
Telaprevir,Zolpidem,0
Rifapentine,Chloroquine,0
Selegiline,Chlorothiazide,0
Risperidone,Palbociclib,0
Methotrimeprazine,Pramipexole,0
Imipramine,Dasatinib,0
Labetalol,Ticlopidine,0
Benzphetamine,Voriconazole,0
Mirtazapine,Perphenazine,1
Testosterone,Zafirlukast,0
Parecoxib,Sulfadiazine,0
Phenelzine,Metolazone,0
Cyclophosphamide,Thalidomide,1
Buprenorphine,Bupropion,0
Prucalopride,Propafenone,0
Ondansetron,Dasatinib,0
Ropinirole,Diltiazem,0
Dextroamphetamine,Darunavir,0
Sildenafil,Itraconazole,0
Lumiracoxib,Pantoprazole,0
Tolterodine,Ivacaftor,0
Lumacaftor,Nefazodone,0
Venlafaxine,Fluconazole,0
Quetiapine,Levofloxacin,1
Pindolol,Nevirapine,0
Fluvastatin,Ethanol,0
Cisapride,Tamoxifen,1
Amobarbital,Carteolol,0
Paliperidone,Rotigotine,0
Deferasirox,Sulfadiazine,0
Secobarbital,Phenytoin,0
Mitotane,Crizotinib,0
Hydrocodone,Voriconazole,0
Prochlorperazine,Atenolol,0
Sulfamethoxazole,Ceritinib,0
Levofloxacin,Teriflunomide,0
Verapamil,Enalapril,0
Doxylamine,Amphetamine,0
Alprenolol,Carvedilol,0
Simvastatin,Ziprasidone,0
Nitrendipine,Lovastatin,0
Mycophenolate mofetil,Fosaprepitant,0
Rifabutin,Selexipag,0
Ranolazine,Palbociclib,0
Naloxegol,Lumacaftor,0
Labetalol,Methylphenidate,0
Haloperidol,Ketoconazole,0
Tacrolimus,Pantoprazole,0
Enzalutamide,Canagliflozin,0
Amitriptyline,Boceprevir,0
Enzalutamide,Luliconazole,0
Thalidomide,Simeprevir,0
Levodopa,Nilotinib,0
Leflunomide,Trichlormethiazide,0
Levofloxacin,Fingolimod,1
Asenapine,Fingolimod,1
Metamfetamine,Alprenolol,1
Tolterodine,Dasatinib,0
Warfarin,Vemurafenib,0
Alogliptin,Clobazam,0
Phenoxybenzamine,Simeprevir,0
Mitotane,Buspirone,0
Mexiletine,Delavirdine,0
Tramadol,Posaconazole,0
Olaparib,Ketoconazole,0
Epinastine,Cimetidine,0
Seratrodast,Tranylcypromine,0
Zuclopenthixol,Dronedarone,0
Rucaparib,Ceritinib,0
Diltiazem,Netupitant,0
Rifabutin,Promazine,0
Primidone,Pravastatin,0
Benzphetamine,Clotrimazole,0
Tranylcypromine,Lercanidipine,0
Mirabegron,Olaparib,0
Edoxaban,Azithromycin,0
Promethazine,Clemastine,0
Itraconazole,Darunavir,0
Tizanidine,Nelfinavir,0
Sildenafil,Hydrochlorothiazide,0
Doxepin,Toloxatone,1
Rilpivirine,Cobicistat,0
Quazepam,Ivacaftor,0
Delavirdine,Dihydroergotamine,0
Glyburide,Selegiline,1
Ropinirole,Idelalisib,0
Dihydroergotamine,Ceritinib,0
Diphenhydramine,Esomeprazole,0
Losartan,Doxycycline,0
Doxazosin,Lobeglitazone,0
Buprenorphine,Cocaine,1
Clonidine,Macitentan,0
Bisoprolol,Dasatinib,0
Erythromycin,Tolterodine,1
Balsalazide,Bumetanide,0
Salicylic acid,Ketoconazole,0
Pravastatin,Glyburide,0
Fluoxetine,Tolbutamide,0
Bosentan,Cinacalcet,0
Tizanidine,Fingolimod,1
Trimipramine,Fluorouracil,0
Tacrolimus,Dabigatran etexilate,0
Aripiprazole,Ceritinib,0
Paraldehyde,Perampanel,1
Ethanol,Lovastatin,0
Rifapentine,Sertraline,0
Deslanoside,Clarithromycin,0
Promazine,Esmolol,0
Silodosin,Nilotinib,0
Ciprofloxacin,Captopril,1
Nicotine,Paroxetine,0
Glipizide,Stiripentol,0
Bosentan,Efavirenz,0
Riociguat,Isavuconazonium,0
Conivaptan,Citalopram,0
Celecoxib,Posaconazole,0
Cilostazol,Theophylline,0
Methylene blue,Moexipril,0
Rabeprazole,Netupitant,0
Chlorpromazine,Pramipexole,0
Methotrimeprazine,Olanzapine,1
Mitotane,Progesterone,0
Carvedilol,Fluvoxamine,0
Alfuzosin,Formoterol,0
Bosentan,Iloperidone,0
Rilpivirine,Quinidine,0
Simvastatin,Thiopental,0
Minaprine,Clonidine,0
Tolazamide,Canagliflozin,1
Phenobarbital,Ketoconazole,0
Fosphenytoin,Pregabalin,0
Conivaptan,Trimethoprim,0
Ranolazine,Cyclosporine,0
Ambrisentan,Ketoconazole,0
Primidone,Saquinavir,0
Hydroflumethiazide,Paroxetine,0
Chloroquine,Dihydroergotamine,0
Oxprenolol,Hydroxyzine,1
Clozapine,Amiodarone,0
Verapamil,Afatinib,0
Diclofenac,Fluorouracil,0
Phenprocoumon,Erythromycin,0
Alogliptin,Isavuconazonium,0
Amprenavir,Mifepristone,0
Cyproterone acetate,Clozapine,0
Fluorouracil,Acetyldigitoxin,0
Amitriptyline,Toloxatone,1
Nortriptyline,Valsartan,0
Ciprofloxacin,Galantamine,1
Metamfetamine,Lopinavir,0
Lopinavir,Rosiglitazone,0
Ixazomib,Erythromycin,0
Ixazomib,Lumefantrine,0
Nicorandil,Hydroflumethiazide,0
Cyclobenzaprine,Doxycycline,0
Deferasirox,Nicardipine,0
Rotigotine,Caffeine,0
Macitentan,Aprepitant,0
Rifabutin,Modafinil,0
Primaquine,Amiodarone,0
Lercanidipine,Nilotinib,0
Aliskiren,Imatinib,0
Lopinavir,Thalidomide,0
Tolbutamide,Timolol,1
Primidone,Methadone,0
Pindolol,Leflunomide,0
Buprenorphine,Manidipine,0
Rosuvastatin,Sildenafil,0
Pentobarbital,Tolterodine,0
Quinine,Lumacaftor,0
Phenprocoumon,Glipizide,1
Conivaptan,Indapamide,0
Chlorthalidone,Fluvoxamine,0
Labetalol,Formoterol,0
Dicoumarol,Ibuprofen,1
Phenprocoumon,Diclofenac,1
Tizanidine,Ergotamine,0
Rosiglitazone,Desvenlafaxine,1
Canagliflozin,Idelalisib,0
Dolasetron,Artemether,0
Ethinylestradiol,Palbociclib,0
Methotrimeprazine,Orphenadrine,1
Chlorpromazine,Duloxetine,0
Vemurafenib,Artemether,0
Bosentan,Trichlormethiazide,0
Pimozide,Treprostinil,1
Primidone,Minocycline,1
Darifenacin,Olaparib,0
Mirtazapine,Phenytoin,1
Sertraline,Clarithromycin,0
Citalopram,Netupitant,0
Antipyrine,Clarithromycin,0
Progesterone,Tamoxifen,0
Sotalol,Chloroquine,0
Quinine,Amiodarone,0
Chloroquine,Vardenafil,1
Pentobarbital,Idelalisib,0
Clonidine,Dihydroergotamine,0
Mitotane,Clarithromycin,0
Tofacitinib,Propranolol,1
Dolasetron,Imipramine,1
Minaprine,Terbinafine,0
Ondansetron,Amoxapine,1
Bortezomib,Tranylcypromine,0
Thiopental,Clomipramine,0
Methyclothiazide,Venlafaxine,0
Pentamidine,Disopyramide,1
Glyburide,Esomeprazole,0
Fluoxetine,Losartan,0
Rifabutin,Cyclophosphamide,0
Ranolazine,Sulfisoxazole,0
Eliglustat,Rolapitant,0
Gliclazide,Bopindolol,1
Methotrimeprazine,Doxycycline,0
Rifapentine,Rivaroxaban,0
Labetalol,Trichlormethiazide,0
Parecoxib,Nefazodone,0
Phenytoin,Caffeine,0
Lorcaserin,Cobicistat,0
Perphenazine,Quinine,0
Clarithromycin,Atomoxetine,1
Rifapentine,Alprenolol,0
Doxylamine,Ropinirole,0
Suvorexant,Atomoxetine,0
Phenprocoumon,Ticagrelor,0
Dofetilide,Cisapride,1
Ethanol,Zuclopenthixol,1
Rucaparib,Mifepristone,0
Loratadine,Metyrosine,0
Quinidine,Iloperidone,0
Dabrafenib,Cilostazol,0
Lumacaftor,Vardenafil,0
Haloperidol,Diphenhydramine,1
Phenobarbital,Nabilone,1
Estradiol,Mexiletine,0
Clarithromycin,Fosaprepitant,0
Carbamazepine,Amprenavir,0
Ethanol,Methylphenobarbital,1
Mirtazapine,Ketoconazole,0
Riociguat,Simeprevir,0
Azelastine,Zucapsaicin,0
Tofacitinib,Saquinavir,0
Thioridazine,Methadone,0
Pantoprazole,Dosulepin,0
Ticlopidine,Ketoconazole,0
Metamfetamine,Ropinirole,0
Desipramine,Mirabegron,0
Cyclobenzaprine,Ticlopidine,0
Rifaximin,Carbamazepine,0
Etravirine,Cholecalciferol,0
Daunorubicin,Palbociclib,0
Thiopental,Bupranolol,0
Macitentan,Zucapsaicin,0
Tacrolimus,Meloxicam,1
Artemether,Saquinavir,0
Cisapride,Sevoflurane,1
Cyclophosphamide,Ticlopidine,0
Tamoxifen,Atazanavir,0
Tipranavir,Palbociclib,0
Phenobarbital,Efavirenz,0
Fluvastatin,Promazine,0
Glipizide,Glyburide,1
Cabergoline,Dolasetron,1
Esomeprazole,Fluvoxamine,0
Dabigatran etexilate,Acemetacin,1
Celiprolol,Boceprevir,0
Levomilnacipran,Rucaparib,0
Primidone,Etoricoxib,0
Rifampicin,Dasatinib,0
Estrone,Clopidogrel,0
Rasagiline,Penbutolol,0
Pentobarbital,Irbesartan,0
Citalopram,Esomeprazole,0
Etravirine,Dabigatran etexilate,0
Mexiletine,Dihydroergotamine,0
Anagrelide,Digitoxin,0
Asenapine,Nicardipine,1
Glipizide,Cimetidine,0
Bupranolol,Etoricoxib,0
Nateglinide,Isavuconazonium,0
Nicotine,Nilotinib,0
Celecoxib,Verapamil,0
Venlafaxine,Sulfadiazine,0
Amitriptyline,Caffeine,0
Ibrutinib,Ziprasidone,0
Enzalutamide,Ouabain,0
Lorcaserin,Lopinavir,0
Estradiol,Imatinib,0
Levomilnacipran,Nebivolol,0
Vincristine,Crizotinib,0
Cimetidine,Tamoxifen,0
Cocaine,Pramipexole,0
Propafenone,Trimethoprim,1
Primidone,Tacrolimus,0
Ropinirole,Luliconazole,0
Pirlindole,Enalaprilat,0
Rifabutin,Ivacaftor,0
Rifaximin,Magnesium sulfate,0
Simvastatin,Rolapitant,0
Fosphenytoin,Guanfacine,0
Loratadine,Quinine,0
Metoprolol,Esomeprazole,0
Ondansetron,Clemastine,0
Enalapril,Polythiazide,0
Caffeine,Lovastatin,0
Tapentadol,Mifepristone,0
Clozapine,Leflunomide,0
Phenytoin,Azithromycin,0
Rifabutin,Ixazomib,0
Darunavir,Doxycycline,0
Rifapentine,Cabergoline,0
Glipizide,Valproic acid,0
Seratrodast,Delavirdine,0
Estrone,Nicotine,0
Cholecalciferol,Bortezomib,0
Clonidine,Timolol,1
Betaxolol,Phenoxybenzamine,0
Pentobarbital,Cimetidine,0
Labetalol,Levomilnacipran,0
Captopril,Dosulepin,0
Tolvaptan,Itraconazole,0
Orphenadrine,Cobicistat,0
Cimetidine,Nilotinib,0
Acenocoumarol,Amoxapine,1
Promazine,Sulfadiazine,0
Yohimbine,Celecoxib,0
Methohexital,Doxylamine,1
Panobinostat,Lopinavir,0
Quinethazone,Fesoterodine,0
Dabrafenib,Pazopanib,0
Enzalutamide,Orphenadrine,0
Nevirapine,Mexiletine,0
Moclobemide,Tipranavir,0
Netupitant,Paroxetine,0
Clozapine,Tolbutamide,0
Lorcaserin,Nefazodone,0
Labetalol,Propafenone,0
Rilpivirine,Fluconazole,0
Trimethoprim,Atomoxetine,0
Bendroflumethiazide,Alprenolol,0
Desipramine,Atomoxetine,0
Prucalopride,Saquinavir,0
Aliskiren,Lopinavir,0
Bupranolol,Balsalazide,0
Paliperidone,Brimonidine,1
Chlorthalidone,Nefazodone,0
Efavirenz,Itraconazole,0
Rabeprazole,Fluoxetine,0
Afatinib,Crizotinib,0
Quetiapine,Tolbutamide,0
Rilpivirine,Propofol,0
Tranylcypromine,Dorzolamide,0
Quetiapine,Simeprevir,0
Lapatinib,Rucaparib,0
Verapamil,Acetyldigitoxin,1
Ziprasidone,Magnesium sulfate,1
Boceprevir,Darunavir,0
Clonidine,Dorzolamide,0
Seratrodast,Cholecalciferol,0
Estradiol,Clotrimazole,0
Rifampicin,Idarubicin,0
Phenoxybenzamine,Atomoxetine,0
Everolimus,Amprenavir,0
Esomeprazole,Telithromycin,0
Vardenafil,Riociguat,0
Cilostazol,Efavirenz,0
Granisetron,Fluvoxamine,0
Dofetilide,Quinidine,1
Trimipramine,Pargyline,1
Nelfinavir,Delavirdine,0
Ropinirole,Nilotinib,0
Zuclopenthixol,Trimipramine,1
Dihydroergotamine,Esmolol,1
Clemastine,Moclobemide,0
Selegiline,Doxycycline,0
Rifabutin,Ropinirole,0
Nevirapine,Zileuton,0
Rifampicin,Ambrisentan,0
Clomipramine,Valproic acid,0
Bortezomib,Luliconazole,0
Propranolol,Levodopa,0
Olopatadine,Idelalisib,0
Fosphenytoin,Brimonidine,1
Cholecalciferol,Mifepristone,0
Mitotane,Boceprevir,0
Azelastine,Amiodarone,0
Idarubicin,Sulfamethoxazole,0
Chlorothiazide,Tolbutamide,0
Tolterodine,Luliconazole,0
Azelastine,Fosamprenavir,0
Betaxolol,Leflunomide,0
Thiamylal,Chlorothiazide,0
Selexipag,Vemurafenib,0
Everolimus,Dronabinol,0
Ibrutinib,Celecoxib,0
Topotecan,Venlafaxine,0
Carbamazepine,Luliconazole,0
Nabilone,Tapentadol,1
Furazolidone,Labetalol,0
Amphetamine,Ziprasidone,0
Tamsulosin,Saquinavir,0
Vemurafenib,Esomeprazole,0
Cholecalciferol,Olaparib,0
Clobazam,Dihydroergotamine,0
Tacrolimus,Esomeprazole,0
Rivaroxaban,Olopatadine,1
Idarubicin,Cobicistat,0
Esmolol,Chloroquine,0
Vemurafenib,Isavuconazonium,0
Diltiazem,Hydroflumethiazide,0
Phenprocoumon,Doxycycline,0
Cocaine,Fluconazole,0
Tolterodine,Midostaurin,0
Metoprolol,Salicylic acid,0
Prucalopride,Clarithromycin,0
Aripiprazole,Magnesium sulfate,1
Timolol,Parecoxib,0
Ropinirole,Itraconazole,0
Clotrimazole,Vincristine,0
Amphetamine,Bendroflumethiazide,0
Ixazomib,Itraconazole,0
Warfarin,Phenindione,1
Primaquine,Lovastatin,0
Bromocriptine,Acetylsalicylic acid,1
Quinine,Fesoterodine,0
Pravastatin,Buprenorphine,0
Betaxolol,Celecoxib,0
Propafenone,Sulfisoxazole,0
Ibuprofen,Citalopram,0
Lidocaine,Carteolol,0
Lovastatin,Fluvoxamine,0
Deslanoside,Erythromycin,0
Timolol,Manidipine,0
Ibrutinib,Amprenavir,0
Primidone,Quinidine,0
Pentobarbital,Disopyramide,0
Sitagliptin,Delavirdine,0
Cilostazol,Vemurafenib,0
Nortriptyline,Mirabegron,0
Thiamylal,Manidipine,0
Levomilnacipran,Chlorpromazine,0
Omeprazole,Delavirdine,0
Hydrocodone,Suvorexant,1
Nevirapine,Tipranavir,0
Primidone,Cholecalciferol,0
Droperidol,Dronabinol,1
Deferasirox,Ropinirole,0
Leflunomide,Sulfamethoxazole,0
Testosterone,Delavirdine,0
Dextroamphetamine,Haloperidol,0
Tofacitinib,Metoprolol,1
Conivaptan,Tamoxifen,0
Fesoterodine,Panobinostat,0
Lithium cation,Ropinirole,0
Cocaine,Osimertinib,0
Acenocoumarol,Zafirlukast,0
Posaconazole,Fosaprepitant,0
Phenytoin,Isavuconazonium,0
Dolasetron,Sertraline,1
Epinastine,Fluconazole,0
Delavirdine,Palbociclib,0
Cyclophosphamide,Imipramine,0
Nateglinide,Manidipine,0
Trimethoprim,Nelfinavir,0
Toremifene,Doxepin,1
Vardenafil,Carteolol,0
Ibrutinib,Repaglinide,0
Ropinirole,Mestranol,0
Everolimus,Chlorpromazine,0
Tranylcypromine,Celiprolol,0
Pentobarbital,Ibrutinib,0
Apixaban,Stiripentol,0
Arformoterol,Irbesartan,0
Pantoprazole,Itraconazole,0
Propranolol,Abiraterone,0
Propofol,Lobeglitazone,0
Omeprazole,Fluvoxamine,0
Buprenorphine,Clozapine,1
Tolvaptan,Pimozide,0
Penbutolol,Aminophylline,0
Levomilnacipran,Atazanavir,0
Valproic acid,Acetylsalicylic acid,0
Penbutolol,Metyrosine,0
Carbamazepine,Nateglinide,0
Ziprasidone,Nortriptyline,1
Azithromycin,Formoterol,1
Fosphenytoin,Rabeprazole,0
Netupitant,Duloxetine,0
Amoxapine,Droperidol,1
Clopidogrel,Theophylline,0
Imipramine,Caffeine,0
Tamsulosin,Aprepitant,0
Pindolol,Paroxetine,0
Aliskiren,Telithromycin,0
Dorzolamide,Aliskiren,0
Bisoprolol,Digitoxin,1
Doxorubicin,Buspirone,0
Chloroquine,Palbociclib,0
Iloprost,Macitentan,0
Diphenhydramine,Nabilone,1
Glimepiride,Sorafenib,0
Rosiglitazone,Fluvastatin,0
Imatinib,Doxycycline,0
Darifenacin,Amiodarone,0
Clozapine,Lobeglitazone,0
Iloperidone,Doxycycline,0
Acenocoumarol,Doxycycline,0
Propofol,Tolbutamide,0
Pitavastatin,Dronedarone,0
Phenobarbital,Dronabinol,1
Nitrendipine,Clopidogrel,0
Cisapride,Ondansetron,1
Glipizide,Repaglinide,1
Fingolimod,Fusidic acid,0
Esmolol,Crizotinib,1
Etoricoxib,Chlorpromazine,0
Primidone,Hydroxyzine,1
Toremifene,Abiraterone,0
Thalidomide,Digitoxin,0
Mirabegron,Fosamprenavir,0
Cyclobenzaprine,Aprepitant,0
Rifapentine,Delavirdine,0
Rasagiline,Propranolol,0
Mirabegron,Fesoterodine,0
Pantoprazole,Lidocaine,0
Dolasetron,Fosaprepitant,0
Hydrochlorothiazide,Risperidone,0
Rifabutin,Dasatinib,0
Acebutolol,Azelastine,0
Selegiline,Dolasetron,1
Ixazomib,Methotrimeprazine,0
Parecoxib,Sulfamethoxazole,0
Tizanidine,Omeprazole,0
Topotecan,Methadone,0
Rasagiline,Chlorothiazide,0
Nelfinavir,Aprepitant,0
Lapatinib,Crisaborole,0
Dolasetron,Tipranavir,0
Phenytoin,Estradiol,0
Rivaroxaban,Treprostinil,1
Estrone sulfate,Glipizide,0
Buprenorphine,Isoniazid,0
Etoricoxib,Lovastatin,0
Enzalutamide,Esomeprazole,0
Ropinirole,Tibolone,0
Selegiline,Telithromycin,0
Clobazam,Nilotinib,0
Guanfacine,Nilvadipine,0
Erythromycin,Moexipril,1
Valproic acid,Olanzapine,0
Acenocoumarol,Tranylcypromine,0
Granisetron,Ivacaftor,0
Risperidone,Clotrimazole,0
Chlorpromazine,Stiripentol,0
Lopinavir,Telaprevir,0
Acetylsalicylic acid,Dosulepin,0
Levofloxacin,Clozapine,1
Ubidecarenone,Verapamil,0
Cyclobenzaprine,Sitagliptin,0
Amiodarone,Ticagrelor,0
Eliglustat,Dosulepin,0
Meloxicam,Ranolazine,0
Pentobarbital,Protriptyline,0
Esmolol,Olopatadine,0
Ritonavir,Dasatinib,0
Hexobarbital,Carvedilol,0
Orphenadrine,Nelfinavir,0
Levomilnacipran,Fluoxetine,0
Nevirapine,Cyclobenzaprine,0
Secobarbital,Alprenolol,0
Riociguat,Dihydroergotamine,0
Ondansetron,Arformoterol,1
Valproic acid,Lobeglitazone,0
Dorzolamide,Clemastine,0
Betaxolol,Terbinafine,0
Pimozide,Propafenone,1
Dabigatran etexilate,Azelastine,1
Dabrafenib,Artemether,0
Lumefantrine,Dihydroergotamine,0
Ledipasvir,Cyclophosphamide,0
Amitriptyline,Diphenhydramine,0
Phenytoin,Torasemide,0
Pantoprazole,Efavirenz,0
Midostaurin,Crizotinib,0
Diltiazem,Aprepitant,0
Canagliflozin,Levodopa,0
Promazine,Ritonavir,1
Hexobarbital,Ivacaftor,0
Nateglinide,Moclobemide,1
Sulfisoxazole,Galantamine,1
Phenobarbital,Rifabutin,0
Sevoflurane,Lopinavir,0
Manidipine,Fluconazole,0
Gemfibrozil,Ivacaftor,0
Penbutolol,Leflunomide,0
Sotalol,Olanzapine,1
Lovastatin,Amprenavir,0
Toloxatone,Lercanidipine,0
Olsalazine,Levofloxacin,0
Telithromycin,Indinavir,0
Bopindolol,Theophylline,0
Quinethazone,Levomilnacipran,0
Tacrolimus,Enalapril,0
Rosuvastatin,Moexipril,0
Metoprolol,Perphenazine,0
Theophylline,Indinavir,0
Clopidogrel,Fosamprenavir,0
Apixaban,Zafirlukast,0
Pindolol,Clobazam,0
Ambrisentan,Pantoprazole,0
Bosentan,Ceritinib,0
Doxazosin,Venlafaxine,0
Disopyramide,Iloperidone,1
Glimepiride,Rosiglitazone,1
Fingolimod,Voriconazole,0
Crizotinib,Mefloquine,1
Doxorubicin,Colchicine,0
Thiopental,Metipranolol,0
Carteolol,Indomethacin,0
Dextroamphetamine,Cinacalcet,0
Quinidine,Mirtazapine,1
Toremifene,Sevoflurane,1
Hydrochlorothiazide,Bupranolol,0
Bendroflumethiazide,Glipizide,0
Ibuprofen,Indinavir,0
Aprepitant,Cimetidine,0
Pioglitazone,Aprepitant,0
Rasagiline,Lidocaine,0
Aprepitant,Rosiglitazone,0
Rifapentine,Ketoconazole,0
Pirlindole,Hydroflumethiazide,0
Bisoprolol,Telithromycin,0
Canagliflozin,Etacrynic acid,0
Sulfamethoxazole,Norfloxacin,1
Selexipag,Isavuconazonium,0
Nicorandil,Bendroflumethiazide,0
Nicardipine,Tipranavir,0
Riociguat,Argatroban,0
Methylene blue,Valsartan,0
Bupropion,Lapatinib,0
Selexipag,Felodipine,0
Testosterone,Crisaborole,0
Acetylsalicylic acid,Torasemide,0
Citalopram,Indapamide,1
Losartan,Imatinib,0
Prucalopride,Afatinib,0
Bromocriptine,Imatinib,0
Cabergoline,Rivaroxaban,0
Promazine,Metipranolol,0
Ibrutinib,Antipyrine,0
Donepezil,Idelalisib,0
Pitavastatin,Fluconazole,0
Nicardipine,Dasatinib,0
Orphenadrine,Dronabinol,1
Phenytoin,Ixazomib,0
Rifabutin,Clomipramine,0
Enalapril,Stiripentol,0
Lopinavir,Methadone,1
Crizotinib,Gemifloxacin,1
Eliglustat,Panobinostat,0
Carbamazepine,Ibrutinib,0
Tacrolimus,Escitalopram,0
Nefazodone,Fosaprepitant,0
Tizanidine,Ropinirole,0
Clomipramine,Fesoterodine,0
Deferasirox,Tolterodine,0
Vardenafil,Polythiazide,0
Balsalazide,Bendroflumethiazide,0
Lumiracoxib,Desvenlafaxine,0
Canagliflozin,Nilotinib,0
Rifabutin,Pregabalin,0
Teriflunomide,Clozapine,0
Azelastine,Buspirone,1
Iloprost,Guanfacine,0
Sulfadiazine,Nelfinavir,0
Hydrochlorothiazide,Paroxetine,0
Metolazone,Orphenadrine,0
Moexipril,Yohimbine,0
Epinastine,Ivacaftor,0
Promazine,Diltiazem,0
Moclobemide,Acebutolol,0
Olopatadine,Atomoxetine,0
Colchicine,Idelalisib,0
Mefloquine,Oxprenolol,1
Metamfetamine,Clomipramine,0
Dronabinol,Cyclosporine,0
Primidone,Parecoxib,0
Levodopa,Desipramine,0
Pazopanib,Mifepristone,1
Thioridazine,Erythromycin,1
Ondansetron,Terbinafine,0
Phenindione,Erythromycin,0
Cyclobenzaprine,Terbinafine,0
Etravirine,Abiraterone,0
Bupropion,Isoniazid,0
Rifampicin,Ziprasidone,0
Amprenavir,Osimertinib,0
Prucalopride,Boceprevir,0
Quazepam,Venlafaxine,0
Antipyrine,Nilotinib,0
Darifenacin,Itraconazole,0
Metamfetamine,Darifenacin,0
Metoprolol,Epoprostenol,0
Meloxicam,Iloprost,0
Dabrafenib,Etoricoxib,0
Dihydroergotamine,Telithromycin,0
Clotrimazole,Saxagliptin,0
Olopatadine,Ranolazine,0
Hydrochlorothiazide,Duloxetine,0
Sertraline,Buspirone,1
Argatroban,Imatinib,0
Epinastine,Lorcaserin,0
Minaprine,Isoniazid,0
Secobarbital,Aliskiren,0
Delavirdine,Cocaine,0
Secobarbital,Lapatinib,0
Selegiline,Olaparib,0
Droperidol,Rilpivirine,1
Clomipramine,Gemfibrozil,0
Dofetilide,Methadone,1
Mifepristone,Fusidic acid,0
Ibrutinib,Ranolazine,0
Moclobemide,Diphenhydramine,0
Cyclobenzaprine,Perampanel,1
Lorcaserin,Mexiletine,0
Galantamine,Fosamprenavir,0
Hydrocodone,Rotigotine,0
Pentobarbital,Bosentan,0
Rifapentine,Salicylic acid,0
Crizotinib,Levofloxacin,1
Enzalutamide,Lercanidipine,0
Primaquine,Sunitinib,1
Naloxegol,Carvedilol,0
Aliskiren,Fosamprenavir,0
Nicardipine,Luliconazole,0
Idelalisib,Acetyldigitoxin,0
Thioridazine,Minocycline,1
Amobarbital,Doxazosin,0
Lapatinib,Ketoconazole,0
Nicardipine,Cyclosporine,0
Pazopanib,Etravirine,0
Pitavastatin,Rifapentine,0
Tamoxifen,Efavirenz,0
Ondansetron,Cocaine,0
Bopindolol,Venlafaxine,0
Tamoxifen,Sorafenib,0
Methadone,Cocaine,0
Cabergoline,Sildenafil,0
Chloroquine,Amoxapine,1
Atazanavir,Ketoconazole,0
Diclofenac,Aprepitant,0
Moclobemide,Isoniazid,0
Propofol,Sorafenib,0
Amiodarone,Lithium cation,1
Imipramine,Telaprevir,0
Zileuton,Vemurafenib,0
Dofetilide,Cobicistat,0
Galantamine,Paroxetine,0
Zolpidem,Magnesium sulfate,1
Panobinostat,Dasatinib,0
Suvorexant,Conivaptan,0
Rifapentine,Granisetron,0
Aripiprazole,Ziprasidone,0
Ticlopidine,Lobeglitazone,0
Pseudoephedrine,Cholecalciferol,0
Azelastine,Iloperidone,1
Rucaparib,Tranylcypromine,0
Metipranolol,Antipyrine,0
Salicylic acid,Bendroflumethiazide,0
Estradiol,Diltiazem,0
Metolazone,Pioglitazone,0
Citalopram,Cocaine,0
Methylphenobarbital,Phenoxybenzamine,0
Fluvastatin,Fusidic acid,0
Thalidomide,Diphenhydramine,1
Ondansetron,Simeprevir,0
Perphenazine,Esmolol,0
Dorzolamide,Imatinib,0
Acenocoumarol,Ticagrelor,0
Mifepristone,Idelalisib,0
Pravastatin,Olaparib,0
Quinine,Manidipine,0
Methylphenobarbital,Sodium oxybate,1
Dabrafenib,Formoterol,0
Brimonidine,Bopindolol,1
Arformoterol,Delavirdine,0
Saquinavir,Mifepristone,1
Cyproterone acetate,Desipramine,0
Lercanidipine,Ketoconazole,0
Pimozide,Delavirdine,0
Levomilnacipran,Ondansetron,1
Venlafaxine,Pargyline,1
Doxorubicin,Bortezomib,0
Pseudoephedrine,Nadolol,1
Ondansetron,Propofol,1
Aripiprazole,Sodium oxybate,1
Enalapril,Bortezomib,0
Pentamidine,Azithromycin,1
Loratadine,Nicardipine,0
Asenapine,Ivacaftor,0
Nevirapine,Simvastatin,0
Gemifloxacin,Clozapine,1
Lercanidipine,Clemastine,0
Epinastine,Posaconazole,0
Mirtazapine,Buspirone,1
Epinastine,Fluoxetine,0
Ciprofloxacin,Arformoterol,1
Nitrendipine,Fosaprepitant,0
Estrone sulfate,Torasemide,0
Dicoumarol,Dronedarone,0
Ixazomib,Ceritinib,0
Nitrendipine,Ambrisentan,0
Argatroban,Clemastine,0
Diphenhydramine,Delavirdine,0
Quazepam,Dasatinib,0
Tipranavir,Glipizide,0
Artemether,Propofol,1
Loratadine,Dronabinol,1
Sitagliptin,Dasatinib,0
Dofetilide,Dihydroergotamine,0
Bupropion,Zafirlukast,0
Hydrocodone,Artemether,0
Antipyrine,Torasemide,0
Trimipramine,Duloxetine,1
Thioridazine,Cimetidine,0
Enzalutamide,Omeprazole,0
Mirtazapine,Simeprevir,0
Thalidomide,Zucapsaicin,0
Diphenhydramine,Sulfamethoxazole,0
Repaglinide,Nelfinavir,0
Phenelzine,Hydrochlorothiazide,0
Parecoxib,Bumetanide,0
Moclobemide,Methotrimeprazine,0
Epinastine,Promazine,0
Pindolol,Mesalazine,0
Estradiol,Lopinavir,0
Mifepristone,Balsalazide,1
Ticlopidine,Ceritinib,0
Omeprazole,Netupitant,0
Azelastine,Indapamide,0
Amobarbital,Theophylline,0
Perphenazine,Chloroquine,0
Thalidomide,Olopatadine,1
Pentamidine,Fingolimod,1
Epinastine,Manidipine,0
Propafenone,Verapamil,0
Ximelagatran,Azelastine,1
Secobarbital,Sotalol,0
Fosphenytoin,Torasemide,0
Ciprofloxacin,Bortezomib,1
Pravastatin,Valproic acid,0
Nicorandil,Enalapril,0
Daunorubicin,Ouabain,0
Ranolazine,Nitrendipine,0
Teriflunomide,Cyclobenzaprine,0
Alprenolol,Digitoxin,1
Ximelagatran,Rosiglitazone,1
Tamsulosin,Bortezomib,0
Propranolol,Tranylcypromine,0
Pioglitazone,Topiroxostat,0
Levodopa,Hydroxyzine,1
Ambrisentan,Dihydroergotamine,0
Silodosin,Isavuconazonium,0
Nortriptyline,Saxagliptin,0
Metoprolol,Nilvadipine,0
Nortriptyline,Droperidol,1
Sevoflurane,Clemastine,0
Rifapentine,Donepezil,0
Sorafenib,Felodipine,0
Methohexital,Dronabinol,1
Bosentan,Valsartan,0
Epinastine,Dronedarone,0
Quinethazone,Tolazamide,0
Suvorexant,Posaconazole,0
Fosphenytoin,Fluorouracil,0
Cyclobenzaprine,Vemurafenib,0
Galantamine,Amiodarone,0
Granisetron,Stiripentol,0
Voriconazole,Clemastine,0
Erythromycin,Promethazine,1
Orphenadrine,Idelalisib,0
Cabergoline,Digoxin,0
Glipizide,Propranolol,1
Hydrochlorothiazide,Selexipag,0
Zuclopenthixol,Arformoterol,1
Rosiglitazone,Vemurafenib,0
Lidocaine,Sorafenib,0
Trimethoprim,Imatinib,0
Doxazosin,Modafinil,0
Ziprasidone,Darunavir,0
Clomipramine,Metyrosine,0
Propafenone,Propofol,1
Lopinavir,Protriptyline,1
Suvorexant,Atazanavir,0
Mirtazapine,Efavirenz,1
Ciprofloxacin,Lithium cation,1
Aminophylline,Cobicistat,0
Clobazam,Lobeglitazone,0
Dasatinib,Voriconazole,1
Dorzolamide,Nefazodone,0
Doxorubicin,Venlafaxine,0
Thalidomide,Ouabain,0
Zileuton,Torasemide,0
Anagrelide,Vemurafenib,0
Atenolol,Methylphenidate,0
Clomipramine,Rivaroxaban,0
Balsalazide,Azelastine,1
Celecoxib,Zafirlukast,0
Rolapitant,Telaprevir,0
Amoxapine,Dosulepin,0
Azithromycin,Osimertinib,0
Aminophylline,Lovastatin,0
Meloxicam,Fluvoxamine,0
Ondansetron,Clomipramine,1
Phenytoin,Clemastine,0
Phenobarbital,Imipramine,0
Tacrolimus,Etoricoxib,1
Edoxaban,Ibuprofen,1
Yohimbine,Amitriptyline,0
Diclofenac,Losartan,0
Aliskiren,Darunavir,0
Amitriptyline,Furazolidone,1
Simvastatin,Cyclophosphamide,0
Minaprine,Macitentan,0
Pravastatin,Quinidine,0
Daunorubicin,Fusidic acid,0
Tapentadol,Benzphetamine,0
Thioridazine,Crizotinib,1
Riociguat,Aprepitant,0
Clonidine,Panobinostat,0
Mianserin,Boceprevir,0
Primidone,Daunorubicin,0
Pentobarbital,Ticlopidine,0
Primaquine,Doxepin,1
Dronedarone,Nelfinavir,0
Dofetilide,Ranolazine,0
Pentobarbital,Pramipexole,0
Trimethoprim,Fosamprenavir,0
Amiodarone,Propranolol,1
Deferasirox,Indinavir,0
Alprenolol,Olopatadine,0
Afatinib,Mefloquine,0
Quinine,Toloxatone,1
Disopyramide,Ketoconazole,0
Pazopanib,Doxazosin,0
Phenprocoumon,Fluconazole,0
Imatinib,Fluorouracil,0
Warfarin,Lidocaine,0
Rifapentine,Caffeine,0
Lovastatin,Ticlopidine,0
Desvenlafaxine,Crizotinib,0
Cinacalcet,Tramadol,0
Toloxatone,Oxprenolol,0
Pantoprazole,Lopinavir,0
Methylphenobarbital,Torasemide,0
Glyburide,Desvenlafaxine,1
Thioridazine,Terbinafine,0
Estrone,Darunavir,0
Lumacaftor,Aprepitant,0
Rifaximin,Imatinib,0
Mestranol,Fluorouracil,0
Felodipine,Stiripentol,0
Secobarbital,Glyburide,0
Iloperidone,Levodopa,0
Captopril,Cinacalcet,0
Mianserin,Rucaparib,0
Propranolol,Balsalazide,0
Doxazosin,Selexipag,0
Carbamazepine,Magnesium sulfate,1
Ubidecarenone,Imatinib,0
Meloxicam,Telithromycin,0
Simvastatin,Enalaprilat,0
Pregabalin,Desipramine,0
Suvorexant,Azelastine,1
Epoprostenol,Celiprolol,0
Timolol,Atomoxetine,0
Propranolol,Zileuton,0
Metolazone,Paroxetine,0
Glyburide,Verapamil,0
Ethanol,Dicoumarol,0
Ceritinib,Atomoxetine,1
Ledipasvir,Methadone,0
Metipranolol,Olsalazine,0
Anagrelide,Sulfamethoxazole,1
Carbamazepine,Felodipine,0
Atenolol,Ibuprofen,0
Acenocoumarol,Phenprocoumon,1
Rucaparib,Quinine,0
Ziprasidone,Alfuzosin,1
Lidocaine,Tolbutamide,0
Ibrutinib,Glyburide,0
Ergotamine,Diltiazem,0
Doxazosin,Nevirapine,0
Esomeprazole,Methylphenidate,0
Hydrocodone,Orphenadrine,1
Amobarbital,Torasemide,0
Ketoconazole,Fosaprepitant,0
Dabrafenib,Ethinylestradiol,0
Methadone,Mirabegron,1
Gemifloxacin,Chloroquine,1
Meloxicam,Gemifloxacin,0
Repaglinide,Olaparib,0
Chlorthalidone,Epoprostenol,0
Cyclobenzaprine,Mirabegron,0
Minaprine,Abiraterone,0
Cocaine,Sulfisoxazole,0
Risperidone,Olaparib,0
Metoprolol,Dabigatran etexilate,0
Repaglinide,Sildenafil,0
Ritonavir,Posaconazole,0
Tipranavir,Tramadol,0
Bisoprolol,Antipyrine,0
Mycophenolate mofetil,Idelalisib,0
Vemurafenib,Nitrendipine,0
Mestranol,Irbesartan,0
Phenytoin,Hexobarbital,0
Desipramine,Midostaurin,0
Testosterone,Lobeglitazone,0
Azelastine,Imipramine,1
Rosuvastatin,Argatroban,0
Loratadine,Minocycline,1
Digoxin,Acebutolol,1
Phenytoin,Salicylic acid,0
Dronedarone,Ciprofloxacin,1
Lumefantrine,Lapatinib,1
Donepezil,Pindolol,1
Mitotane,Sevoflurane,0
Sertraline,Fosaprepitant,0
Lorcaserin,Quazepam,0
Gliclazide,Etravirine,0
Oxprenolol,Theophylline,0
Rosuvastatin,Captopril,0
Metoprolol,Lumiracoxib,0
Iloperidone,Propafenone,1
Lithium cation,Ondansetron,1
Loratadine,Hydroxyzine,1
Alogliptin,Betaxolol,0
Acemetacin,Doxazosin,0
Cilostazol,Conivaptan,0
Mirtazapine,Isradipine,0
Warfarin,Nicardipine,0
Alogliptin,Erythromycin,0
Eliglustat,Clemastine,0
Ixazomib,Clemastine,0
Acetylsalicylic acid,Quinethazone,0
Cyproterone acetate,Theophylline,0
Rotigotine,Ketoconazole,0
Omeprazole,Azithromycin,0
Tolbutamide,Voriconazole,0
Cisapride,Granisetron,1
Labetalol,Primaquine,0
Bosentan,Lovastatin,0
Pazopanib,Sunitinib,0
Iloperidone,Isoniazid,0
Dabrafenib,Felodipine,0
Tizanidine,Atenolol,1
Enalapril,Clemastine,0
Apixaban,Leflunomide,0
Metoprolol,Acetylsalicylic acid,0
Thiamylal,Sulfamethoxazole,0
Levomilnacipran,Dronedarone,0
Lumiracoxib,Sulfamethoxazole,0
Paliperidone,Panobinostat,1
Cocaine,Brimonidine,1
Etoricoxib,Tranylcypromine,0
Lovastatin,Atazanavir,0
Tolazamide,Nateglinide,1
Tamsulosin,Dronedarone,0
Sitagliptin,Isavuconazonium,0
Pentamidine,Tipranavir,0
Fosamprenavir,Clemastine,0
Lumiracoxib,Cholecalciferol,0
Vardenafil,Valsartan,0
Betaxolol,Cocaine,0
Imipramine,Boceprevir,0
Promazine,Celiprolol,0
Phenobarbital,Losartan,0
Thiamylal,Mifepristone,0
Carvedilol,Tamsulosin,0
Bromocriptine,Cobicistat,0
Oxprenolol,Celiprolol,0
Ethanol,Prochlorperazine,1
Nicorandil,Penbutolol,0
Dabrafenib,Pravastatin,0
Cisapride,Norfloxacin,1
Lercanidipine,Phenoxybenzamine,0
Rifaximin,Cimetidine,0
Primaquine,Rucaparib,0
Dasatinib,Telithromycin,0
Fesoterodine,Dasatinib,0
Domperidone,Ceritinib,0
Tibolone,Selexipag,0
Timolol,Tamsulosin,0
Dolasetron,Dihydroergotamine,0
Nevirapine,Indinavir,0
Iloperidone,Nateglinide,0
Loratadine,Clarithromycin,0
Zuclopenthixol,Doxylamine,1
Desipramine,Tramadol,0
Telithromycin,Azithromycin,1
Dabrafenib,Dasatinib,0
Bopindolol,Antipyrine,0
Lopinavir,Treprostinil,1
Thalidomide,Acetyldigitoxin,0
Trimipramine,Pirlindole,1
Hydrocodone,Cobicistat,0
Ropinirole,Sulfisoxazole,0
Glipizide,Aprepitant,0
Ranolazine,Rolapitant,0
Azelastine,Crizotinib,0
Tolterodine,Paroxetine,0
Crizotinib,Ciprofloxacin,1
Artemether,Gemfibrozil,0
Verapamil,Atazanavir,0
Donepezil,Rucaparib,0
Chlorpropamide,Levofloxacin,1
Secobarbital,Doxylamine,1
Sitagliptin,Aprepitant,0
Mianserin,Sildenafil,0
Ranolazine,Doxycycline,0
Olaparib,Lopinavir,0
Darifenacin,Verapamil,0
Tamsulosin,Midostaurin,0
Amitriptyline,Theophylline,0
Azithromycin,Mirabegron,1
Digoxin,Telaprevir,0
Toremifene,Lithium cation,1
Sitagliptin,Losartan,0
Levomilnacipran,Midostaurin,0
Bisoprolol,Terbinafine,0
Paraldehyde,Desipramine,1
Esomeprazole,Indinavir,0
Rabeprazole,Diltiazem,0
Phenytoin,Sulfadiazine,0
Mefloquine,Labetalol,1
Naloxegol,Verapamil,0
Nortriptyline,Brimonidine,1
Tramadol,Doxylamine,1
Secobarbital,Doxazosin,0
Ticlopidine,Osimertinib,0
Rasagiline,Diltiazem,0
Quinidine,Clarithromycin,0
Lumacaftor,Fingolimod,0
Buspirone,Nicardipine,0
Phenytoin,Riociguat,0
Orphenadrine,Sevoflurane,1
Suvorexant,Telithromycin,0
Buprenorphine,Fluoxetine,0
Rifabutin,Tofacitinib,0
Darunavir,Luliconazole,0
Sulfamethoxazole,Crisaborole,0
Quazepam,Atazanavir,0
Orphenadrine,Nilotinib,0
Amobarbital,Atenolol,0
Zolpidem,Sorafenib,0
Bosentan,Lobeglitazone,0
Aprepitant,Fusidic acid,0
Rifapentine,Amprenavir,0
Citalopram,Ivacaftor,0
Acenocoumarol,Olaparib,0
Naloxegol,Bromocriptine,0
Ropinirole,Caffeine,0
Sulfisoxazole,Olanzapine,1
Azelastine,Fluorouracil,0
Isavuconazonium,Lovastatin,0
Losartan,Atomoxetine,0
Losartan,Manidipine,0
Galantamine,Oxprenolol,1
Dolasetron,Nefazodone,0
Zuclopenthixol,Venlafaxine,0
Cyclophosphamide,Pantoprazole,0
Tolterodine,Rucaparib,0
Rifaximin,Clarithromycin,0
Valproic acid,Luliconazole,0
Digitoxin,Isavuconazonium,0
Bosentan,Ritonavir,0
Bromocriptine,Pirlindole,1
Moclobemide,Celiprolol,0
Selegiline,Doxazosin,0
Dolasetron,Propofol,1
Tolvaptan,Topiroxostat,0
Dofetilide,Nevirapine,0
Valproic acid,Sulfadiazine,0
Teriflunomide,Acenocoumarol,0
Simvastatin,Etoricoxib,0
Toremifene,Panobinostat,1
Antipyrine,Pantoprazole,0
Guanfacine,Fusidic acid,0
Promazine,Risperidone,1
Bisoprolol,Parecoxib,0
Methotrimeprazine,Cobicistat,0
Escitalopram,Amiodarone,0
Eliglustat,Haloperidol,0
Diclofenac,Quinine,0
Iloprost,Chlorthalidone,0
Phenobarbital,Apixaban,0
Methylene blue,Moclobemide,1
Nevirapine,Saxagliptin,0
Pimozide,Galantamine,1
Propofol,Imatinib,0
Cisapride,Fluconazole,0
Vemurafenib,Riociguat,0
Nitrendipine,Ceritinib,0
Rosiglitazone,Fluconazole,0
Clomipramine,Lidocaine,0
Ticlopidine,Fluconazole,0
Trimethoprim,Fluorouracil,0
Escitalopram,Delavirdine,0
Secobarbital,Bupranolol,0
Ethanol,Amiodarone,0
Thalidomide,Rilpivirine,0
Amobarbital,Desipramine,0
Enzalutamide,Venlafaxine,0
Clemastine,Propafenone,0
Chloroquine,Cocaine,0
Droperidol,Sulfamethoxazole,1
Ziprasidone,Treprostinil,1
Ximelagatran,Clarithromycin,0
Perampanel,Fusidic acid,0
Mycophenolate mofetil,Telaprevir,0
Dosulepin,Boceprevir,0
Magnesium sulfate,Dronabinol,1
Nafamostat,Furosemide,0
Lumefantrine,Mirabegron,1
Metoprolol,Mycophenolate mofetil,0
Enalapril,Darunavir,0
Deslanoside,Itraconazole,0
Paraldehyde,Tranylcypromine,1
Ixazomib,Irbesartan,0
Doxorubicin,Digitoxin,0
Phenprocoumon,Levofloxacin,1
Chlorpropamide,Cholecalciferol,0
Carbamazepine,Isoniazid,0
Fosphenytoin,Perphenazine,0
Bosentan,Azithromycin,0
Amitriptyline,Pioglitazone,0
Secobarbital,Felodipine,0
Thioridazine,Fluvastatin,0
Caffeine,Doxycycline,0
Ixazomib,Clotrimazole,0
Pimozide,Moexipril,1
Amitriptyline,Metyrosine,0
Quinethazone,Darifenacin,0
Netupitant,Crisaborole,0
Cholecalciferol,Sildenafil,0
Prochlorperazine,Dihydroergotamine,0
Pazopanib,Chlorpromazine,0
Ziprasidone,Olanzapine,1
Olanzapine,Gliclazide,0
Benzphetamine,Dihydroergotamine,0
Nateglinide,Voriconazole,0
Verapamil,Fluorouracil,0
Phenytoin,Itraconazole,0
Chloroquine,Sulfisoxazole,1
Rosuvastatin,Imatinib,0
Dicoumarol,Delavirdine,0
Phenprocoumon,Epoprostenol,1
Methylphenobarbital,Moexipril,0
Zileuton,Hydroflumethiazide,0
Levofloxacin,Imipramine,1
Bisoprolol,Quinidine,0
Nitrendipine,Selexipag,0
Rifabutin,Etoricoxib,0
Acetylsalicylic acid,Bumetanide,0
Macitentan,Fusidic acid,0
Zolpidem,Darunavir,0
Alprenolol,Deslanoside,1
Macitentan,Nicardipine,0
Secobarbital,Bosentan,0
Quinidine,Boceprevir,0
Methylphenobarbital,Rotigotine,0
Aminophylline,Vemurafenib,0
Levodopa,Ropinirole,0
Thiamylal,Labetalol,0
Mitotane,Cabergoline,0
Dicoumarol,Fluvastatin,0
Daunorubicin,Azelastine,0
Propofol,Hydroxyzine,1
Cinacalcet,Ketoconazole,0
Rivaroxaban,Meloxicam,1
Paraldehyde,Dronabinol,1
Lovastatin,Ranolazine,1
Mirtazapine,Nortriptyline,1
Chlorpromazine,Olanzapine,1
Warfarin,Stiripentol,0
Ergotamine,Nebivolol,1
Amphetamine,Nicorandil,0
Sulfamethoxazole,Fosamprenavir,0
Glimepiride,Toloxatone,1
Donepezil,Betaxolol,1
Donepezil,Boceprevir,0
Quinine,Cocaine,0
Diclofenac,Pantoprazole,0
Granisetron,Sildenafil,0
Rivaroxaban,Etoricoxib,1
Ondansetron,Risperidone,1
Zuclopenthixol,Amitriptyline,1
Amphetamine,Darifenacin,0
Zuclopenthixol,Indinavir,0
Olanzapine,Chlorpropamide,0
Thalidomide,Amiodarone,0
Tolazamide,Glimepiride,1
Imipramine,Valproic acid,0
Progesterone,Rucaparib,0
Cyclophosphamide,Efavirenz,0
Perampanel,Rilpivirine,0
Dabrafenib,Sulfamethoxazole,0
Hydrocodone,Isoniazid,0
Cisapride,Rucaparib,0
Granisetron,Clemastine,0
Pioglitazone,Valsartan,0
Pregabalin,Clonidine,0
Terbinafine,Sorafenib,0
Propranolol,Nelfinavir,0
Lumacaftor,Rabeprazole,0
Pseudoephedrine,Cinacalcet,0
Levomilnacipran,Zucapsaicin,0
Thioridazine,Celiprolol,0
Domperidone,Vardenafil,1
Prochlorperazine,Sildenafil,0
Apixaban,Ziprasidone,0
Pantoprazole,Venlafaxine,0
Bopindolol,Leflunomide,0
Propofol,Ketoconazole,0
Phenytoin,Ticlopidine,0
Clonidine,Darifenacin,0
Vincristine,Bepridil,0
Quinine,Nicardipine,1
Sildenafil,Pargyline,0
Rifampicin,Pioglitazone,0
Vemurafenib,Azithromycin,0
Torasemide,Vemurafenib,0
Clonidine,Mirtazapine,0
Buprenorphine,Amphetamine,0
Betaxolol,Cholecalciferol,0
Prucalopride,Fluvoxamine,0
Amobarbital,Tapentadol,1
Enzalutamide,Lopinavir,0
Olopatadine,Magnesium sulfate,1
Nateglinide,Idelalisib,0
Doxorubicin,Doxazosin,0
Secobarbital,Nicardipine,0
Naloxegol,Fusidic acid,0
Orphenadrine,Guanfacine,1
Thiamylal,Crisaborole,0
Valsartan,Sorafenib,0
Paliperidone,Oxprenolol,1
Pentamidine,Sevoflurane,1
Nefazodone,Diphenhydramine,0
Dronedarone,Tamoxifen,0
Lidocaine,Dronabinol,1
Imatinib,Cinacalcet,0
Perphenazine,Clopidogrel,0
Valproic acid,Hydroxyzine,1
Testosterone,Valproic acid,0
Bromocriptine,Fusidic acid,0
Trimipramine,Valsartan,0
Rifampicin,Escitalopram,0
Clobazam,Doxylamine,1
Chloroquine,Nicardipine,1
Lopinavir,Gliclazide,0
Nicorandil,Yohimbine,0
Tipranavir,Fluconazole,0
Apixaban,Etoricoxib,1
Pioglitazone,Tolbutamide,0
Epinastine,Artemether,0
Rifampicin,Ethinylestradiol,0
Dihydroergotamine,Lopinavir,0
Clopidogrel,Irbesartan,0
Acenocoumarol,Gliclazide,1
Pioglitazone,Sulfisoxazole,0
Bosutinib,Rolapitant,0
Losartan,Abiraterone,0
Dabrafenib,Tapentadol,0
Felodipine,Cimetidine,0
Cyproterone acetate,Nateglinide,0
Dabrafenib,Sorafenib,0
Carvedilol,Ritonavir,0
Ambrisentan,Vemurafenib,0
Loratadine,Sulfisoxazole,0
Dabrafenib,Bortezomib,0
Pentobarbital,Aprepitant,0
Phenobarbital,Chlorpropamide,0
Carteolol,Fingolimod,1
Dabigatran etexilate,Lumiracoxib,1
Formoterol,Clomipramine,0
Alfuzosin,Silodosin,0
Etravirine,Pantoprazole,0
Glyburide,Modafinil,0
Iloprost,Isradipine,0
Simvastatin,Caffeine,0
Simvastatin,Lercanidipine,0
Estrone sulfate,Mestranol,0
Gliclazide,Mesalazine,1
Pentobarbital,Felodipine,0
Naloxegol,Ciprofloxacin,0
Tolvaptan,Clarithromycin,0
Donepezil,Clarithromycin,0
Nevirapine,Tolterodine,0
Glyburide,Isradipine,0
Estradiol,Dronedarone,0
Nevirapine,Ixazomib,0
Azithromycin,Trimipramine,1
Bosentan,Hydrochlorothiazide,0
Quetiapine,Fesoterodine,0
Levodopa,Perphenazine,0
Doxorubicin,Etoricoxib,0
Promazine,Tolterodine,1
Azelastine,Nilotinib,0
Lopinavir,Formoterol,1
Granisetron,Nortriptyline,1
Rosuvastatin,Cholecalciferol,0
Lercanidipine,Darunavir,0
Ubidecarenone,Tacrolimus,0
Vemurafenib,Aripiprazole,0
Bupropion,Zucapsaicin,0
Orphenadrine,Propofol,1
Lithium cation,Doxepin,1
Cyclophosphamide,Darifenacin,0
Propafenone,Bortezomib,0
Dabrafenib,Riociguat,0
Mitotane,Lopinavir,0
Erythromycin,Paroxetine,1
Chlorpropamide,Zafirlukast,0
Ivacaftor,Fosamprenavir,0
Clomipramine,Fluconazole,0
Crizotinib,Luliconazole,0
Omeprazole,Bortezomib,0
Doxorubicin,Clozapine,0
Boceprevir,Indinavir,0
Mexiletine,Desvenlafaxine,0
Benzphetamine,Clarithromycin,0
Quazepam,Luliconazole,0
Clonidine,Fingolimod,1
Ondansetron,Darifenacin,0
Levodopa,Clobazam,0
Everolimus,Cyclosporine,0
Zuclopenthixol,Doxycycline,0
Deferasirox,Erythromycin,0
Nitrendipine,Celiprolol,0
Lovastatin,Thiopental,0
Promazine,Atazanavir,0
Etravirine,Nilotinib,0
Pentobarbital,Loratadine,0
Droperidol,Vardenafil,1
Etoricoxib,Amiodarone,0
Mestranol,Mifepristone,0
Domperidone,Rolapitant,0
Mesalazine,Ouabain,0
Aminophylline,Quazepam,0
Verapamil,Ketoconazole,0
Simvastatin,Vincristine,0
Trimipramine,Dasatinib,0
Chloroquine,Fluconazole,1
Tamoxifen,Paroxetine,0
Everolimus,Lovastatin,0
Propofol,Diltiazem,0
Terbinafine,Mifepristone,0
Chlorpropamide,Sorafenib,0
Simvastatin,Dihydroergotamine,0
Idelalisib,Telaprevir,0
Suvorexant,Promazine,1
Clozapine,Ropinirole,0
Dorzolamide,Felodipine,0
Olsalazine,Parecoxib,1
Testosterone,Isoniazid,0
Amphetamine,Chlorothiazide,0
Primaquine,Ciprofloxacin,1
Phenindione,Etacrynic acid,0
Canagliflozin,Clemastine,0
Ropinirole,Olaparib,0
Antipyrine,Felodipine,0
Fosphenytoin,Doxorubicin,0
Moclobemide,Chlorthalidone,0
Methylene blue,Carteolol,0
Glimepiride,Acetylsalicylic acid,1
Pazopanib,Estrone,0
Paliperidone,Cyclobenzaprine,0
Pravastatin,Olanzapine,0
Digoxin,Salicylic acid,0
Acebutolol,Tamsulosin,0
Pentobarbital,Lidocaine,0
Colchicine,Deslanoside,0
Rifaximin,Canagliflozin,0
Midostaurin,Dasatinib,0
Omeprazole,Gemfibrozil,0
Quinidine,Clotrimazole,0
Ambrisentan,Tranylcypromine,0
Deslanoside,Quinidine,0
Methohexital,Nortriptyline,0
Aliskiren,Clemastine,0
Valproic acid,Midostaurin,0
Simvastatin,Tranylcypromine,0
Pseudoephedrine,Indinavir,0
Darifenacin,Atazanavir,0
Perampanel,Pramipexole,0
Prucalopride,Indomethacin,0
Tramadol,Palbociclib,0
Sorafenib,Boceprevir,0
Dicoumarol,Voriconazole,0
Quazepam,Lovastatin,0
Antipyrine,Clotrimazole,0
Bupropion,Ceritinib,0
Cyproterone acetate,Clomipramine,0
Amiodarone,Levodopa,0
Desvenlafaxine,Pargyline,1
Rivaroxaban,Ticlopidine,1
Methylene blue,Primaquine,0
Teriflunomide,Hydroflumethiazide,0
Rifampicin,Cinacalcet,0
Thioridazine,Tolterodine,1
Vemurafenib,Pioglitazone,0
Pentobarbital,Estradiol,0
Phenytoin,Alogliptin,0
Rifampicin,Nevirapine,0
Disopyramide,Cisapride,1
Alprenolol,Lumefantrine,0
Loratadine,Diltiazem,0
Imatinib,Nefazodone,0
Bromocriptine,Labetalol,1
Artemether,Cimetidine,0
Indapamide,Enalaprilat,0
Bosentan,Sorafenib,0
Rifaximin,Dicoumarol,0
Conivaptan,Tamsulosin,0
Fluoxetine,Sulfisoxazole,0
Pseudoephedrine,Olopatadine,0
Clonidine,Eliglustat,0
Minaprine,Manidipine,0
Propafenone,Delavirdine,0
Carbamazepine,Fluoxetine,0
Rotigotine,Idelalisib,0
Lithium cation,Mycophenolate mofetil,0
Tolvaptan,Manidipine,0
Arformoterol,Topiroxostat,0
Hexobarbital,Dronedarone,0
Dihydroergotamine,Pirlindole,0
Lithium cation,Indomethacin,0
Alprenolol,Meloxicam,0
Celiprolol,Isavuconazonium,0
Thiamylal,Metipranolol,0
Tolterodine,Nelfinavir,0
Sulfadiazine,Fosamprenavir,0
Omeprazole,Ziprasidone,0
Selegiline,Indapamide,0
Rifampicin,Gemfibrozil,0
Mianserin,Tizanidine,0
Hydrocodone,Ropinirole,0
Nadolol,Selexipag,0
Verapamil,Atomoxetine,0
Hexobarbital,Mifepristone,0
Methyclothiazide,Darifenacin,0
Fluorouracil,Citalopram,0
Prochlorperazine,Celiprolol,0
Dabrafenib,Nilvadipine,0
Diclofenac,Felodipine,0
Ritonavir,Chlorpropamide,0
Lercanidipine,Captopril,0
Enalaprilat,Trimethoprim,1
Propafenone,Dosulepin,0
Vardenafil,Aliskiren,0
Tizanidine,Celiprolol,1
Fosphenytoin,Magnesium sulfate,0
Metoprolol,Quinidine,0
Ergotamine,Zucapsaicin,0
Artemether,Zucapsaicin,0
Progesterone,Tolazamide,0
Buprenorphine,Nicardipine,0
Azelastine,Lumacaftor,0
Ondansetron,Imatinib,0
Aliskiren,Zileuton,0
Benzphetamine,Darunavir,0
Eliglustat,Clotrimazole,0
Clozapine,Arformoterol,1
Antipyrine,Boceprevir,0
Droperidol,Rotigotine,0
Felodipine,Delavirdine,0
Dofetilide,Quinine,1
Leflunomide,Quinine,0
Tacrolimus,Citalopram,0
Mesalazine,Mycophenolate mofetil,1
Edoxaban,Ticlopidine,1
Quetiapine,Netupitant,0
Domperidone,Ropinirole,0
Sorafenib,Amiodarone,0
Thalidomide,Ceritinib,0
Lercanidipine,Isradipine,0
Ergotamine,Fosamprenavir,0
Pioglitazone,Pargyline,1
Anagrelide,Formoterol,1
Enzalutamide,Antipyrine,0
Carvedilol,Methylphenidate,0
Loratadine,Telaprevir,0
Artemether,Haloperidol,0
Cabergoline,Toloxatone,0
Cocaine,Isradipine,0
Bosutinib,Levofloxacin,0
Chlorpromazine,Levodopa,0
Tizanidine,Caffeine,0
Methylphenobarbital,Amoxapine,0
Esmolol,Azelastine,0
Thiopental,Droperidol,1
Dofetilide,Isradipine,0
Dicoumarol,Amoxapine,1
Phenytoin,Etoricoxib,0
Zileuton,Topiroxostat,0
Glyburide,Midostaurin,0
Nicorandil,Clozapine,0
Sildenafil,Clarithromycin,0
Fosphenytoin,Rilpivirine,0
Suvorexant,Carbamazepine,1
Rivaroxaban,Nafamostat,1
Carbamazepine,Doxepin,0
Glyburide,Ziprasidone,0
Parecoxib,Levofloxacin,0
Atazanavir,Leflunomide,0
Polythiazide,Aliskiren,0
Azelastine,Doxylamine,1
Warfarin,Etacrynic acid,0
Dabrafenib,Ximelagatran,0
Acetylsalicylic acid,Lapatinib,0
Methohexital,Cyclobenzaprine,0
Amprenavir,Tranylcypromine,0
Nicorandil,Captopril,0
Nevirapine,Pantoprazole,0
Tamsulosin,Nelfinavir,0
Bisoprolol,Sulfisoxazole,0
Dabigatran etexilate,Clopidogrel,1
Tolbutamide,Pindolol,1
Lercanidipine,Hydrochlorothiazide,0
Lumacaftor,Pravastatin,0
Suvorexant,Pramipexole,0
Glimepiride,Canagliflozin,1
Isavuconazonium,Stiripentol,0
Desipramine,Esomeprazole,0
Rotigotine,Cimetidine,0
Pimozide,Cyclosporine,0
Thalidomide,Promethazine,1
Rosuvastatin,Loratadine,0
Sertraline,Ticlopidine,0
Ivacaftor,Erythromycin,0
Asenapine,Moexipril,1
Ropinirole,Crizotinib,0
Loratadine,Erythromycin,0
Nicotine,Nelfinavir,0
Etoricoxib,Etacrynic acid,0
Indapamide,Orphenadrine,0
Nortriptyline,Nefazodone,0
Boceprevir,Amprenavir,0
Ambrisentan,Riociguat,0
Aminophylline,Sildenafil,0
Cabergoline,Itraconazole,0
Amprenavir,Fluorouracil,0
Pentobarbital,Desipramine,0
Quinine,Enalaprilat,0
Zileuton,Ivacaftor,0
Nicotine,Doxorubicin,0
Nevirapine,Modafinil,0
Levodopa,Ritonavir,0
Mitotane,Vemurafenib,0
Ixazomib,Cinacalcet,0
Edoxaban,Rucaparib,0
Nadolol,Yohimbine,0
Quetiapine,Gliclazide,0
Mesalazine,Diltiazem,1
Cinacalcet,Ceritinib,0
Ibuprofen,Celecoxib,0
Everolimus,Tolvaptan,0
Irbesartan,Teriflunomide,0
Mestranol,Canagliflozin,0
Daunorubicin,Diclofenac,0
Carvedilol,Dabigatran etexilate,0
Quetiapine,Darunavir,0
Idarubicin,Tofacitinib,0
Vemurafenib,Lapatinib,0
Tolbutamide,Labetalol,1
Thalidomide,Trimethoprim,0
Promazine,Bortezomib,1
Fluoxetine,Fluconazole,1
Rilpivirine,Ritonavir,0
Silodosin,Caffeine,0
Pregabalin,Trimipramine,0
Nebivolol,Azelastine,0
Nortriptyline,Fluvastatin,0
Indapamide,Clotrimazole,0
Silodosin,Propranolol,0
Pazopanib,Lumefantrine,0
Afatinib,Omeprazole,0
Alogliptin,Imatinib,0
Mitotane,Nitrendipine,0
Propafenone,Saquinavir,1
Aripiprazole,Doxylamine,1
Anagrelide,Desipramine,1
Etravirine,Voriconazole,0
Pregabalin,Metyrosine,0
Propofol,Zucapsaicin,0
Nilvadipine,Tibolone,0
Daunorubicin,Dronedarone,0
Ropinirole,Ketoconazole,0
Rosuvastatin,Isavuconazonium,0
Mefloquine,Posaconazole,0
Ondansetron,Ziprasidone,0
Aliskiren,Nilotinib,0
Pirlindole,Cyclobenzaprine,1
Bupropion,Aprepitant,0
Fingolimod,Clomipramine,0
Dofetilide,Haloperidol,1
Meloxicam,Sorafenib,0
Moexipril,Manidipine,0
Doxylamine,Pargyline,0
Dolasetron,Trimethoprim,1
Prucalopride,Sertraline,0
Fluvoxamine,Cimetidine,0
Digoxin,Ibuprofen,0
Cyclobenzaprine,Lidocaine,0
Diltiazem,Sitagliptin,0
Nafamostat,Estrone,0
Secobarbital,Fosphenytoin,0
Clonidine,Ivacaftor,0
Moclobemide,Betaxolol,0
Cyclophosphamide,Ziprasidone,0
Lumefantrine,Telithromycin,0
Celiprolol,Clemastine,0
Ibrutinib,Sorafenib,0
Valproic acid,Zafirlukast,0
Granisetron,Nicardipine,1
Yohimbine,Methadone,0
Rilpivirine,Dronedarone,0
Ergotamine,Stiripentol,0
Hydrocodone,Pentobarbital,1
Meloxicam,Etacrynic acid,0
Fosamprenavir,Stiripentol,0
Zuclopenthixol,Pentamidine,1
Selexipag,Azelastine,1
Nafamostat,Etravirine,0
Idarubicin,Ropinirole,0
Saxagliptin,Ranolazine,0
Tolvaptan,Ziprasidone,0
Metoprolol,Labetalol,0
Topotecan,Ivacaftor,0
Celiprolol,Imatinib,0
Pentobarbital,Dihydroergotamine,0
Pitavastatin,Testosterone,0
Verapamil,Moclobemide,0
Azelastine,Delavirdine,0
Hydrochlorothiazide,Glimepiride,0
Clobazam,Verapamil,0
Dabrafenib,Vincristine,0
Enalapril,Dihydroergotamine,0
Desipramine,Mexiletine,0
Buprenorphine,Doxylamine,1
Hydrochlorothiazide,Yohimbine,0
Metoprolol,Atomoxetine,0
Sulfisoxazole,Sorafenib,1
Carbamazepine,Escitalopram,0
Deferasirox,Fingolimod,0
Mirabegron,Isavuconazonium,0
Disopyramide,Rasagiline,1
Amphetamine,Amitriptyline,0
Sotalol,Atomoxetine,1
Clomipramine,Lobeglitazone,0
Oxprenolol,Droperidol,1
Zafirlukast,Nefazodone,0
Asenapine,Desipramine,1
Mifepristone,Cobicistat,0
Amphetamine,Diphenhydramine,0
Chlorpropamide,Lovastatin,0
Saxagliptin,Selegiline,1
Netupitant,Isoniazid,0
Bisoprolol,Seratrodast,0
Acemetacin,Trichlormethiazide,0
Trichlormethiazide,Yohimbine,0
Fesoterodine,Osimertinib,0
Bosutinib,Metoprolol,0
Sulfisoxazole,Sunitinib,1
Rilpivirine,Etoricoxib,0
Nateglinide,Mirabegron,0
Rifaximin,Celiprolol,0
Riociguat,Ixazomib,0
Rifapentine,Cocaine,0
Everolimus,Bortezomib,0
Nadolol,Mesalazine,0
Darifenacin,Ropinirole,0
Primidone,Palbociclib,0
Meloxicam,Dosulepin,0
Acemetacin,Betaxolol,0
Betaxolol,Nafamostat,0
Bortezomib,Clopidogrel,0
Buspirone,Isradipine,0
Iloperidone,Isavuconazonium,0
Theophylline,Valsartan,0
Ritonavir,Idelalisib,0
Phenobarbital,Fluvastatin,0
Pitavastatin,Tamoxifen,0
Lumacaftor,Phenobarbital,0
Pentamidine,Clobazam,0
Enzalutamide,Chlorpromazine,0
Indapamide,Cyclosporine,0
Pentobarbital,Promazine,0
Dosulepin,Nelfinavir,0
Phenytoin,Parecoxib,0
Acemetacin,Levofloxacin,0
Pazopanib,Ranolazine,0
Enalapril,Fosaprepitant,0
Rolapitant,Bortezomib,0
Sodium oxybate,Pramipexole,0
Dabrafenib,Ceritinib,0
Cabergoline,Methylene blue,0
Nevirapine,Amprenavir,0
Indapamide,Bupranolol,0
Methadone,Cobicistat,0
Atomoxetine,Quinidine,0
Celecoxib,Polythiazide,0
Cyclobenzaprine,Magnesium sulfate,1
Domperidone,Promethazine,1
Fosphenytoin,Manidipine,0
Tolterodine,Ranolazine,0
Dabrafenib,Terbinafine,0
Silodosin,Daunorubicin,0
Tapentadol,Tolbutamide,0
Dextroamphetamine,Rucaparib,0
Cabergoline,Doxycycline,0
Nateglinide,Dasatinib,0
Pentobarbital,Bortezomib,0
Darifenacin,Ziprasidone,0
Progesterone,Dosulepin,0
Arformoterol,Ranolazine,0
Delavirdine,Fusidic acid,0
Epoprostenol,Abiraterone,0
Bosentan,Prochlorperazine,0
Chlorpropamide,Selegiline,1
Alprenolol,Ziprasidone,0
Mestranol,Topiroxostat,0
Propranolol,Antipyrine,0
Secobarbital,Voriconazole,0
Sorafenib,Nefazodone,0
Disopyramide,Toremifene,1
Lapatinib,Fosaprepitant,0
Darunavir,Osimertinib,0
Lumacaftor,Haloperidol,0
Clozapine,Etravirine,0
Rifapentine,Everolimus,0
Ticagrelor,Sulfisoxazole,0
Digoxin,Indinavir,0
Primaquine,Dosulepin,0
Bisoprolol,Ketoconazole,0
Levodopa,Rolapitant,0
Mirtazapine,Darunavir,0
Betaxolol,Lobeglitazone,0
Darifenacin,Erythromycin,0
Bisoprolol,Lorcaserin,0
Conivaptan,Sevoflurane,0
Pentamidine,Theophylline,0
Tofacitinib,Clotrimazole,0
Bepridil,Methadone,0
Vardenafil,Venlafaxine,0
Amitriptyline,Bupropion,0
Metamfetamine,Fluvoxamine,0
Estradiol,Repaglinide,0
Bopindolol,Paroxetine,0
Vemurafenib,Boceprevir,0
Mifepristone,Dabigatran etexilate,0
Labetalol,Desvenlafaxine,0
Colchicine,Levofloxacin,0
Bosentan,Aliskiren,0
Pravastatin,Haloperidol,0
Buspirone,Diphenhydramine,0
Clotrimazole,Tramadol,0
Methotrimeprazine,Guanfacine,1
Metipranolol,Bupranolol,0
Midostaurin,Osimertinib,0
Zafirlukast,Crizotinib,0
Ropinirole,Posaconazole,0
Phenytoin,Tolbutamide,0
Primidone,Phenelzine,0
Phenelzine,Metyrosine,0
Idarubicin,Terbinafine,0
Ibuprofen,Rabeprazole,0
Apixaban,Mycophenolate mofetil,1
Lovastatin,Osimertinib,0
Boceprevir,Simeprevir,0
Asenapine,Nefazodone,0
Tizanidine,Simeprevir,0
Pimozide,Fosamprenavir,0
Diphenhydramine,Bortezomib,0
Quinine,Paroxetine,1
Moclobemide,Riociguat,0
Phenprocoumon,Dronedarone,0
Cyclophosphamide,Sildenafil,0
Granisetron,Diphenhydramine,1
Bosutinib,Sulfisoxazole,0
Bupropion,Hydrocodone,0
Glipizide,Valsartan,0
Saquinavir,Simeprevir,0
Midostaurin,Isradipine,0
Ambrisentan,Luliconazole,0
Methylphenobarbital,Isoniazid,0
Epinastine,Ceritinib,0
Darifenacin,Indinavir,0
Torasemide,Enalaprilat,0
Midostaurin,Clemastine,0
Nevirapine,Rosuvastatin,0
Repaglinide,Irbesartan,0
Tizanidine,Nebivolol,1
Panobinostat,Azithromycin,1
Azelastine,Methyclothiazide,0
Fesoterodine,Palbociclib,0
Isradipine,Nefazodone,0
Paroxetine,Furazolidone,1
Rifabutin,Diltiazem,0
Bosentan,Lopinavir,0
Amprenavir,Pioglitazone,0
Ubidecarenone,Lapatinib,0
Dabrafenib,Caffeine,0
Diltiazem,Topiroxostat,0
Lopinavir,Fusidic acid,0
Tramadol,Bortezomib,0
Zolpidem,Cobicistat,0
Digoxin,Nelfinavir,0
Levodopa,Sertraline,0
Captopril,Etravirine,0
Toremifene,Erythromycin,0
Secobarbital,Enalaprilat,0
Fosphenytoin,Perampanel,0
Orphenadrine,Isavuconazonium,0
Thalidomide,Ticagrelor,0
Citalopram,Gemfibrozil,0
Methylene blue,Duloxetine,1
Olaparib,Ziprasidone,0
Afatinib,Posaconazole,0
Tamoxifen,Mifepristone,0
Deferasirox,Efavirenz,0
Phenoxybenzamine,Fluconazole,0
Rifampicin,Olopatadine,0
Epinastine,Citalopram,0
Methylphenobarbital,Losartan,0
Irbesartan,Ticlopidine,0
Conivaptan,Phenprocoumon,0
Fosphenytoin,Tolterodine,0
Dorzolamide,Fluvoxamine,0
Zileuton,Doxycycline,0
Mycophenolate mofetil,Fosamprenavir,0
Asenapine,Azithromycin,0
Paroxetine,Duloxetine,1
Aripiprazole,Etacrynic acid,0
Lumacaftor,Gliclazide,0
Pimozide,Lopinavir,0
Sorafenib,Aprepitant,0
Selegiline,Rucaparib,0
Rucaparib,Clarithromycin,0
Nadolol,Methylphenidate,0
Simvastatin,Phenelzine,0
Methylphenobarbital,Bortezomib,0
Sotalol,Tolterodine,1
Cyclophosphamide,Midostaurin,1
Propofol,Cobicistat,0
Rifampicin,Aprepitant,0
Apixaban,Isoniazid,0
Ambrisentan,Atazanavir,0
Levomilnacipran,Nefazodone,0
Repaglinide,Losartan,0
Nateglinide,Betaxolol,0
Warfarin,Acetylsalicylic acid,1
Pentobarbital,Aliskiren,0
Enzalutamide,Pravastatin,0
Amiodarone,Fingolimod,1
Nelfinavir,Afatinib,0
Eliglustat,Palbociclib,0
Carteolol,Antipyrine,0
Dolasetron,Mifepristone,1
Labetalol,Fingolimod,1
Bendroflumethiazide,Amiodarone,1
Doxepin,Cimetidine,0
Pregabalin,Dronabinol,1
Azithromycin,Telaprevir,0
Enzalutamide,Terbinafine,0
Aripiprazole,Carvedilol,0
Quetiapine,Clotrimazole,0
Promazine,Valsartan,0
Methylphenobarbital,Dosulepin,0
Esomeprazole,Cobicistat,0
Indomethacin,Polythiazide,0
Chlorpromazine,Esmolol,0
Pimozide,Erythromycin,0
Suvorexant,Rucaparib,0
Nicorandil,Timolol,0
Azelastine,Quinine,0
Ropinirole,Indinavir,0
Afatinib,Carvedilol,0
Cilostazol,Thioridazine,0
Ubidecarenone,Ziprasidone,0
Donepezil,Clotrimazole,0
Buspirone,Artemether,0
Imatinib,Aprepitant,0
Rifapentine,Quinidine,0
Clozapine,Mexiletine,0
Olopatadine,Rucaparib,0
Ziprasidone,Simeprevir,0
Dabrafenib,Amitriptyline,0
Ximelagatran,Teriflunomide,1
Isradipine,Netupitant,0
Hydroflumethiazide,Metyrosine,0
Nilotinib,Osimertinib,0
Efavirenz,Rucaparib,0
Citalopram,Cinacalcet,0
Propofol,Ritonavir,0
Loratadine,Lobeglitazone,0
Yohimbine,Lopinavir,0
Isradipine,Methylphenidate,0
Glipizide,Itraconazole,0
Mitotane,Rolapitant,0
Fingolimod,Mifepristone,1
Bortezomib,Zucapsaicin,0
Dorzolamide,Tolbutamide,0
Estrone,Ketoconazole,0
Hexobarbital,Netupitant,0
Protriptyline,Atazanavir,0
Lapatinib,Etravirine,0
Cholecalciferol,Clemastine,0
Zileuton,Etravirine,0
Efavirenz,Dihydroergotamine,0
Moclobemide,Trimethoprim,0
Ixazomib,Diphenhydramine,0
Yohimbine,Fluvoxamine,0
Buprenorphine,Sevoflurane,1
Pindolol,Ceritinib,1
Quinine,Fluorouracil,0
Phenindione,Dronedarone,0
Guanfacine,Crizotinib,0
Hexobarbital,Sulfamethoxazole,0
Clomipramine,Nefazodone,0
Repaglinide,Rucaparib,0
Fluvastatin,Mirabegron,0
Aliskiren,Ibuprofen,0
Zileuton,Iloprost,0
Teriflunomide,Apixaban,0
Tramadol,Metyrosine,0
Celecoxib,Dronedarone,0
Nevirapine,Clemastine,0
Parecoxib,Sildenafil,0
Trimethoprim,Sulfamethoxazole,0
Aripiprazole,Bortezomib,0
Labetalol,Clozapine,0
Edoxaban,Quinine,0
Secobarbital,Arformoterol,0
Mirtazapine,Ticagrelor,0
Propofol,Tipranavir,0
Trimipramine,Mifepristone,0
Sunitinib,Aprepitant,0
Secobarbital,Cisapride,0
Desipramine,Bortezomib,0
Clarithromycin,Fusidic acid,0
Disopyramide,Ciprofloxacin,1
Clomipramine,Pramipexole,0
Terbinafine,Nelfinavir,0
Pregabalin,Olanzapine,0
Mexiletine,Fusidic acid,0
Cisapride,Manidipine,0
Saxagliptin,Citalopram,1
Meloxicam,Levofloxacin,0
Tipranavir,Saquinavir,0
Brimonidine,Manidipine,0
Epoprostenol,Etravirine,0
Sotalol,Mefloquine,1
Aripiprazole,Delavirdine,0
Thioridazine,Enzalutamide,0
Azelastine,Methadone,1
Minaprine,Labetalol,1
Everolimus,Indomethacin,0
Clarithromycin,Moclobemide,0
Nicotine,Rolapitant,0
Topotecan,Cobicistat,0
Quetiapine,Fosaprepitant,0
Cyclosporine,Sulfamethoxazole,1
Glyburide,Dronedarone,0
Asenapine,Atomoxetine,1
Tolbutamide,Pirlindole,1
Buprenorphine,Zuclopenthixol,1
Bromocriptine,Sitagliptin,0
Chlorpropamide,Toloxatone,1
Mirabegron,Dihydroergotamine,0
Cyclobenzaprine,Voriconazole,0
Indomethacin,Sulfadiazine,0
Arformoterol,Nicardipine,0
Risperidone,Stiripentol,0
Dihydroergotamine,Nelfinavir,0
Netupitant,Metoprolol,0
Bisoprolol,Methadone,0
Torasemide,Yohimbine,0
Idarubicin,Cimetidine,0
Metolazone,Escitalopram,0
Vemurafenib,Tolterodine,0
Ritonavir,Etravirine,0
Lumacaftor,Dicoumarol,0
Carbamazepine,Hydroxyzine,1
Perampanel,Dihydroergotamine,0
Afatinib,Diltiazem,0
Macitentan,Omeprazole,0
Terbinafine,Valproic acid,0
Atazanavir,Doxycycline,0
Pentamidine,Lovastatin,0
Atomoxetine,Terbinafine,0
Nateglinide,Doxycycline,0
Zolpidem,Perphenazine,1
Aliskiren,Ambrisentan,0
Cyclosporine,Bortezomib,0
Tacrolimus,Ranolazine,0
Lithium cation,Doxylamine,1
Aprepitant,Thalidomide,0
Ximelagatran,Parecoxib,1
Estrone,Sulfisoxazole,0
Toremifene,Aprepitant,0
Nadolol,Macitentan,0
Modafinil,Nelfinavir,0
Carteolol,Acetyldigitoxin,1
Yohimbine,Paroxetine,0
Nilotinib,Fosaprepitant,0
Olsalazine,Ibuprofen,1
Primaquine,Nilotinib,0
Rotigotine,Rucaparib,0
Dronabinol,Fluconazole,0
Bendroflumethiazide,Manidipine,0
Protriptyline,Pirlindole,1
Bosutinib,Fusidic acid,0
Amitriptyline,Rosiglitazone,0
Buspirone,Rolapitant,0
Ixazomib,Gemfibrozil,0
Cyclobenzaprine,Clarithromycin,0
Afatinib,Cobicistat,0
Phenprocoumon,Glyburide,1
Acenocoumarol,Cholecalciferol,0
Riociguat,Pioglitazone,0
Rasagiline,Zucapsaicin,0
Atomoxetine,Dosulepin,0
Asenapine,Sulfamethoxazole,1
Cabergoline,Crizotinib,0
Hexobarbital,Phenoxybenzamine,0
Phenindione,Amiodarone,1
Rucaparib,Lobeglitazone,0
Clomipramine,Netupitant,0
Seratrodast,Furosemide,0
Rotigotine,Diltiazem,0
Rilpivirine,Cyclophosphamide,0
Pravastatin,Azithromycin,0
Acetylsalicylic acid,Norfloxacin,0
Conivaptan,Nicardipine,0
Estrone,Torasemide,0
Hexobarbital,Doxazosin,0
Dabrafenib,Azithromycin,0
Deferasirox,Alfuzosin,0
Zuclopenthixol,Itraconazole,0
Estradiol,Lapatinib,0
Fosphenytoin,Metoprolol,0
Propofol,Tranylcypromine,0
Ubidecarenone,Sulfisoxazole,0
Primidone,Rifabutin,0
Chlorpromazine,Clotrimazole,0
Idarubicin,Ouabain,0
Rifapentine,Conivaptan,0
Saquinavir,Osimertinib,0
Phenobarbital,Celiprolol,0
Tacrolimus,Antipyrine,1
Levomilnacipran,Nelfinavir,0
Citalopram,Mirabegron,1
Rifabutin,Carvedilol,0
Pitavastatin,Repaglinide,0
Esomeprazole,Zucapsaicin,0
Rilpivirine,Hydrocodone,0
Cyclobenzaprine,Chlorpromazine,0
Tizanidine,Selegiline,0
Enzalutamide,Doxycycline,0
Lumiracoxib,Quinethazone,0
Mirtazapine,Losartan,0
Fosphenytoin,Tamsulosin,0
Disopyramide,Carvedilol,1
Pentobarbital,Enzalutamide,0
Thiamylal,Carteolol,0
Rosuvastatin,Ixazomib,0
Tipranavir,Darunavir,0
Macitentan,Isavuconazonium,0
Secobarbital,Fluoxetine,0
Pioglitazone,Imatinib,0
Modafinil,Amiodarone,0
Minaprine,Darunavir,0
Zolpidem,Nefazodone,0
Ibrutinib,Methadone,0
Carbamazepine,Rabeprazole,0
Chlorpropamide,Nebivolol,1
Cisapride,Ketoconazole,0
Estrone,Manidipine,0
Nevirapine,Estrone sulfate,0
Prucalopride,Amiodarone,0
Risperidone,Doxylamine,1
Guanfacine,Enalaprilat,0
Sertraline,Nefazodone,0
Asenapine,Ziprasidone,0
Cyclosporine,Saquinavir,0
Oxprenolol,Leflunomide,0
Esomeprazole,Clopidogrel,0
Caffeine,Idelalisib,0
Cisapride,Methadone,1
Amphetamine,Cocaine,0
Isradipine,Clopidogrel,0
Propafenone,Netupitant,0
Telaprevir,Clotrimazole,0
Nefazodone,Methotrimeprazine,0
Desvenlafaxine,Fosaprepitant,0
Doxazosin,Tipranavir,0
Nicotine,Ticlopidine,0
Tolvaptan,Fusidic acid,0
Estrone,Mestranol,0
Chlorpromazine,Indapamide,1
Progesterone,Metoprolol,0
Diclofenac,Lovastatin,0
Dolasetron,Zafirlukast,0
Alfuzosin,Indapamide,0
Ranolazine,Chlorpropamide,0
Indapamide,Fluvoxamine,0
Ethinylestradiol,Lopinavir,0
Asenapine,Theophylline,0
Vincristine,Fingolimod,0
Estrone sulfate,Methyclothiazide,0
Bosutinib,Irbesartan,0
Alprenolol,Nevirapine,0
Thioridazine,Clotrimazole,0
Edoxaban,Trimethoprim,0
Chloroquine,Fluvoxamine,0
Mefloquine,Methylphenobarbital,0
Zafirlukast,Sorafenib,0
Etoricoxib,Atazanavir,0
Cyclobenzaprine,Simeprevir,0
Secobarbital,Hydrochlorothiazide,0
Methylene blue,Labetalol,0
Nilotinib,Levofloxacin,1
Nadolol,Manidipine,0
Deferasirox,Dolasetron,0
Zolpidem,Fluvastatin,0
Daunorubicin,Lidocaine,0
Orphenadrine,Hydroxyzine,1
Rifapentine,Pentamidine,0
Granisetron,Imatinib,0
Cilostazol,Indinavir,0
Chlorpromazine,Sunitinib,1
Clozapine,Zafirlukast,0
Selegiline,Quazepam,0
Zuclopenthixol,Telithromycin,0
Iloperidone,Simeprevir,0
Quinine,Bendroflumethiazide,0
Chlorpromazine,Idelalisib,0
Vardenafil,Isavuconazonium,0
Methadone,Risperidone,1
Bosentan,Venlafaxine,0
Clozapine,Posaconazole,0
Propranolol,Eliglustat,0
Acemetacin,Isradipine,0
Protriptyline,Atomoxetine,0
Ticlopidine,Mifepristone,0
Tizanidine,Mestranol,0
Apixaban,Selexipag,1
Moclobemide,Nilvadipine,0
Dolasetron,Diphenhydramine,1
Mexiletine,Osimertinib,0
Diclofenac,Modafinil,0
Galantamine,Esmolol,1
Dicoumarol,Rosiglitazone,1
Bosentan,Bisoprolol,0
Haloperidol,Indinavir,0
Primidone,Doxepin,0
Metamfetamine,Bupropion,0
Pentobarbital,Citalopram,0
Promethazine,Nicardipine,0
Propofol,Rolapitant,0
Nitrendipine,Stiripentol,0
Osimertinib,Anagrelide,0
Celiprolol,Polythiazide,0
Tranylcypromine,Ropinirole,0
Pentamidine,Doxycycline,0
Asenapine,Cobicistat,0
Metipranolol,Risperidone,0
Betaxolol,Ritonavir,0
Methotrimeprazine,Quazepam,1
Secobarbital,Nebivolol,0
Disopyramide,Telaprevir,0
Saxagliptin,Indinavir,0
Rosuvastatin,Repaglinide,0
Deferasirox,Clonidine,0
Dronedarone,Palbociclib,0
Conivaptan,Rivaroxaban,0
Mirtazapine,Topiroxostat,0
Sitagliptin,Felodipine,0
Perampanel,Sulfisoxazole,0
Propranolol,Phenoxybenzamine,0
Rosuvastatin,Sulfamethoxazole,0
Apixaban,Voriconazole,0
Secobarbital,Quinidine,0
Thioridazine,Gemfibrozil,0
Aripiprazole,Nebivolol,0
Bosutinib,Mifepristone,0
Bisoprolol,Carvedilol,0
Nicorandil,Furosemide,0
Progesterone,Gemfibrozil,0
Cyproterone acetate,Betaxolol,0
Primidone,Protriptyline,0
Tranylcypromine,Rotigotine,0
Teriflunomide,Selegiline,0
Ticlopidine,Iloprost,0
Mifepristone,Afatinib,0
Brimonidine,Risperidone,0
Nebivolol,Desipramine,0
Epinastine,Lovastatin,0
Dofetilide,Verapamil,0
Nateglinide,Trimethoprim,0
Azelastine,Epoprostenol,0
Indapamide,Voriconazole,0
Dabrafenib,Antipyrine,0
Lorcaserin,Fluoxetine,0
Guanfacine,Trichlormethiazide,0
Clozapine,Tolazamide,0
Pitavastatin,Clotrimazole,0
Buspirone,Lumefantrine,0
Secobarbital,Torasemide,0
Dabrafenib,Clobazam,0
Pioglitazone,Fosaprepitant,0
Sildenafil,Nadolol,0
Rifabutin,Mirtazapine,0
Erythromycin,Ceritinib,0
Clomipramine,Esomeprazole,0
Lidocaine,Nadolol,0
Loratadine,Doxycycline,0
Cabergoline,Oxprenolol,0
Pentamidine,Sulfamethoxazole,1
Ubidecarenone,Clotrimazole,0
Imatinib,Isavuconazonium,0
Bisoprolol,Duloxetine,0
Hexobarbital,Protriptyline,0
Repaglinide,Cyclosporine,0
Chlorpropamide,Isoniazid,0
Pindolol,Doxazosin,0
Nevirapine,Ziprasidone,0
Quinidine,Nilotinib,0
Levomilnacipran,Osimertinib,0
Rasagiline,Epoprostenol,0
Caffeine,Telaprevir,0
Ubidecarenone,Bromocriptine,0
Thalidomide,Crisaborole,0
Arformoterol,Nicotine,0
Rolapitant,Palbociclib,0
Lidocaine,Artemether,0
Gliclazide,Pantoprazole,0
Tranylcypromine,Hydroflumethiazide,0
Rifabutin,Phenoxybenzamine,0
Fosphenytoin,Ranolazine,0
Rasagiline,Metipranolol,0
Tofacitinib,Carvedilol,1
Cyclobenzaprine,Nelfinavir,0
Carbamazepine,Lercanidipine,0
Clomipramine,Vemurafenib,0
Doxorubicin,Simeprevir,0
Tolazamide,Gemfibrozil,1
Zuclopenthixol,Cobicistat,0
Phenprocoumon,Voriconazole,0
Quazepam,Boceprevir,0
Enalaprilat,Canagliflozin,1
Midostaurin,Posaconazole,0
Nafamostat,Methyclothiazide,0
Lithium cation,Polythiazide,0
Estradiol,Parecoxib,1
Nortriptyline,Hydroxyzine,1
Cisapride,Clozapine,1
Omeprazole,Itraconazole,0
Fesoterodine,Isradipine,0
Pindolol,Promazine,0
Tamsulosin,Ceritinib,0
Rotigotine,Fluconazole,0
Afatinib,Doxepin,0
Thioridazine,Clemastine,0
Dabrafenib,Cobicistat,0
Mitotane,Estrone sulfate,0
Ibrutinib,Digitoxin,0
Edoxaban,Treprostinil,1
Ximelagatran,Edoxaban,1
Estradiol,Irbesartan,0
Losartan,Rucaparib,0
Sulfadiazine,Rucaparib,0
Hydroflumethiazide,Irbesartan,0
Pentobarbital,Granisetron,0
Chlorthalidone,Chlorpropamide,0
Mirtazapine,Tranylcypromine,1
Ritonavir,Aminophylline,0
Amphetamine,Risperidone,0
Loratadine,Fluconazole,0
Sitagliptin,Lopinavir,0
Doxorubicin,Sertraline,0
Paliperidone,Ketoconazole,1
Olanzapine,Darifenacin,0
Ondansetron,Trimethoprim,1
Atomoxetine,Thioridazine,0
Vincristine,Methadone,0
Mexiletine,Itraconazole,0
Amiodarone,Fluorouracil,0
Hydrocodone,Lumefantrine,0
Captopril,Ticlopidine,0
Metolazone,Phenoxybenzamine,0
Glipizide,Lobeglitazone,0
Pazopanib,Sevoflurane,1
Nicorandil,Guanfacine,0
Minaprine,Captopril,0
Ergotamine,Ropinirole,0
Dihydroergotamine,Dosulepin,0
Meloxicam,Ticlopidine,0
Ethinylestradiol,Tolbutamide,0
Etravirine,Gemfibrozil,0
Ledipasvir,Clomipramine,0
Zuclopenthixol,Clemastine,0
Lovastatin,Fesoterodine,0
Tapentadol,Abiraterone,0
Nevirapine,Mianserin,0
Escitalopram,Netupitant,0
Brimonidine,Enalaprilat,0
Valproic acid,Fluorouracil,0
Warfarin,Quinidine,1
Phenytoin,Desvenlafaxine,0
Bosentan,Cisapride,0
Quetiapine,Azithromycin,1
Methylene blue,Bosentan,0
Tipranavir,Ethinylestradiol,0
Nortriptyline,Sulfadiazine,0
Ropinirole,Toloxatone,0
Ibuprofen,Imatinib,0
Paraldehyde,Droperidol,1
Vemurafenib,Alogliptin,0
Paliperidone,Dronabinol,1
Ubidecarenone,Risperidone,0
Chloroquine,Rilpivirine,1
Idarubicin,Salicylic acid,0
Propranolol,Cyclosporine,0
Saquinavir,Moexipril,1
Cilostazol,Loratadine,0
Perphenazine,Midostaurin,0
Tacrolimus,Ximelagatran,0
Bisoprolol,Balsalazide,0
Leflunomide,Crisaborole,0
Cilostazol,Clotrimazole,0
Iloprost,Aliskiren,0
Pregabalin,Amitriptyline,0
Nortriptyline,Enalaprilat,0
Olanzapine,Celecoxib,0
Bupropion,Doxycycline,0
Bosutinib,Acetyldigitoxin,0
Rilpivirine,Ticagrelor,0
Phenobarbital,Terbinafine,0
Domperidone,Norfloxacin,1
Guanfacine,Isoniazid,0
Fluoxetine,Nicardipine,1
Etravirine,Diltiazem,0
Olopatadine,Darunavir,0
Macitentan,Voriconazole,0
Toremifene,Vardenafil,1
Pravastatin,Fluoxetine,0
Warfarin,Bortezomib,0
Suvorexant,Indinavir,0
Riociguat,Fosamprenavir,0
Paraldehyde,Tapentadol,1
Isradipine,Darunavir,0
Protriptyline,Sitagliptin,0
Bendroflumethiazide,Escitalopram,0
Cabergoline,Enalapril,0
Lithium cation,Ziprasidone,1
Prochlorperazine,Clarithromycin,0
Zolpidem,Vemurafenib,0
Perphenazine,Labetalol,0
Rifaximin,Aripiprazole,0
Olopatadine,Brimonidine,1
Repaglinide,Posaconazole,0
Selegiline,Bendroflumethiazide,0
Esmolol,Primaquine,0
Quetiapine,Isoniazid,0
Phenobarbital,Diltiazem,0
Antipyrine,Clopidogrel,0
Simvastatin,Fusidic acid,0
Clopidogrel,Venlafaxine,0
Haloperidol,Arformoterol,1
Methylphenobarbital,Magnesium sulfate,1
Repaglinide,Simeprevir,0
Guanfacine,Pindolol,1
Methylene blue,Fluvoxamine,1
Acenocoumarol,Fusidic acid,0
Dicoumarol,Acetylsalicylic acid,1
Dabrafenib,Buprenorphine,0
Glyburide,Nebivolol,1
Nortriptyline,Gemfibrozil,0
Rabeprazole,Voriconazole,0
Idarubicin,Lumiracoxib,0
Vemurafenib,Ouabain,0
Hexobarbital,Enalaprilat,0
Tamoxifen,Fesoterodine,0
Nebivolol,Crizotinib,1
Dolasetron,Aprepitant,0
Betaxolol,Diphenhydramine,0
Cabergoline,Timolol,0
Methadone,Imatinib,0
Meloxicam,Quinethazone,0
Carteolol,Chloroquine,0
Mitotane,Prochlorperazine,0
Ergotamine,Cyclosporine,0
Bosentan,Meloxicam,0
Amprenavir,Dosulepin,0
Bosentan,Aminophylline,0
Everolimus,Tolbutamide,0
Diltiazem,Lithium cation,1
Nicardipine,Delavirdine,0
Silodosin,Haloperidol,0
Carbamazepine,Mycophenolate mofetil,0
Zuclopenthixol,Dihydroergotamine,0
Celiprolol,Sulfisoxazole,0
Terbinafine,Efavirenz,0
Prucalopride,Carbamazepine,0
Pentamidine,Sitagliptin,0
Glyburide,Acetylsalicylic acid,1
Phenprocoumon,Fosaprepitant,0
Thiamylal,Timolol,0
Nebivolol,Lumefantrine,0
Sotalol,Paroxetine,1
Tranylcypromine,Irbesartan,0
Phenoxybenzamine,Verapamil,0
Seratrodast,Tolbutamide,0
Cinacalcet,Darunavir,0
Fluconazole,Dabigatran etexilate,0
Ondansetron,Trimipramine,1
Simvastatin,Posaconazole,0
Methohexital,Aliskiren,0
Nevirapine,Orphenadrine,0
Risperidone,Cyclobenzaprine,0
Aprepitant,Irbesartan,0
Digoxin,Rivaroxaban,0
Rucaparib,Stiripentol,0
Celecoxib,Iloprost,0
Olaparib,Sulfisoxazole,0
Domperidone,Cobicistat,0
Buspirone,Olaparib,0
Carbamazepine,Nicotine,0
Tolterodine,Ketoconazole,0
Cyproterone acetate,Etoricoxib,0
Efavirenz,Clarithromycin,0
Escitalopram,Rolapitant,0
Bosentan,Donepezil,0
Perphenazine,Moclobemide,0
Dihydroergotamine,Sotalol,1
Tofacitinib,Betaxolol,1
Quetiapine,Alogliptin,0
Nicorandil,Epoprostenol,0
Teriflunomide,Rotigotine,0
Topotecan,Rifampicin,0
Stiripentol,Minocycline,1
Mirabegron,Lovastatin,0
Domperidone,Rucaparib,0
Phenytoin,Clopidogrel,0
Pentobarbital,Donepezil,0
Topotecan,Telaprevir,0
Mitotane,Azelastine,0
Rosuvastatin,Methadone,0
Methotrimeprazine,Secobarbital,1
Pindolol,Enalaprilat,0
Ibrutinib,Chloroquine,0
Cyclosporine,Nefazodone,0
Secobarbital,Acenocoumarol,0
Nevirapine,Hexobarbital,0
Sodium oxybate,Minocycline,1
Topotecan,Ritonavir,0
Cyproterone acetate,Pazopanib,0
Tramadol,Fosaprepitant,0
Secobarbital,Metyrosine,0
Thioridazine,Luliconazole,0
Loratadine,Venlafaxine,0
Moclobemide,Crisaborole,0
Sevoflurane,Epinastine,0
Pseudoephedrine,Bupropion,0
Dolasetron,Netupitant,0
Levomilnacipran,Cocaine,0
Nateglinide,Panobinostat,0
Ethanol,Buspirone,1
Zileuton,Nelfinavir,0
Phenelzine,Bisoprolol,0
Tramadol,Dasatinib,0
Iloprost,Bendroflumethiazide,0
Fluorouracil,Zucapsaicin,0
Phenytoin,Formoterol,0
Nilotinib,Trimipramine,1
Lumacaftor,Propafenone,0
Phenobarbital,Amprenavir,0
Gemfibrozil,Ziprasidone,0
Methotrimeprazine,Trimipramine,1
Enzalutamide,Tamoxifen,0
Propafenone,Dolasetron,1
Nateglinide,Pirlindole,1
Doxorubicin,Tacrolimus,0
Orphenadrine,Quetiapine,1
Rifapentine,Doxorubicin,0
Abiraterone,Digitoxin,0
Testosterone,Pantoprazole,0
Deferasirox,Argatroban,0
Phenobarbital,Acetylsalicylic acid,0
Ethinylestradiol,Glyburide,0
Pimozide,Doxylamine,1
Aripiprazole,Cinacalcet,0
Rifabutin,Celiprolol,0
Primidone,Colchicine,0
Azelastine,Paliperidone,1
Zileuton,Sulfisoxazole,0
Ximelagatran,Dosulepin,0
Pentobarbital,Nicardipine,0
Phenprocoumon,Warfarin,1
Bortezomib,Tipranavir,0
Artemether,Propafenone,0
Iloperidone,Ziprasidone,0
Phenindione,Fluconazole,0
Secobarbital,Hydroxyzine,1
Enzalutamide,Glipizide,0
Quinidine,Ticagrelor,0
Methohexital,Bromocriptine,0
Rifampicin,Nicardipine,0
Idarubicin,Acemetacin,0
Enalapril,Voriconazole,0
Pentobarbital,Yohimbine,0
Atomoxetine,Ritonavir,0
Zuclopenthixol,Doxepin,1
Primaquine,Ticlopidine,0
Ambrisentan,Ivacaftor,0
Fluoxetine,Nilotinib,0
Everolimus,Nicardipine,0
Nafamostat,Selexipag,1
Lumacaftor,Sunitinib,0
Tamoxifen,Darunavir,0
Captopril,Salicylic acid,0
Pimozide,Netupitant,0
Ximelagatran,Lobeglitazone,0
Ondansetron,Amitriptyline,1
Mefloquine,Fosaprepitant,0
Haloperidol,Nicardipine,0
Pentamidine,Zucapsaicin,0
Enzalutamide,Aminophylline,0
Benzphetamine,Chlorpromazine,0
Alprenolol,Fluoxetine,0
Prucalopride,Posaconazole,0
Terbinafine,Idelalisib,0
Pentobarbital,Desvenlafaxine,0
Bosentan,Indapamide,0
Pentamidine,Mirtazapine,1
Donepezil,Ticagrelor,0
Dofetilide,Chlorothiazide,1
Diphenhydramine,Lobeglitazone,0
Lumacaftor,Modafinil,0
Hydrocodone,Droperidol,1
Sertraline,Clotrimazole,0
Amitriptyline,Abiraterone,0
Terbinafine,Ropinirole,0
Nateglinide,Dronedarone,0
Haloperidol,Rotigotine,0
Quinine,Canagliflozin,1
Theophylline,Ticlopidine,0
Timolol,Arformoterol,0
Mifepristone,Fluvoxamine,0
Deferasirox,Diclofenac,0
Indinavir,Itraconazole,0
Carbamazepine,Isavuconazonium,0
Trimethoprim,Venlafaxine,0
Cobicistat,Estrone sulfate,0
Digoxin,Seratrodast,0
Zolpidem,Duloxetine,0
Dabigatran etexilate,Warfarin,1
Cyclophosphamide,Lobeglitazone,0
Lumacaftor,Lumefantrine,0
Azelastine,Protriptyline,1
Aliskiren,Indomethacin,0
Phenoxybenzamine,Venlafaxine,0
Nicotine,Rosiglitazone,0
Nitrendipine,Imatinib,0
Manidipine,Tramadol,0
Crizotinib,Promazine,1
Rifampicin,Doxepin,0
Lidocaine,Quazepam,0
Vemurafenib,Ketoconazole,0
Perphenazine,Etravirine,0
Captopril,Acetylsalicylic acid,0
Methadone,Ropinirole,0
Olsalazine,Indomethacin,1
Glyburide,Norfloxacin,1
Ticagrelor,Doxycycline,0
Ranolazine,Voriconazole,0
Ranolazine,Dronabinol,0
Bupropion,Fosamprenavir,0
Metoprolol,Indinavir,0
Galantamine,Timolol,1
Amobarbital,Betaxolol,0
Mitotane,Carbamazepine,0
Tamsulosin,Desipramine,0
Trimipramine,Doxycycline,0
Thioridazine,Rotigotine,0
Ziprasidone,Propafenone,0
Eliglustat,Tolterodine,1
Glyburide,Olaparib,0
Cyproterone acetate,Aprepitant,0
Hydrochlorothiazide,Sitagliptin,0
Alprenolol,Leflunomide,0
Ergotamine,Ceritinib,0
Droperidol,Sunitinib,1
Thioridazine,Tramadol,0
Pseudoephedrine,Rasagiline,0
Loratadine,Telithromycin,0
Deferasirox,Galantamine,0
Loratadine,Trimethoprim,0
Fingolimod,Clotrimazole,0
Doxepin,Lopinavir,0
Sildenafil,Hydroflumethiazide,0
Nicardipine,Saquinavir,0
Glimepiride,Timolol,1
Guanfacine,Bortezomib,0
Pitavastatin,Idelalisib,0
Thiamylal,Alprenolol,0
Primaquine,Imipramine,1
Fosphenytoin,Fluvastatin,0
Doxorubicin,Itraconazole,0
Pitavastatin,Methadone,0
Isradipine,Mifepristone,1
Rifampicin,Daunorubicin,0
Benzphetamine,Pindolol,1
Sulfisoxazole,Tranylcypromine,1
Minaprine,Losartan,0
Haloperidol,Modafinil,0
Fluoxetine,Leflunomide,0
Seratrodast,Doxycycline,0
Bosutinib,Lidocaine,0
Pentamidine,Selegiline,1
Lapatinib,Dihydroergotamine,0
Chloroquine,Clotrimazole,0
Trimipramine,Nefazodone,0
Lidocaine,Fosaprepitant,0
Torasemide,Ketoconazole,0
Testosterone,Sulfadiazine,0
Doxepin,Doxylamine,1
Promazine,Midostaurin,0
Doxepin,Sodium oxybate,1
Nortriptyline,Nafamostat,0
Artemether,Clotrimazole,0
Celecoxib,Fluconazole,0
Dicoumarol,Mycophenolate mofetil,1
Caffeine,Cimetidine,0
Dofetilide,Asenapine,1
Pitavastatin,Isoniazid,0
Prochlorperazine,Tapentadol,1
Nicotine,Panobinostat,0
Diltiazem,Zucapsaicin,0
Haloperidol,Lumefantrine,0
Ergotamine,Atazanavir,0
Mitotane,Testosterone,0
Amitriptyline,Cobicistat,0
Glyburide,Losartan,0
Rosuvastatin,Moclobemide,0
Buspirone,Nelfinavir,0
Fosphenytoin,Cholecalciferol,0
Pitavastatin,Celecoxib,0
Etravirine,Bortezomib,0
Sotalol,Acetylsalicylic acid,0
Clozapine,Bupropion,0
Bupropion,Sulfamethoxazole,0
Gemifloxacin,Aripiprazole,1
Pimozide,Doxycycline,0
Quazepam,Crizotinib,0
Diclofenac,Valproic acid,0
Promazine,Delavirdine,0
Carbamazepine,Ceritinib,0
Mitotane,Itraconazole,0
Lopinavir,Ciprofloxacin,1
Pirlindole,Treprostinil,0
Moclobemide,Enalapril,0
Phenindione,Dicoumarol,1
Efavirenz,Everolimus,0
Amphetamine,Imipramine,0
Apixaban,Quinine,0
Pioglitazone,Ceritinib,0
Formoterol,Clotrimazole,0
Hydrocodone,Ketoconazole,0
Estradiol,Fluorouracil,0
Rifabutin,Hydrocodone,0
Guanfacine,Etravirine,0
Clonidine,Droperidol,1
Nicotine,Sildenafil,0
Esomeprazole,Abiraterone,0
Esmolol,Arformoterol,0
Asenapine,Lumefantrine,1
Zafirlukast,Clarithromycin,0
Crizotinib,Digoxin,0
Sunitinib,Clemastine,0
Ixazomib,Ropinirole,0
Argatroban,Balsalazide,1
Imatinib,Moclobemide,0
Dronedarone,Oxprenolol,1
Conivaptan,Clomipramine,0
Gemifloxacin,Methotrimeprazine,1
Edoxaban,Balsalazide,1
Phenobarbital,Bupropion,0
Mestranol,Repaglinide,0
Warfarin,Imipramine,1
Bendroflumethiazide,Macitentan,0
Furazolidone,Hydrochlorothiazide,0
Pitavastatin,Desipramine,0
Doxazosin,Terbinafine,0
Gliclazide,Duloxetine,1
Verapamil,Levodopa,0
Levomilnacipran,Etravirine,0
Moclobemide,Sulfisoxazole,0
Parecoxib,Amiodarone,0
Parecoxib,Itraconazole,0
Dronabinol,Fusidic acid,0
Tizanidine,Clotrimazole,0
Daunorubicin,Lovastatin,0
Ranolazine,Felodipine,0
Phenobarbital,Topiroxostat,0
Loratadine,Ivacaftor,0
Methohexital,Phenelzine,0
Ciprofloxacin,Methadone,1
Ledipasvir,Carbamazepine,0
Primaquine,Clozapine,1
Sotalol,Dabrafenib,1
Lumiracoxib,Metolazone,0
Propafenone,Promethazine,1
Aripiprazole,Atazanavir,0
Phenobarbital,Tolterodine,0
Ubidecarenone,Amiodarone,0
Zolpidem,Valsartan,0
Pantoprazole,Bortezomib,0
Alfuzosin,Posaconazole,0
Quinine,Olsalazine,1
Tapentadol,Chloroquine,0
Imipramine,Ketoconazole,0
Celiprolol,Telaprevir,0
Aripiprazole,Pramipexole,0
Ticagrelor,Cyclosporine,0
Celecoxib,Fusidic acid,0
Abiraterone,Boceprevir,0
Verapamil,Lithium cation,1
Bosentan,Azelastine,0
Pentobarbital,Clopidogrel,0
Chloroquine,Idelalisib,0
Pindolol,Tipranavir,0
Phenindione,Olsalazine,1
Brimonidine,Carteolol,0
Methylene blue,Dorzolamide,0
Citalopram,Terbinafine,0
Donepezil,Lumefantrine,0
Bosutinib,Paroxetine,0
Fluoxetine,Isradipine,1
Nefazodone,Abiraterone,0
Anagrelide,Ropinirole,0
Desipramine,Enalapril,0
Rifapentine,Simvastatin,0
Esmolol,Ceritinib,1
Thioridazine,Pravastatin,0
Mycophenolate mofetil,Torasemide,0
Fluvastatin,Lumefantrine,0
Lidocaine,Labetalol,0
Sulfadiazine,Clotrimazole,0
Trimipramine,Midostaurin,0
Nevirapine,Carvedilol,0
Anagrelide,Disopyramide,1
Promazine,Boceprevir,0
Pioglitazone,Selegiline,1
Rilpivirine,Telaprevir,0
Carbamazepine,Pravastatin,0
Doxylamine,Dronabinol,1
Deferasirox,Cinacalcet,0
Doxycycline,Artemether,1
Vemurafenib,Norfloxacin,1
Dabrafenib,Bosutinib,0
Rosuvastatin,Iloperidone,0
Warfarin,Osimertinib,0
Formoterol,Isoniazid,0
Minaprine,Venlafaxine,0
Deferasirox,Sunitinib,0
Amoxapine,Pramipexole,0
Thalidomide,Sildenafil,0
Nilvadipine,Stiripentol,0
Vemurafenib,Posaconazole,0
Desipramine,Cholecalciferol,0
Pentamidine,Itraconazole,0
Pravastatin,Felodipine,0
Fosphenytoin,Estrone,0
Dihydroergotamine,Clarithromycin,0
Acetylsalicylic acid,Losartan,0
Tamoxifen,Lovastatin,0
Fluoxetine,Arformoterol,1
Domperidone,Promazine,0
Edoxaban,Afatinib,0
Quinine,Crizotinib,0
Tranylcypromine,Hydroxyzine,1
Theophylline,Lapatinib,0
Rifabutin,Azithromycin,0
Boceprevir,Sitagliptin,0
Enalapril,Indinavir,0
Ibuprofen,Metolazone,0
Amphetamine,Lumefantrine,0
Artemether,Boceprevir,0
Methylphenobarbital,Cimetidine,0
Quinine,Moexipril,1
Imatinib,Delavirdine,0
Seratrodast,Osimertinib,0
Aripiprazole,Ropinirole,0
Dasatinib,Clotrimazole,0
Digoxin,Aprepitant,0
Bosutinib,Simvastatin,0
Mitotane,Fluoxetine,0
Fluoxetine,Ciprofloxacin,1
Rotigotine,Isoniazid,0
Primidone,Lopinavir,0
Carbamazepine,Sulfadiazine,0
Amprenavir,Atazanavir,0
Furosemide,Duloxetine,0
Panobinostat,Olaparib,0
Parecoxib,Dasatinib,0
Crizotinib,Amitriptyline,1
Ximelagatran,Etravirine,0
Bupropion,Felodipine,0
Ranolazine,Quinidine,0
Macitentan,Yohimbine,0
Carteolol,Ceritinib,1
Furosemide,Alogliptin,0
Celiprolol,Arformoterol,0
Methylphenobarbital,Quinethazone,0
Nicotine,Thioridazine,0
Primidone,Acenocoumarol,0
Suvorexant,Protriptyline,1
Ibuprofen,Manidipine,0
Panobinostat,Droperidol,1
Estradiol,Netupitant,0
Cisapride,Losartan,0
Orphenadrine,Fluconazole,0
Cocaine,Mifepristone,0
Perphenazine,Lobeglitazone,0
Primidone,Esomeprazole,0
Clopidogrel,Trimethoprim,0
Omeprazole,Crisaborole,0
Venlafaxine,Gemfibrozil,0
Prochlorperazine,Fusidic acid,0
Oxprenolol,Nafamostat,0
Amobarbital,Amiodarone,0
Nortriptyline,Saquinavir,0
Promazine,Trimethoprim,0
Cisapride,Moexipril,1
Vemurafenib,Methylphenobarbital,0
Antipyrine,Atomoxetine,0
Tolterodine,Fluvastatin,0
Delavirdine,Epinastine,0
Gliclazide,Pentamidine,1
Conivaptan,Nelfinavir,0
Ticlopidine,Telithromycin,0
Warfarin,Gemfibrozil,0
Rifapentine,Nebivolol,0
Lumacaftor,Suvorexant,0
Cholecalciferol,Posaconazole,0
Acemetacin,Tolvaptan,0
Bromocriptine,Vemurafenib,0
Pentamidine,Droperidol,1
Thioridazine,Rolapitant,0
Fluvastatin,Doxycycline,0
Ethinylestradiol,Sildenafil,0
Erythromycin,Tizanidine,1
Nilvadipine,Fluconazole,0
Alprenolol,Arformoterol,0
Theophylline,Lumefantrine,0
Domperidone,Quinidine,0
Methadone,Nilotinib,0
Bosutinib,Cobicistat,0
Fluvastatin,Daunorubicin,0
Mitotane,Diclofenac,0
Testosterone,Tranylcypromine,0
Granisetron,Ceritinib,0
Chlorthalidone,Oxprenolol,0
Mycophenolate mofetil,Darunavir,0
Galantamine,Betaxolol,1
Lumefantrine,Aprepitant,0
Propofol,Delavirdine,0
Levofloxacin,Nelfinavir,1
Telaprevir,Fluvoxamine,0
Ziprasidone,Metyrosine,0
Quinine,Valsartan,0
Perphenazine,Cholecalciferol,0
Perphenazine,Felodipine,0
Timolol,Salicylic acid,0
Clonidine,Cimetidine,0
Paroxetine,Stiripentol,0
Atomoxetine,Arformoterol,0
Cisapride,Saquinavir,0
Mycophenolate mofetil,Levofloxacin,0
Ceritinib,Mifepristone,1
Buprenorphine,Delavirdine,0
Leflunomide,Metolazone,0
Metipranolol,Mesalazine,0
Lidocaine,Clotrimazole,0
Rosiglitazone,Losartan,0
Atenolol,Nefazodone,0
Betaxolol,Rolapitant,0
Citalopram,Ziprasidone,0
Moclobemide,Bupranolol,0
Quazepam,Brimonidine,1
Prochlorperazine,Ticlopidine,0
Acebutolol,Vemurafenib,0
Pentobarbital,Acenocoumarol,0
Glyburide,Minaprine,1
Propafenone,Nelfinavir,0
Silodosin,Doxazosin,0
Delavirdine,Clemastine,0
Brimonidine,Dronabinol,1
Enzalutamide,Voriconazole,0
Enzalutamide,Warfarin,0
Enalapril,Nitrendipine,0
Mitotane,Bosutinib,0
Colchicine,Gemfibrozil,1
Vincristine,Posaconazole,0
Isavuconazonium,Osimertinib,0
Methylphenidate,Ritonavir,0
Ivacaftor,Nefazodone,0
Indomethacin,Voriconazole,0
Macitentan,Doxycycline,0
Cilostazol,Atomoxetine,0
Escitalopram,Dasatinib,0
Sorafenib,Saquinavir,0
Sunitinib,Norfloxacin,1
Ropinirole,Fluconazole,0
Tapentadol,Modafinil,0
Clarithromycin,Clotrimazole,0
Olsalazine,Ouabain,0
Vemurafenib,Midostaurin,0
Celecoxib,Sertraline,0
Bosentan,Penbutolol,0
Artemether,Osimertinib,0
Meloxicam,Luliconazole,0
Bupropion,Crizotinib,0
Rifapentine,Esomeprazole,0
Dicoumarol,Norfloxacin,1
Boceprevir,Escitalopram,0
Pitavastatin,Lumacaftor,0
Vemurafenib,Acetyldigitoxin,0
Esomeprazole,Lopinavir,0
Secobarbital,Rasagiline,0
Zuclopenthixol,Rolapitant,0
Bosentan,Acenocoumarol,0
Metoprolol,Imipramine,0
Carbamazepine,Bupropion,0
Aripiprazole,Dronabinol,1
Fluoxetine,Norfloxacin,1
Isradipine,Itraconazole,0
Iloperidone,Haloperidol,0
Selegiline,Fosamprenavir,0
Posaconazole,Aprepitant,0
Efavirenz,Nefazodone,0
Metoprolol,Promazine,0
Rifaximin,Rolapitant,0
Doxepin,Pramipexole,0
Dabrafenib,Voriconazole,0
Cyproterone acetate,Mirtazapine,0
Lidocaine,Fluconazole,0
Bosentan,Mianserin,0
Ranolazine,Venlafaxine,0
Progesterone,Desipramine,0
Primidone,Nitrendipine,0
Disopyramide,Olaparib,0
Levomilnacipran,Furazolidone,1
Amphetamine,Bupropion,0
Methohexital,Carteolol,0
Pazopanib,Lorcaserin,0
Gliclazide,Furazolidone,1
Formoterol,Bendroflumethiazide,0
Topotecan,Posaconazole,0
Cyproterone acetate,Fingolimod,0
Pravastatin,Verapamil,0
Fluvoxamine,Lopinavir,0
Rosuvastatin,Erythromycin,0
Promazine,Mifepristone,1
Nortriptyline,Midostaurin,0
Everolimus,Cyclophosphamide,0
Nicardipine,Tramadol,0
Ketoconazole,Fusidic acid,0
Cinacalcet,Isavuconazonium,0
Primaquine,Protriptyline,1
Primidone,Testosterone,0
Cabergoline,Pindolol,0
Metamfetamine,Rucaparib,0
Domperidone,Osimertinib,0
Thioridazine,Fesoterodine,0
Dronedarone,Sevoflurane,1
Chlorpromazine,Doxepin,1
Pentamidine,Pirlindole,1
Fluvastatin,Ritonavir,0
Phenobarbital,Perphenazine,0
Ledipasvir,Crizotinib,0
Osimertinib,Deslanoside,0
Rucaparib,Diltiazem,0
Bupranolol,Aliskiren,0
Prucalopride,Simeprevir,0
Aripiprazole,Hydroflumethiazide,0
Labetalol,Bupropion,0
Ropinirole,Dronedarone,0
Formoterol,Metolazone,0
Metoprolol,Doxazosin,0
Afatinib,Cyclophosphamide,0
Prochlorperazine,Ivacaftor,0
Pitavastatin,Ziprasidone,0
Crizotinib,Mifepristone,1
Asenapine,Bortezomib,1
Tolazamide,Sulfisoxazole,1
Erythromycin,Dabigatran etexilate,0
Telithromycin,Iloperidone,0
Torasemide,Valproic acid,0
Fluvoxamine,Magnesium sulfate,1
Fosphenytoin,Bisoprolol,0
Trimipramine,Rivaroxaban,0
Dronabinol,Aprepitant,0
Risperidone,Clarithromycin,0
Tamoxifen,Ticagrelor,0
Gliclazide,Gemifloxacin,1
Deslanoside,Propafenone,0
Atenolol,Antipyrine,0
Rifabutin,Erythromycin,0
Afatinib,Idelalisib,0
Glimepiride,Acebutolol,1
Doxorubicin,Dronabinol,0
Parecoxib,Abiraterone,0
Nicorandil,Acebutolol,0
Chloroquine,Ritonavir,0
Formoterol,Ropinirole,0
Toremifene,Nilotinib,0
Cisapride,Mefloquine,1
Diclofenac,Sulfisoxazole,0
Carvedilol,Gemfibrozil,0
Phenobarbital,Clozapine,0
Guanfacine,Leflunomide,0
Acenocoumarol,Chlorpropamide,1
Clonidine,Rolapitant,0
Pentobarbital,Cilostazol,0
Methylphenidate,Amphetamine,0
Hydroflumethiazide,Levomilnacipran,0
Amitriptyline,Nefazodone,0
Ritonavir,Hydrocodone,0
Benzphetamine,Isavuconazonium,0
Rifapentine,Tolvaptan,0
Pindolol,Labetalol,0
Tacrolimus,Amiodarone,0
Nevirapine,Ketoconazole,0
Sildenafil,Delavirdine,0
Tizanidine,Trimipramine,0
Selegiline,Darunavir,0
Rifampicin,Fluvastatin,0
Clonidine,Hydroxyzine,1
Valproic acid,Fluvastatin,0
Vincristine,Lovastatin,0
Erythromycin,Aprepitant,0
Buprenorphine,Dronabinol,1
Risperidone,Doxycycline,0
Bromocriptine,Penbutolol,1
Amphetamine,Aripiprazole,0
Cisapride,Ritonavir,0
Rilpivirine,Atazanavir,0
Sevoflurane,Sodium oxybate,1
Sulfamethoxazole,Efavirenz,0
Treprostinil,Valproic acid,0
Amobarbital,Labetalol,0
Edoxaban,Simeprevir,0
Ledipasvir,Saquinavir,0
Zuclopenthixol,Dolasetron,1
Dihydroergotamine,Nortriptyline,0
Alprenolol,Nilotinib,0
Pravastatin,Venlafaxine,0
Dolasetron,Topiroxostat,0
Betaxolol,Lopinavir,0
Cilostazol,Diphenhydramine,0
Dextroamphetamine,Abiraterone,0
Carbamazepine,Tapentadol,1
Alprenolol,Ranolazine,0
Disopyramide,Lapatinib,1
Pentobarbital,Polythiazide,0
Tramadol,Voriconazole,0
Dabrafenib,Teriflunomide,0
Moclobemide,Lumefantrine,0
Epoprostenol,Ceritinib,0
Idarubicin,Paroxetine,0
Hydrocodone,Thiamylal,1
Doxazosin,Nilotinib,0
Efavirenz,Rotigotine,0
Dorzolamide,Nebivolol,0
Ziprasidone,Fluvoxamine,0
Arformoterol,Ticagrelor,0
Chlorpromazine,Clomipramine,1
Pioglitazone,Moclobemide,1
Phenprocoumon,Norfloxacin,1
Argatroban,Teriflunomide,1
Vincristine,Atazanavir,0
Enzalutamide,Gemfibrozil,0
Sulfadiazine,Ketoconazole,0
Carbamazepine,Zucapsaicin,0
Dicoumarol,Trimethoprim,0
Ibuprofen,Indapamide,0
Estradiol,Citalopram,0
Celiprolol,Metolazone,0
Tapentadol,Valsartan,0
Zuclopenthixol,Dosulepin,0
Celecoxib,Bendroflumethiazide,0
Ixazomib,Fluorouracil,0
Ritonavir,Osimertinib,0
Terbinafine,Delavirdine,0
Clobazam,Fluconazole,0
Clonidine,Quinidine,0
Topotecan,Canagliflozin,0
Cholecalciferol,Lovastatin,0
Bosutinib,Fluvastatin,0
Enalapril,Fusidic acid,0
Clobazam,Rotigotine,0
Edoxaban,Olsalazine,1
Quetiapine,Nortriptyline,1
Dicoumarol,Salicylic acid,1
Olaparib,Deslanoside,0
Propranolol,Manidipine,0
Etacrynic acid,Furosemide,1
Paliperidone,Canagliflozin,0
Zileuton,Olaparib,0
Dofetilide,Crizotinib,0
Indapamide,Fesoterodine,0
Daunorubicin,Digoxin,0
Fesoterodine,Olaparib,0
Darunavir,Valproic acid,0
Etoricoxib,Methyclothiazide,0
Propranolol,Olopatadine,0
Alfuzosin,Nitrendipine,0
Alprenolol,Clomipramine,0
Ticlopidine,Ritonavir,0
Ticagrelor,Mifepristone,0
Sotalol,Saquinavir,1
Enzalutamide,Eliglustat,0
Phenprocoumon,Simvastatin,1
Esomeprazole,Isradipine,0
Simvastatin,Ciprofloxacin,0
Indapamide,Delavirdine,0
Ceritinib,Voriconazole,0
Tamsulosin,Cyclosporine,0
Ergotamine,Abiraterone,0
Anagrelide,Moexipril,1
Bendroflumethiazide,Tibolone,0
Sotalol,Panobinostat,1
Alogliptin,Methylene blue,1
Mirabegron,Clemastine,0
Thiamylal,Leflunomide,0
Buprenorphine,Teriflunomide,0
Rifapentine,Palbociclib,0
Aliskiren,Clarithromycin,0
Nebivolol,Ziprasidone,0
Amobarbital,Nicardipine,0
Thioridazine,Ticlopidine,0
Celiprolol,Methyclothiazide,0
Gemfibrozil,Mifepristone,0
Esomeprazole,Isavuconazonium,0
Ivacaftor,Fluvoxamine,0
Aliskiren,Dihydroergotamine,0
Ergotamine,Methylene blue,0
Rifampicin,Cyclophosphamide,0
Zuclopenthixol,Verapamil,0
Hydrocodone,Tranylcypromine,1
Caffeine,Tipranavir,0
Colchicine,Propafenone,0
Cyproterone acetate,Pimozide,0
Fluoxetine,Cimetidine,0
Naloxegol,Azelastine,0
Rifapentine,Lidocaine,0
Cilostazol,Treprostinil,0
Rifampicin,Methohexital,0
Ambrisentan,Diltiazem,0
Clonidine,Ouabain,1
Rivaroxaban,Lumiracoxib,1
Lercanidipine,Nebivolol,0
Bisoprolol,Nelfinavir,0
Buprenorphine,Lorcaserin,0
Protriptyline,Saquinavir,0
Paliperidone,Ciprofloxacin,1
Carteolol,Celiprolol,0
Pentobarbital,Ondansetron,0
Clobazam,Tapentadol,1
Clozapine,Tapentadol,1
Fluoxetine,Lobeglitazone,0
Rifapentine,Omeprazole,0
Epoprostenol,Indinavir,0
Perphenazine,Fosaprepitant,0
Phenytoin,Perampanel,0
Dolasetron,Voriconazole,0
Estrone,Nilotinib,0
Cyclosporine,Sildenafil,0
Dabrafenib,Cinacalcet,0
Enalapril,Ziprasidone,0
Loratadine,Artemether,0
Omeprazole,Lovastatin,0
Topotecan,Dabrafenib,0
Pravastatin,Indinavir,0
Ceritinib,Ouabain,0
Celiprolol,Atazanavir,0
Glimepiride,Furazolidone,1
Haloperidol,Doxycycline,0
Fosphenytoin,Lopinavir,0
Disopyramide,Oxprenolol,1
Edoxaban,Omeprazole,0
Nitrendipine,Ziprasidone,0
Dorzolamide,Topiroxostat,0
Estradiol,Azithromycin,0
Bosentan,Ergotamine,0
Fluoxetine,Buspirone,1
Pazopanib,Doxepin,0
Carvedilol,Nilotinib,0
Tacrolimus,Enalaprilat,0
Amphetamine,Panobinostat,0
Cyclobenzaprine,Fosaprepitant,0
Betaxolol,Dorzolamide,0
Balsalazide,Antipyrine,1
Zileuton,Posaconazole,0
Methylene blue,Doxycycline,0
Quinine,Doxepin,1
Salicylic acid,Gemifloxacin,0
Bromocriptine,Betaxolol,1
Pazopanib,Luliconazole,0
Nitrendipine,Fluvoxamine,0
Chloroquine,Cholecalciferol,0
Perphenazine,Brimonidine,1
Doxorubicin,Bupropion,0
Domperidone,Crisaborole,0
Methadone,Dronabinol,1
Edoxaban,Sevoflurane,1
Phenytoin,Sertraline,0
Vincristine,Chloroquine,0
Domperidone,Indapamide,1
Moclobemide,Polythiazide,0
Rosuvastatin,Ledipasvir,0
Fosphenytoin,Risperidone,0
Buspirone,Magnesium sulfate,1
Imipramine,Doxylamine,1
Methylene blue,Riociguat,0
Phenobarbital,Ximelagatran,0
Fluoxetine,Sulfamethoxazole,1
Colchicine,Ritonavir,0
Daunorubicin,Parecoxib,0
Zolpidem,Fosaprepitant,0
Ubidecarenone,Sildenafil,0
Clonidine,Abiraterone,0
Artemether,Dronedarone,0
Toloxatone,Epoprostenol,0
Efavirenz,Sorafenib,0
Phenindione,Apixaban,1
Rolapitant,Delavirdine,0
Treprostinil,Zafirlukast,0
Boceprevir,Isavuconazonium,0
Propranolol,Theophylline,0
Bisoprolol,Tibolone,0
Doxazosin,Celecoxib,0
Rivaroxaban,Sevoflurane,1
Promazine,Sotalol,0
Paroxetine,Cobicistat,0
Acenocoumarol,Topiroxostat,0
Repaglinide,Olsalazine,1
Mitotane,Cyclophosphamide,0
Azelastine,Osimertinib,0
Glyburide,Toloxatone,1
Lumacaftor,Mefloquine,0
Carvedilol,Mexiletine,0
Rolapitant,Simeprevir,0
Methotrimeprazine,Buspirone,1
Tipranavir,Ziprasidone,0
Rifabutin,Haloperidol,0
Olopatadine,Telithromycin,0
Rifapentine,Propafenone,0
Ixazomib,Clopidogrel,0
Benzphetamine,Dronedarone,0
Escitalopram,Esomeprazole,0
Propranolol,Bortezomib,0
Desvenlafaxine,Saquinavir,0
Arformoterol,Darifenacin,0
Rifabutin,Sitagliptin,0
Lumacaftor,Nilvadipine,0
Indomethacin,Sorafenib,0
Warfarin,Fluconazole,0
Pindolol,Darifenacin,0
Progesterone,Celecoxib,0
Promethazine,Droperidol,1
Donepezil,Atomoxetine,0
Atomoxetine,Midostaurin,0
Iloperidone,Nilotinib,0
Phenoxybenzamine,Itraconazole,0
Haloperidol,Venlafaxine,1
Moclobemide,Leflunomide,0
Loratadine,Lapatinib,0
Nevirapine,Sulfisoxazole,0
Dabrafenib,Verapamil,0
Deferasirox,Ethinylestradiol,0
Toloxatone,Pargyline,0
Nicotine,Doxycycline,0
Pantoprazole,Fluvoxamine,0
Methotrimeprazine,Acebutolol,0
Fesoterodine,Sulfisoxazole,0
Rotigotine,Telithromycin,0
Rabeprazole,Luliconazole,0
Toremifene,Digoxin,0
Losartan,Lovastatin,0
Prucalopride,Quinine,0
Anagrelide,Sotalol,1
Quazepam,Clemastine,0
Mirtazapine,Mexiletine,0
Pazopanib,Imatinib,0
Droperidol,Ropinirole,0
Quinine,Moclobemide,1
Propafenone,Diltiazem,0
Digoxin,Propafenone,0
Cyclobenzaprine,Palbociclib,0
Estradiol,Valproic acid,0
Phenytoin,Indinavir,0
Pirlindole,Lercanidipine,0
Paroxetine,Pargyline,1
Pindolol,Seratrodast,0
Clomipramine,Stiripentol,0
Rifapentine,Modafinil,0
Oxprenolol,Paroxetine,0
Metamfetamine,Timolol,1
Vincristine,Fusidic acid,0
Warfarin,Valproic acid,0
Pseudoephedrine,Manidipine,0
Losartan,Fluvoxamine,0
Ropinirole,Tramadol,0
Tramadol,Pargyline,0
Nelfinavir,Isavuconazonium,0
Prochlorperazine,Indinavir,0
Polythiazide,Darifenacin,0
Droperidol,Trimethoprim,1
Cyclophosphamide,Tamoxifen,1
Secobarbital,Dosulepin,0
Carbamazepine,Quinine,0
Tizanidine,Dronabinol,1
Trimipramine,Ketoconazole,0
Tipranavir,Fluoxetine,0
Disopyramide,Toloxatone,1
Lorcaserin,Dosulepin,0
Fingolimod,Cocaine,0
Moclobemide,Stiripentol,0
Hydrocodone,Ticlopidine,0
Nevirapine,Darifenacin,0
Itraconazole,Simeprevir,0
Buprenorphine,Luliconazole,0
Ergotamine,Amprenavir,0
Rilpivirine,Omeprazole,0
Bendroflumethiazide,Gliclazide,0
Indinavir,Netupitant,0
Moclobemide,Bisoprolol,0
Silodosin,Imipramine,0
Tapentadol,Metamfetamine,0
Venlafaxine,Nefazodone,0
Naloxegol,Lapatinib,0
Saxagliptin,Atomoxetine,0
Deferasirox,Lopinavir,0
Captopril,Methylphenidate,0
Enzalutamide,Ibrutinib,0
Antipyrine,Verapamil,0
Orphenadrine,Saquinavir,0
Canagliflozin,Amiodarone,0
Mirabegron,Rolapitant,0
Dronedarone,Penbutolol,1
Parecoxib,Leflunomide,0
Lithium cation,Zuclopenthixol,1
Mianserin,Crizotinib,0
Alprenolol,Irbesartan,0
Ticagrelor,Dasatinib,0
Tapentadol,Ceritinib,0
Testosterone,Fluorouracil,0
Phenprocoumon,Etravirine,0
Fosphenytoin,Cilostazol,0
Rilpivirine,Atomoxetine,0
Tolvaptan,Fluvoxamine,0
Rabeprazole,Ivacaftor,0
Alogliptin,Manidipine,0
Acemetacin,Lercanidipine,0
Mesalazine,Verapamil,1
Perphenazine,Abiraterone,0
Glyburide,Nadolol,1
Brimonidine,Timolol,0
Mifepristone,Anagrelide,1
Zolpidem,Minocycline,1
Doxazosin,Voriconazole,0
Pirlindole,Carteolol,0
Glimepiride,Tofacitinib,0
Methylphenobarbital,Metipranolol,0
Furazolidone,Chlorthalidone,0
Sotalol,Doxazosin,0
Lumiracoxib,Cimetidine,0
Caffeine,Crizotinib,0
Ethinylestradiol,Rosiglitazone,0
Rosuvastatin,Levofloxacin,0
Cilostazol,Lidocaine,0
Metoprolol,Azelastine,0
Treprostinil,Hydroflumethiazide,0
Ibrutinib,Deslanoside,0
Losartan,Lapatinib,0
Cyclobenzaprine,Lopinavir,0
Terbinafine,Nefazodone,0
Prochlorperazine,Cinacalcet,0
Bromocriptine,Doxycycline,0
Primidone,Pentamidine,0
Sunitinib,Boceprevir,0
Ciprofloxacin,Posaconazole,1
Thalidomide,Phenytoin,1
Thioridazine,Protriptyline,1
Nicotine,Clomipramine,0
Topotecan,Chlorpropamide,0
Minaprine,Celecoxib,0
Tolbutamide,Leflunomide,0
Mycophenolate mofetil,Digitoxin,0
Thiopental,Diltiazem,0
Oxprenolol,Salicylic acid,0
Cocaine,Dronabinol,1
Topotecan,Imipramine,0
Amitriptyline,Terbinafine,0
Afatinib,Paroxetine,0
Hexobarbital,Fluvoxamine,0
Ranolazine,Atomoxetine,0
Methylphenobarbital,Fluoxetine,0
Clomipramine,Brimonidine,1
Progesterone,Thioridazine,0
Penbutolol,Bupranolol,0
Guanfacine,Mirtazapine,0
Suvorexant,Dronabinol,1
Asenapine,Amiodarone,0
Quinidine,Dronabinol,0
Donepezil,Haloperidol,0
Conivaptan,Nilvadipine,0
Fluorouracil,Ouabain,0
Pindolol,Yohimbine,0
Haloperidol,Losartan,0
Dihydroergotamine,Voriconazole,0
Selegiline,Crizotinib,0
Simeprevir,Teriflunomide,0
Fluvastatin,Lumacaftor,0
Nitrendipine,Macitentan,0
Canagliflozin,Aprepitant,0
Trichlormethiazide,Fluoxetine,0
Galantamine,Carvedilol,1
Acetylsalicylic acid,Topiroxostat,0
Formoterol,Desipramine,0
Quetiapine,Galantamine,1
Phenobarbital,Propafenone,0
Daunorubicin,Dabigatran etexilate,0
Mesalazine,Chloroquine,1
Saquinavir,Norfloxacin,1
Citalopram,Propofol,1
Tolterodine,Clomipramine,0
Rifabutin,Lapatinib,0
Diltiazem,Luliconazole,0
Conivaptan,Warfarin,0
Caffeine,Isradipine,0
Promethazine,Betaxolol,0
Suvorexant,Ziprasidone,1
Glyburide,Atenolol,1
Ceritinib,Cobicistat,0
Rifampicin,Acebutolol,0
Everolimus,Nelfinavir,0
Etravirine,Terbinafine,0
Tolvaptan,Vincristine,0
Edoxaban,Fluoxetine,0
Tramadol,Sorafenib,0
Yohimbine,Ketoconazole,0
Toloxatone,Chlorothiazide,0
Mianserin,Delavirdine,0
Amitriptyline,Stiripentol,0
Prochlorperazine,Rotigotine,0
Boceprevir,Ixazomib,0
Nicorandil,Bepridil,0
Cabergoline,Metipranolol,0
Mefloquine,Telaprevir,0
Rabeprazole,Olaparib,0
Selexipag,Topiroxostat,0
Macitentan,Cyclosporine,0
Bosutinib,Verapamil,0
Esmolol,Etoricoxib,0
Ziprasidone,Lapatinib,1
Glipizide,Testosterone,1
Doxepin,Ledipasvir,0
Phenytoin,Artemether,0
Nevirapine,Buprenorphine,0
Clozapine,Telaprevir,0
Selexipag,Fluvoxamine,0
Timolol,Moclobemide,0
Chloroquine,Abiraterone,0
Escitalopram,Nelfinavir,0
Betaxolol,Cobicistat,0
Rosuvastatin,Citalopram,0
Cisapride,Sertraline,1
Hydrocodone,Duloxetine,0
Amphetamine,Delavirdine,0
Progesterone,Etravirine,0
Felodipine,Osimertinib,0
Zuclopenthixol,Pramipexole,0
Pimozide,Ziprasidone,0
Netupitant,Fluconazole,0
Bosentan,Propofol,0
Warfarin,Sildenafil,0
Buspirone,Bortezomib,0
Estrone sulfate,Venlafaxine,0
Etoricoxib,Cholecalciferol,0
Amphetamine,Carteolol,0
Chlorpropamide,Pantoprazole,0
Disopyramide,Sitagliptin,1
Terbinafine,Modafinil,0
Zolpidem,Prochlorperazine,1
Etoricoxib,Zafirlukast,0
Carbamazepine,Tolterodine,0
Nefazodone,Pirlindole,1
Conivaptan,Levodopa,0
Quinine,Desvenlafaxine,1
Trichlormethiazide,Sertraline,0
Aprepitant,Estradiol,0
Dronabinol,Dasatinib,0
Sitagliptin,Desvenlafaxine,1
Nortriptyline,Luliconazole,0
Saquinavir,Palbociclib,0
Pitavastatin,Nicardipine,0
Tipranavir,Captopril,0
Timolol,Ziprasidone,0
Mifepristone,Pargyline,1
Pimozide,Lovastatin,0
Sotalol,Droperidol,1
Zolpidem,Quinine,0
Nortriptyline,Trimethoprim,0
Amobarbital,Methyclothiazide,0
Fosphenytoin,Doxepin,0
Cyproterone acetate,Mexiletine,0
Acemetacin,Enalapril,0
Nefazodone,Darunavir,0
Doxorubicin,Mycophenolate mofetil,0
Clomipramine,Ixazomib,0
Chloroquine,Bortezomib,1
Tipranavir,Crizotinib,0
Fosphenytoin,Crisaborole,0
Dronedarone,Venlafaxine,1
Mefloquine,Boceprevir,0
Azelastine,Dihydroergotamine,0
Edoxaban,Progesterone,0
Disopyramide,Nadolol,1
Pimozide,Trimethoprim,1
Ibrutinib,Ergotamine,0
Alfuzosin,Venlafaxine,0
Daunorubicin,Nelfinavir,0
Toloxatone,Enalaprilat,0
Ropinirole,Imatinib,0
Carvedilol,Seratrodast,0
Selexipag,Abiraterone,0
Haloperidol,Abiraterone,0
Dabrafenib,Pitavastatin,0
Amoxapine,Rivaroxaban,0
Methadone,Diphenhydramine,1
Rucaparib,Terbinafine,0
Pioglitazone,Fosamprenavir,0
Rifaximin,Estrone sulfate,0
Saquinavir,Pentamidine,1
Crizotinib,Sulfamethoxazole,1
Bupropion,Rabeprazole,0
Fluoxetine,Toloxatone,1
Canagliflozin,Dabigatran etexilate,0
Hexobarbital,Darunavir,0
Citalopram,Delavirdine,0
Mirabegron,Telaprevir,0
Epinastine,Ropinirole,0
Rasagiline,Polythiazide,0
Argatroban,Tipranavir,1
Lapatinib,Amiodarone,0
Haloperidol,Promethazine,1
Pargyline,Bupranolol,0
Vardenafil,Bupranolol,0
Artemether,Methotrimeprazine,1
Zuclopenthixol,Fluvoxamine,0
Warfarin,Argatroban,1
Pentobarbital,Naloxegol,0
Ethanol,Osimertinib,0
Darifenacin,Posaconazole,0
Glipizide,Nefazodone,0
Disopyramide,Atenolol,1
Dronabinol,Ketoconazole,0
Doxorubicin,Dasatinib,0
Celecoxib,Sildenafil,0
Trichlormethiazide,Metipranolol,0
Phenobarbital,Esmolol,0
Cholecalciferol,Cyclosporine,0
Pioglitazone,Sulfadiazine,0
Meloxicam,Omeprazole,0
Dabrafenib,Tolazamide,0
Vemurafenib,Nateglinide,0
Clonidine,Doxylamine,1
Lumacaftor,Venlafaxine,0
Deferasirox,Imatinib,0
Efavirenz,Isavuconazonium,0
Eliglustat,Ciprofloxacin,1
Cocaine,Palbociclib,0
Bisoprolol,Tranylcypromine,0
Propafenone,Atazanavir,0
Celiprolol,Chlorothiazide,0
Phenprocoumon,Midostaurin,0
Sulfadiazine,Desvenlafaxine,1
Chlorthalidone,Tolbutamide,0
Pentamidine,Indapamide,1
Loratadine,Nabilone,1
Risperidone,Pramipexole,0
Lapatinib,Rosiglitazone,0
Irbesartan,Ketoconazole,0
Estradiol,Ceritinib,0
Tolvaptan,Cabergoline,0
Bromocriptine,Ketoconazole,0
Rifampicin,Dronedarone,0
Bosentan,Everolimus,0
Gemifloxacin,Itraconazole,1
Ziprasidone,Tolazamide,0
Celecoxib,Ticlopidine,0
Cinacalcet,Lobeglitazone,0
Bendroflumethiazide,Enalaprilat,0
Estradiol,Tolbutamide,0
Carvedilol,Olsalazine,0
Clotrimazole,Clopidogrel,0
Ixazomib,Betaxolol,0
Ziprasidone,Itraconazole,0
Rivaroxaban,Argatroban,1
Etravirine,Saxagliptin,0
Clozapine,Imipramine,1
Primidone,Lercanidipine,0
Vemurafenib,Olaparib,0
Rasagiline,Atomoxetine,1
Polythiazide,Glyburide,0
Ibuprofen,Sulfadiazine,0
Deferasirox,Loratadine,0
Amprenavir,Rolapitant,0
Lovastatin,Aprepitant,0
Formoterol,Moclobemide,0
Disopyramide,Boceprevir,0
Nicorandil,Conivaptan,0
Alprenolol,Clotrimazole,0
Citalopram,Lovastatin,0
Olaparib,Clarithromycin,0
Minaprine,Tipranavir,0
Imipramine,Risperidone,0
Nadolol,Levodopa,0
Indinavir,Etravirine,0
Domperidone,Clomipramine,1
Everolimus,Sertraline,0
Ibuprofen,Tolbutamide,0
Everolimus,Nateglinide,0
Ritonavir,Dabigatran etexilate,0
Dextroamphetamine,Desipramine,0
Boceprevir,Telaprevir,0
Nefazodone,Dabigatran etexilate,0
Mirabegron,Doxycycline,0
Guanfacine,Dorzolamide,0
Amoxapine,Saxagliptin,0
Pseudoephedrine,Carvedilol,1
Benzphetamine,Prochlorperazine,0
Promazine,Fosaprepitant,0
Selegiline,Fosaprepitant,0
Artemether,Topiroxostat,0
Naloxegol,Etravirine,0
Tranylcypromine,Tamoxifen,0
Mestranol,Fluvoxamine,0
Donepezil,Clobazam,0
Silodosin,Protriptyline,0
Verapamil,Saquinavir,0
Antipyrine,Clemastine,0
Ondansetron,Topiroxostat,0
Mianserin,Bromocriptine,0
Bromocriptine,Itraconazole,0
Fosphenytoin,Ibuprofen,0
Dronabinol,Verapamil,0
Pentobarbital,Nateglinide,0
Fosphenytoin,Atomoxetine,0
Argatroban,Chloroquine,1
Indinavir,Palbociclib,0
Thalidomide,Voriconazole,0
Secobarbital,Clozapine,0
Quazepam,Ceritinib,0
Ledipasvir,Ciprofloxacin,0
Thioridazine,Tranylcypromine,0
Promethazine,Nebivolol,0
Glipizide,Irbesartan,0
Gliclazide,Fluvoxamine,0
Pargyline,Nicorandil,0
Primaquine,Lopinavir,0
Enzalutamide,Modafinil,0
Indapamide,Netupitant,0
Promethazine,Rucaparib,0
Asenapine,Clarithromycin,0
Nafamostat,Theophylline,0
Minaprine,Diltiazem,0
Methotrimeprazine,Doxepin,1
Pioglitazone,Ivacaftor,0
Rifaximin,Azelastine,0
Everolimus,Propranolol,0
Asenapine,Abiraterone,0
Metoprolol,Ketoconazole,0
Phenytoin,Ethanol,1
Lithium cation,Sodium oxybate,1
Phenobarbital,Rilpivirine,0
Gemifloxacin,Moexipril,1
Olanzapine,Tolazamide,0
Ivacaftor,Osimertinib,0
Methohexital,Diltiazem,0
Anagrelide,Arformoterol,1
Lumiracoxib,Paroxetine,0
Rotigotine,Darifenacin,0
Nateglinide,Leflunomide,0
Azelastine,Fluvastatin,0
Amprenavir,Doxycycline,0
Fosphenytoin,Selexipag,0
Eliglustat,Lapatinib,1
Rifabutin,Fluconazole,0
Mianserin,Lidocaine,0
Pioglitazone,Posaconazole,0
Metipranolol,Acetyldigitoxin,1
Methadone,Modafinil,0
Doxorubicin,Ledipasvir,0
Lumefantrine,Indinavir,0
Deferasirox,Fluvastatin,0
Ximelagatran,Abiraterone,0
Donepezil,Olaparib,0
Tramadol,Lovastatin,0
Desvenlafaxine,Fosamprenavir,0
Pravastatin,Fluorouracil,0
Modafinil,Simeprevir,0
Ranolazine,Cimetidine,0
Warfarin,Fluoxetine,0
Lovastatin,Telaprevir,0
Labetalol,Fluvoxamine,0
Doxepin,Tipranavir,0
Ciprofloxacin,Atomoxetine,1
Donepezil,Eliglustat,0
Pimozide,Vemurafenib,0
Cabergoline,Fosaprepitant,0
Ubidecarenone,Ritonavir,0
Ticlopidine,Cinacalcet,0
Carbamazepine,Yohimbine,0
Tramadol,Isavuconazonium,0
Rivaroxaban,Netupitant,0
Desvenlafaxine,Imatinib,0
Domperidone,Clemastine,0
Pazopanib,Doxorubicin,0
Toremifene,Promethazine,1
Toremifene,Dosulepin,0
Sulfadiazine,Telaprevir,0
Cyproterone acetate,Pioglitazone,0
Quazepam,Isradipine,0
Nicardipine,Dihydroergotamine,0
Topotecan,Rilpivirine,0
Olopatadine,Clemastine,0
Bisoprolol,Itraconazole,0
Metoprolol,Methylphenidate,0
Carteolol,Tranylcypromine,0
Iloperidone,Sevoflurane,1
Teriflunomide,Olanzapine,0
Colchicine,Stiripentol,0
Pregabalin,Pramipexole,0
Anagrelide,Droperidol,1
Lumefantrine,Darunavir,0
Quinine,Levofloxacin,1
Pentamidine,Mefloquine,1
Venlafaxine,Manidipine,0
Aprepitant,Luliconazole,0
Idarubicin,Fesoterodine,0
Pentamidine,Pantoprazole,0
Indapamide,Amiodarone,0
Dextroamphetamine,Nilotinib,0
Theophylline,Levofloxacin,0
Bosentan,Phenindione,0
Lithium cation,Olanzapine,1
Methylphenidate,Citalopram,0
Vardenafil,Telithromycin,0
Azelastine,Sulfisoxazole,0
Estrone,Atazanavir,0
Tofacitinib,Nadolol,1
Bepridil,Nevirapine,0
Mifepristone,Phenelzine,1
Zileuton,Cobicistat,0
Dolasetron,Verapamil,0
Fluconazole,Progesterone,0
Lumefantrine,Sildenafil,0
Diltiazem,Darunavir,0
Phenytoin,Sorafenib,0
Repaglinide,Tolazamide,1
Rucaparib,Quinidine,0
Naloxegol,Dasatinib,0
Darifenacin,Mianserin,0
Thioridazine,Gemifloxacin,1
Quinine,Tamoxifen,0
Esmolol,Meloxicam,0
Ximelagatran,Aminophylline,0
Amprenavir,Tolbutamide,0
Zolpidem,Isavuconazonium,0
Seratrodast,Palbociclib,0
Cholecalciferol,Clarithromycin,0
Pirlindole,Alprenolol,0
Ziprasidone,Doxylamine,1
Cisapride,Esomeprazole,0
Bupranolol,Mycophenolate mofetil,0
Dabrafenib,Trimethoprim,0
Ropinirole,Alprenolol,1
Acenocoumarol,Ketoconazole,0
Fosphenytoin,Timolol,0
Lercanidipine,Celiprolol,0
Celiprolol,Parecoxib,0
Nicotine,Erythromycin,0
Macitentan,Moclobemide,0
Terbinafine,Sulfisoxazole,0
Hexobarbital,Cyclosporine,0
Clozapine,Lumefantrine,0
Zolpidem,Pentamidine,0
Desipramine,Saxagliptin,0
Desipramine,Sitagliptin,0
Domperidone,Telithromycin,0
Chlorthalidone,Treprostinil,0
Pazopanib,Atazanavir,0
Hexobarbital,Fusidic acid,0
Crizotinib,Amiodarone,0
Pindolol,Silodosin,0
Carbamazepine,Doxazosin,0
Carbamazepine,Daunorubicin,0
Mefloquine,Luliconazole,0
Fingolimod,Lopinavir,0
Primidone,Phenoxybenzamine,0
Tofacitinib,Esomeprazole,0
Antipyrine,Imatinib,0
Dofetilide,Fluvoxamine,0
Nicardipine,Tranylcypromine,0
Amitriptyline,Cinacalcet,0
Olanzapine,Cobicistat,0
Lorcaserin,Betaxolol,0
Disopyramide,Atazanavir,0
Lidocaine,Darifenacin,0
Valproic acid,Cimetidine,0
Rifapentine,Lorcaserin,0
Ibrutinib,Rolapitant,0
Bisoprolol,Aminophylline,0
Tolvaptan,Idelalisib,0
Bosentan,Atomoxetine,0
Pirlindole,Torasemide,0
Telaprevir,Dabigatran etexilate,0
Aprepitant,Tapentadol,0
Desipramine,Cinacalcet,0
Mexiletine,Doxorubicin,0
Chlorpromazine,Sulfisoxazole,1
Pentobarbital,Luliconazole,0
Ziprasidone,Lobeglitazone,0
Bisoprolol,Epoprostenol,0
Levofloxacin,Itraconazole,1
Hexobarbital,Carteolol,0
Tacrolimus,Mifepristone,1
Betaxolol,Haloperidol,0
Rifampicin,Donepezil,0
Nevirapine,Topiroxostat,0
Levomilnacipran,Felodipine,0
Nilvadipine,Ketoconazole,0
Mirtazapine,Amobarbital,1
Macitentan,Telaprevir,0
Diclofenac,Crisaborole,0
Diltiazem,Paroxetine,0
Perphenazine,Fosamprenavir,0
Ketoconazole,Nelfinavir,0
Ibrutinib,Saquinavir,0
Thiopental,Valproic acid,0
Primaquine,Aprepitant,0
Phenytoin,Nortriptyline,0
Dronedarone,Ticlopidine,0
Amiodarone,Bopindolol,1
Tapentadol,Quinidine,0
Macitentan,Darunavir,0
Amobarbital,Nadolol,0
Chlorthalidone,Darifenacin,0
Alprenolol,Macitentan,0
Trimethoprim,Indinavir,0
Nortriptyline,Tipranavir,0
Crizotinib,Dasatinib,0
Estrone sulfate,Chlorpropamide,0
Suvorexant,Risperidone,1
Methotrimeprazine,Rotigotine,0
Oxprenolol,Carvedilol,0
Propofol,Telithromycin,0
Clonidine,Stiripentol,0
Haloperidol,Dosulepin,0
Tapentadol,Losartan,0
Tofacitinib,Isoniazid,0
Enzalutamide,Riociguat,0
Fluvoxamine,Clemastine,0
Cyclobenzaprine,Clotrimazole,0
Terbinafine,Saquinavir,0
Enzalutamide,Phenytoin,0
Digoxin,Ziprasidone,0
Azelastine,Simeprevir,0
Sevoflurane,Levodopa,0
Clobazam,Boceprevir,0
Bupropion,Erythromycin,0
Aminophylline,Fosaprepitant,0
Doxazosin,Cholecalciferol,0
Acenocoumarol,Midostaurin,0
Fluvastatin,Saxagliptin,0
Rifaximin,Afatinib,0
Protriptyline,Rivaroxaban,0
Ondansetron,Clozapine,1
Thalidomide,Modafinil,0
Tramadol,Imatinib,0
Etoricoxib,Promazine,0
Bromocriptine,Dolasetron,1
Lidocaine,Rosiglitazone,0
Fluvastatin,Rolapitant,0
Chloroquine,Terbinafine,0
Galantamine,Metoprolol,1
Theophylline,Trimethoprim,0
Cabergoline,Dronedarone,0
